Price,Close,High,Low,Open,Volume
Ticker,TATAMOTORS.NS,TATAMOTORS.NS,TATAMOTORS.NS,TATAMOTORS.NS,TATAMOTORS.NS
Date,,,,,
1991-01-02,15.508463859558105,15.508463859558105,14.87113019179915,14.87113019179915,0
1991-01-03,15.508463859558105,15.508463859558105,14.87113019179915,14.87113019179915,0
1991-01-04,15.508463859558105,15.508463859558105,15.508463859558105,15.508463859558105,0
1991-01-07,14.977356910705566,15.083579444110345,14.233800530163329,14.446244243681678,0
1991-01-08,14.977356910705566,14.977356910705566,14.977356910705566,14.977356910705566,0
1991-01-09,14.552460670471191,15.0835731146256,14.233794557269187,15.0835731146256,0
1991-01-10,14.552460670471191,14.552460670471191,14.552460670471191,14.552460670471191,0
1991-01-11,14.871131896972656,14.871131896972656,14.233798156134892,14.44624183422016,0
1991-01-14,14.446236610412598,14.658681564968038,14.233793009147648,14.658681564968038,0
1991-01-15,14.446236610412598,14.446236610412598,14.446236610412598,14.446236610412598,0
1991-01-16,14.446236610412598,14.446236610412598,14.446236610412598,14.446236610412598,0
1991-01-17,14.446236610412598,14.446236610412598,14.446236610412598,14.446236610412598,0
1991-01-18,14.446236610412598,14.446236610412598,14.446236610412598,14.446236610412598,0
1991-01-21,14.446236610412598,14.446236610412598,14.446236610412598,14.446236610412598,0
1991-01-22,14.446236610412598,14.446236610412598,14.446236610412598,14.446236610412598,0
1991-01-23,14.233796119689941,14.658684768362166,14.021351118708433,14.658684768362166,0
1991-01-24,14.021350860595703,14.021350860595703,13.808905863525,14.021350860595703,0
1991-01-25,13.596461296081543,14.021351303648819,13.384017645588711,14.021351303648819,0
1991-01-28,13.596461296081543,13.596461296081543,13.596461296081543,13.596461296081543,0
1991-01-29,13.596461296081543,13.596461296081543,13.596461296081543,13.596461296081543,0
1991-01-30,13.596461296081543,13.596461296081543,13.596461296081543,13.596461296081543,0
1991-01-31,13.808907508850098,14.23379755361696,13.70268499765838,14.23379755361696,0
1991-02-01,14.021350860595703,14.021350860595703,13.70268336498965,13.808905863525,0
1991-02-04,14.233796119689941,14.658684768362166,14.021351118708433,14.44623976738066,0
1991-02-05,14.233796119689941,14.44623976738066,14.021351118708433,14.44623976738066,0
1991-02-06,14.233796119689941,14.340017266889907,14.1275722659084,14.23379611968994,0
1991-02-07,13.808907508850098,13.808907508850098,13.49023997527495,13.596462486466665,0
1991-02-08,13.384018898010254,13.70268508021438,13.384018898010254,13.596462568382693,0
1991-02-11,12.959129333496094,13.171574365074436,12.640461786128581,13.171574365074436,0
1991-02-12,12.959129333496094,12.959129333496094,12.959129333496094,12.959129333496094,0
1991-02-13,12.215571403503418,12.746683968559319,12.215571403503418,12.534238942536959,0
1991-02-14,12.42801570892334,12.746683229479869,12.321794555362032,12.42801570892334,0
1991-02-15,12.534236907958984,12.746681899496924,12.109348278173831,12.640459403727954,0
1991-02-18,12.534236907958984,12.534236907958984,12.534236907958984,12.534236907958984,0
1991-02-19,14.446236610412598,14.871126519523479,14.021348054592208,14.021348054592208,0
1991-02-20,14.127573013305664,14.127573013305664,13.596461836045075,13.808906848265654,0
1991-02-21,14.021350860595703,14.552461999981697,14.021350860595703,14.552461999981697,0
1991-02-22,14.658682823181152,14.87112779597159,14.446237850390713,14.658682823181152,0
1991-02-25,14.658682823181152,14.658682823181152,14.658682823181152,14.658682823181152,0
1991-02-26,15.827134132385254,16.145800345235983,14.658687743156419,14.871132787250945,0
1991-02-27,16.358243942260742,16.464466454911435,15.508465194346138,16.145798916959354,0
1991-02-28,15.933354377746582,16.358243051933062,15.933354377746584,16.25202189835459,0
1991-03-01,15.933354377746582,15.933354377746584,15.933354377746584,15.933354377746584,0
1991-03-04,15.933354377746582,16.14579803819439,14.658685648605413,15.72090936400791,0
1991-03-05,16.145793914794922,16.145793914794922,15.720905349118764,15.720905349118764,0
1991-03-06,16.145793914794922,16.145793914794922,16.145793914794922,16.145793914794922,0
1991-03-07,15.508463859558105,15.508463859558105,14.87113019179915,14.87113019179915,0
1991-03-08,15.720906257629395,15.720906257629396,14.871127723877889,14.977350209758152,0
1991-03-11,15.402240753173828,15.508463252524352,15.083574608413024,15.296018253823302,0
1991-03-12,15.402240753173828,15.402240753173828,14.871129609711973,15.296018253823302,0
1991-03-13,15.402240753173828,15.508463252524352,15.083574608413024,15.18979710776355,0
1991-03-14,15.402240753173828,15.402240753173828,15.402240753173828,15.402240753173828,0
1991-03-15,15.402240753173828,15.720908251225405,15.083574608413024,15.083574608413024,0
1991-03-18,15.083576202392578,15.29601987025316,14.871131181241081,15.083576202392578,0
1991-03-19,15.083576202392578,15.083576202392578,15.083576202392578,15.083576202392578,0
1991-03-20,14.871131896972656,15.083576928348904,14.233798156134892,14.871131896972656,0
1991-03-21,14.871131896972656,14.97735441266078,14.44624183422016,14.44624183422016,0
1991-03-22,14.658682823181152,15.29601638826186,14.658682823181152,15.083572768762028,0
1991-03-25,14.871131896972656,14.871131896972656,14.44624183422016,14.658686865596408,0
1991-03-26,14.764906883239746,14.871129380956301,14.446239390090083,14.446239390090083,0
1991-03-27,14.658682823181152,15.083572768762028,14.658682823181152,14.658682823181152,0
1991-03-28,14.658682823181152,14.658682823181152,14.658682823181152,14.658682823181152,0
1991-03-29,14.658682823181152,14.658682823181152,14.658682823181152,14.658682823181152,0
1991-04-01,15.296013832092285,15.296013832092285,14.8711253108066,14.8711253108066,0
1991-04-02,15.933354377746582,15.933354377746584,15.508464350269238,15.508464350269238,0
1991-04-03,16.145793914794922,16.35823887427826,15.827127828860434,15.933350308602105,0
1991-04-04,16.25201988220215,16.25201988220215,15.720907413742887,15.720907413742887,0
1991-04-05,17.1018009185791,17.208022074136185,16.14579833894731,16.14579833894731,0
1991-04-08,18.057798385620117,18.16402223360579,17.63290976013098,17.845354749520904,0
1991-04-09,18.057798385620117,18.695133353789892,17.845354749520904,17.845354749520904,0
1991-04-10,18.057798385620117,18.057798385620117,18.057798385620117,18.057798385620117,0
1991-04-11,18.376468658447266,18.376468658447266,18.057801126002616,18.057801126002616,0
1991-04-12,19.0137996673584,19.544910754846548,18.90757717920264,19.0137996673584,0
1991-04-15,19.332468032836914,19.9698030360892,19.226245532294865,19.54491303392101,0
1991-04-16,19.0137996673584,19.544910754846548,18.482687226579618,19.544910754846548,0
1991-04-17,19.0137996673584,19.0137996673584,19.0137996673584,19.0137996673584,0
1991-04-18,18.907577514648438,19.22624363147864,18.376465064447007,18.695132534567865,0
1991-04-19,19.12002182006836,19.43868792565425,18.907576847484027,18.907576847484027,0
1991-04-22,19.332468032836914,19.43869053337896,18.90757938395951,19.120024385043607,0
1991-04-23,19.12002182006836,19.226242953069917,18.907576847484027,19.01379933377619,0
1991-04-24,19.12002182006836,19.332465439362085,18.907576847484027,19.12002182006836,0
1991-04-25,19.12002182006836,19.544910411946415,19.01379933377619,19.43868792565425,0
1991-04-26,19.12002182006836,19.43868792565425,19.01379933377619,19.332465439362085,0
1991-04-29,19.12002182006836,19.226242953069917,18.695131874899694,18.907576847484027,0
1991-04-30,18.907577514648438,19.120022494729007,18.801355024608153,18.907577514648438,0
1991-05-01,18.907577514648438,18.907577514648438,18.907577514648438,18.907577514648438,0
1991-05-02,18.907577514648438,18.907577514648438,18.907577514648438,18.907577514648438,0
1991-05-03,19.757362365722656,20.288473631559107,19.651139841897148,19.757362365722656,0
1991-05-06,19.226247787475586,19.757360352483722,19.120026627764904,19.651137839482093,0
1991-05-07,19.226247787475586,19.43869281347884,18.90758160176165,19.01380411476328,0
1991-05-08,19.332468032836914,19.757358035005105,19.332468032836914,19.757358035005105,0
1991-05-09,19.226247787475586,19.332470300477212,19.120026627764904,19.226247787475586,0
1991-05-10,19.544912338256836,19.757357331779353,19.438689841495577,19.438689841495577,0
1991-05-13,19.332468032836914,19.86358053554715,19.332468032836914,19.54491303392101,0
1991-05-14,19.438690185546875,19.438690185546875,19.12002404291367,19.332467686905552,0
1991-05-15,19.438690185546875,19.438690185546875,19.438690185546875,19.438690185546875,0
1991-05-16,19.226247787475586,19.43869281347884,19.120026627764904,19.332470300477212,0
1991-05-17,19.226247787475586,19.544915326480467,19.226247787475586,19.332470300477212,0
1991-05-20,19.226247787475586,19.332470300477212,19.01380411476328,19.120026627764904,0
1991-05-21,19.544912338256836,19.651134835018095,19.22624484797306,19.22624484797306,0
1991-05-22,19.544912338256836,19.544912338256836,19.544912338256836,19.544912338256836,0
1991-05-23,19.226247787475586,19.43869281347884,19.120026627764904,19.120026627764904,0
1991-05-24,19.226247787475586,19.226247787475586,19.226247787475586,19.226247787475586,0
1991-05-27,19.12002182006836,19.332465439362085,19.01379933377619,19.12002182006836,0
1991-05-28,19.12002182006836,19.12002182006836,19.12002182006836,19.12002182006836,0
1991-05-29,19.12002182006836,19.12002182006836,19.12002182006836,19.12002182006836,0
1991-05-30,19.0137996673584,19.332465778535035,18.90757717920264,19.332465778535035,0
1991-05-31,19.332468032836914,20.394691684966602,18.695134382875416,18.801356883417462,0
1991-06-03,19.12002182006836,19.332465439362085,19.01379933377619,19.226242953069917,0
1991-06-04,19.12002182006836,19.332465439362085,19.01379933377619,19.01379933377619,0
1991-06-05,19.0137996673584,19.438688266690793,18.801354691046885,19.120022155514153,0
1991-06-06,18.907577514648438,19.43868861155921,18.907577514648438,19.43868861155921,0
1991-06-07,18.907577514648438,19.22624363147864,18.695132534567865,19.120022494729007,0
1991-06-10,18.907577514648438,18.907577514648438,18.907577514648438,18.907577514648438,0
1991-06-11,19.12002182006836,19.332465439362085,18.907576847484027,19.226242953069917,0
1991-06-12,19.438690185546875,19.438690185546875,19.12002404291367,19.332467686905552,0
1991-06-13,19.12002182006836,19.651132898238583,18.907576847484027,19.43868792565425,0
1991-06-14,19.12002182006836,19.12002182006836,19.12002182006836,19.12002182006836,0
1991-06-17,19.438690185546875,19.757357681470843,19.332467686905552,19.757357681470843,0
1991-06-18,20.076026916503906,20.182249424346878,19.438691869446078,19.757359392974994,0
1991-06-19,20.076026916503906,20.39469308674194,19.863581900817962,19.969804408660934,0
1991-06-20,20.607135772705078,21.032025756041374,20.39469078103693,20.39469078103693,0
1991-06-21,20.607135772705078,20.607135772705078,20.607135772705078,20.607135772705078,0
1991-06-24,19.544912338256836,21.13824708309424,19.438689841495577,21.032025939623722,0
1991-06-25,19.86358070373535,19.86358070373535,19.332468196528097,19.332468196528097,0
1991-06-26,18.907577514648438,20.076023551800926,18.482687554487296,19.651133591639784,0
1991-06-27,19.969806671142578,19.969806671142578,18.69513778590404,18.90758282565897,0
1991-06-28,19.226247787475586,20.394694077202537,19.01380411476328,20.18225040449023,0
1991-07-01,19.226247787475586,19.226247787475586,19.226247787475586,19.226247787475586,0
1991-07-02,19.969806671142578,20.07602919102004,19.651139111510187,19.863584151265112,0
1991-07-03,19.757362365722656,20.076029937199177,19.438694794246135,19.969807413373672,0
1991-07-04,19.332468032836914,19.651135534463055,19.120024385043607,19.54491303392101,0
1991-07-05,19.757362365722656,20.182252461024685,19.544917318071644,19.544917318071644,0
1991-07-08,19.757362365722656,20.076029937199177,19.544917318071644,19.544917318071644,0
1991-07-09,20.076026916503906,20.182249424346878,19.757359392974994,19.757359392974994,0
1991-07-10,20.607135772705078,21.13824689858472,20.607135772705078,20.819580764373224,0
1991-07-11,21.244474411010742,21.45691808602099,20.394694297805906,20.394694297805906,0
1991-07-12,21.244474411010742,21.88180814262341,21.03202938270953,21.6693631143222,0
1991-07-15,20.607135772705078,21.13824689858472,20.607135772705078,20.9258032602073,0
1991-07-16,20.92580795288086,21.032030472535645,20.288472834952152,20.394695354606938,0
1991-07-17,20.819583892822266,21.244473940004546,20.60713886923112,21.032028916413406,0
1991-07-18,20.819583892822266,20.819583892822266,20.819583892822266,20.819583892822266,0
1991-07-19,20.819583892822266,20.925806404617834,20.60713886923112,20.60713886923112,0
1991-07-22,20.39468765258789,20.713355091208026,20.182244046798317,20.607132611667982,0
1991-07-23,20.39468765258789,20.39468765258789,20.39468765258789,20.39468765258789,0
1991-07-24,20.500911712646484,20.925801663563576,20.39468922491721,20.500911712646484,0
1991-07-25,21.456912994384766,21.669357972273666,20.819579414008707,20.819579414008707,0
1991-07-26,22.20047378540039,23.156475035936378,21.881807604082343,22.094252627154994,0
1991-07-29,22.625364303588867,23.581365574070343,22.306698115622346,22.306698115622346,0
1991-07-30,22.41291618347168,22.625361181662765,22.094250039475824,22.094250039475824,0
1991-07-31,22.09424591064453,22.41291199509011,21.563133514417707,21.881800952153803,0
1991-08-01,22.519140243530273,22.837806409615165,22.200472724154515,22.200472724154515,0
1991-08-02,22.519140243530273,22.94402891607375,22.306696583903964,22.94402891607375,0
1991-08-05,22.94403076171875,23.368920821731752,21.881808318268188,22.09425334827469,0
1991-08-06,22.94403076171875,22.94403076171875,22.94403076171875,22.94403076171875,0
1991-08-07,23.475141525268555,24.21869907291446,23.262696511655438,23.793809045688228,0
1991-08-08,23.475141525268555,23.58136403207511,22.306696656978147,23.156474004848878,0
1991-08-09,23.90003204345703,24.112477061434262,23.47514200750257,23.47514200750257,0
1991-08-12,24.53736114501953,24.749803404879895,23.793803762474283,24.21869369535728,0
1991-08-13,25.493366241455078,25.812033759292795,25.280921229563265,25.38714373550917,0
1991-08-14,25.918258666992188,26.130703698570528,25.493368603835503,25.705813635413843,0
1991-08-15,25.918258666992188,25.918258666992188,25.918258666992188,25.918258666992188,0
1991-08-16,26.13069725036621,26.555587208673902,25.81202978163544,26.343142229520055,0
1991-08-19,26.13069725036621,26.9804744604003,25.705807292058516,26.76803218782775,0
1991-08-20,25.599590301513672,26.130702863486245,25.38714527672464,25.705812813908185,0
1991-08-21,25.812036514282227,25.918259031565555,25.17470141058227,25.17470141058227,0
1991-08-22,26.555587768554688,26.98047502923913,26.449365276738238,26.768032752187587,0
1991-08-23,27.086694717407227,27.511584640694164,26.236917577414424,26.449362539057894,0
1991-08-26,28.255149841308594,28.467594861860878,27.61781477965173,27.724037289927875,0
1991-08-27,28.042701721191406,28.14892421972676,27.724034225585353,27.830256724120705,0
1991-08-28,28.255149841308594,28.467594861860878,28.042704820756306,28.042704820756306,0
1991-08-29,28.255149841308594,28.255149841308594,28.255149841308594,28.255149841308594,0
1991-08-30,27.830259323120117,28.04270434003054,27.192924272388858,27.29914678084407,0
1991-09-02,27.830259323120117,27.830259323120117,27.830259323120117,27.830259323120117,0
1991-09-03,27.511594772338867,28.042707372039402,27.40537225239876,27.617817292278975,0
1991-09-04,27.40536880493164,27.617813818087267,26.980478778620384,27.19292379177601,0
1991-09-05,28.14891815185547,28.361363103130856,27.7240282493047,27.93647320058008,0
1991-09-06,28.255149841308594,28.786259686107485,28.255149841308594,28.255149841308594,0
1991-09-09,28.255149841308594,28.255149841308594,28.255149841308594,28.255149841308594,0
1991-09-10,27.936481475830078,28.57381651844547,27.93648147583008,28.042703982932643,0
1991-09-11,27.936481475830078,27.93648147583008,27.93648147583008,27.93648147583008,0
1991-09-12,27.936481475830078,27.93648147583008,27.93648147583008,27.93648147583008,0
1991-09-13,28.573816299438477,28.680036099145166,27.8302587554196,28.255148780573244,0
1991-09-16,29.104921340942383,29.211143829773267,28.680031385618857,29.104921340942383,0
1991-09-17,28.361366271972656,28.680031027909504,28.042698809454567,28.680031027909504,0
1991-09-18,28.14891815185547,28.89247277473838,28.042695676217775,28.255140627493162,0
1991-09-19,28.14891815185547,28.14891815185547,28.14891815185547,28.14891815185547,0
1991-09-20,27.617815017700195,28.46759510723392,27.40536999531676,28.46759510723392,0
1991-09-23,27.617815017700195,27.617815017700195,27.617815017700195,27.617815017700195,0
1991-09-24,27.192922592163086,27.405367595946725,26.768035291177423,27.405367595946725,0
1991-09-25,27.086694717407227,27.511584640694164,26.98047223658549,26.98047223658549,0
1991-09-26,26.13069725036621,26.9804744604003,25.81202978163544,26.76803218782775,0
1991-09-27,27.724037170410156,27.724037170410156,26.768037288627983,26.768037288627983,0
1991-09-30,27.511594772338867,28.14892989197951,27.40537225239876,28.042707372039402,0
1991-10-01,27.299144744873047,27.617812246472447,26.98047724327365,27.617812246472447,0
1991-10-02,27.299144744873047,27.29914474487305,27.29914474487305,27.29914474487305,0
1991-10-03,26.555587768554688,26.768032752187587,26.34314278492179,26.555587768554688,0
1991-10-04,25.705810546875,26.555590571087773,25.49336554082181,26.130700558981385,0
1991-10-07,26.343141555786133,26.76803150322713,26.236919068925882,26.236919068925882,0
1991-10-08,26.343141555786133,26.343141555786133,26.343141555786133,26.343141555786133,0
1991-10-09,26.13069725036621,26.13069725036621,25.493362312904672,25.705807292058516,0
1991-10-10,26.874256134033203,27.19292365213017,26.343146310453317,26.55559132251796,0
1991-10-11,26.874256134033203,27.19292365213017,26.66181112196856,26.66181112196856,0
1991-10-14,26.555587768554688,26.98047502923913,26.23692029310534,26.98047502923913,0
1991-10-15,26.661808013916016,26.768033214147042,26.23692074589892,26.44936573319817,0
1991-10-16,27.192922592163086,27.405367595946725,26.87425508648763,26.87425508648763,0
1991-10-17,27.192922592163086,27.192922592163086,27.192922592163086,27.192922592163086,0
1991-10-18,27.192922592163086,27.511590097838543,27.08670009027127,27.405367595946725,0
1991-10-21,27.086694717407227,27.086694717407227,26.661804794120286,26.661804794120286,0
1991-10-22,27.086694717407227,27.086694717407227,26.661804794120286,26.661804794120286,0
1991-10-23,27.5328311920166,27.575321812301002,27.086697271809022,27.299142253487044,0
1991-10-24,27.830259323120117,28.68003668418002,27.787768695788966,28.255149356940958,0
1991-10-25,27.830259323120117,27.830259323120117,27.830259323120117,27.830259323120117,0
1991-10-28,27.830259323120117,27.830259323120117,27.830259323120117,27.830259323120117,0
1991-10-29,29.104921340942383,29.147411960423504,28.38261058215741,28.637543472719017,0
1991-10-30,28.255149841308594,28.998704706659773,28.255149841308594,28.89248219638363,0
1991-10-31,28.892473220825195,29.317363129936076,28.680028266269755,28.680028266269755,0
1991-11-01,29.211156845092773,29.529824453570917,28.892489236614626,29.317379381252152,0
1991-11-04,29.211156845092773,29.211156845092773,29.211156845092773,29.211156845092773,0
1991-11-05,28.361366271972656,29.317365952945686,28.36136627197266,29.317365952945686,0
1991-11-06,28.361366271972656,28.36136627197266,28.36136627197266,28.36136627197266,0
1991-11-07,28.361366271972656,28.36136627197266,28.36136627197266,28.36136627197266,0
1991-11-08,28.255149841308594,28.786259686107485,28.14892733103245,28.786259686107485,0
1991-11-11,28.14891815185547,28.255140627493162,27.617805773667005,28.042695676217775,0
1991-11-12,27.830259323120117,28.148926848485747,27.72403681466491,28.04270434003054,0
1991-11-13,27.617815017700195,27.93648255127534,27.299147484125047,27.40536999531676,0
1991-11-14,27.40536880493164,27.511591311509452,27.19292379177601,27.511591311509452,0
1991-11-15,26.768037796020508,26.980480113102015,26.02448021319871,26.980480113102015,0
1991-11-18,25.812036514282227,26.34314910069886,25.599591479715574,26.130704066132207,0
1991-11-19,26.555587768554688,26.555587768554688,26.13069780128889,26.34314278492179,0
1991-11-20,25.174694061279297,26.449363896562083,25.06847157500573,26.449363896562083,0
1991-11-21,25.174694061279297,25.174694061279297,25.174694061279297,25.174694061279297,0
1991-11-22,24.324918746948242,25.280918490294017,23.900028769202823,25.280918490294017,0
1991-11-25,24.324918746948242,24.324918746948246,24.324918746948246,24.324918746948246,0
1991-11-26,23.368913650512695,24.218693509766734,23.262691168105942,24.11247102735998,0
1991-11-27,23.793807983398438,24.218697991655183,23.36891797514169,23.36891797514169,0
1991-11-28,23.793807983398438,24.218697991655183,23.581362979270065,23.581362979270065,0
1991-11-29,24.218700408935547,24.43114543426816,24.00625538360293,24.00625538360293,0
1991-12-02,24.006250381469727,24.537362834134452,23.793805400403837,24.537362834134452,0
1991-12-03,23.58136558532715,24.006255640539944,23.262698043917553,24.006255640539944,0
1991-12-04,23.050251007080078,23.368918520712246,22.94402850253602,23.368918520712246,0
1991-12-05,22.73158073425293,22.944025717554137,22.306693474231867,22.73158073425293,0
1991-12-06,23.368913650512695,23.368913650512695,22.944023720885674,22.944023720885674,0
1991-12-09,22.73158073425293,23.475138175807153,22.519137104242397,23.262693192505946,0
1991-12-10,22.837804794311523,22.837804794311523,22.200471153929083,22.519138650765687,0
1991-12-11,22.837804794311523,23.156472291148127,22.62536114971122,22.73158229536599,0
1991-12-12,22.625364303588867,22.944030491555388,22.412919276083883,22.944030491555388,0
1991-12-13,22.625364303588867,22.625364303588867,22.625364303588867,22.625364303588867,0
1991-12-16,23.58136558532715,23.687588099130345,22.519141800586116,22.519141800586116,0
1991-12-17,23.156471252441406,23.793806217526313,23.156471252441406,23.687583723345497,0
1991-12-18,23.2626953125,23.47514031516191,23.156472811169042,23.2626953125,0
1991-12-19,23.68758201599121,24.00624947556474,23.262692069893166,23.47513704294219,0
1991-12-20,23.793807983398438,24.112475489591,23.47514047720588,23.793807983398438,0
1991-12-23,24.006250381469727,24.112472872002673,23.793805400403837,24.112472872002673,0
1991-12-24,24.112472534179688,24.431140001313896,24.00625004513495,24.431140001313896,0
1991-12-25,24.112472534179688,24.112472534179688,24.112472534179688,24.112472534179688,0
1991-12-26,24.112472534179688,24.112472534179688,24.112472534179688,24.112472534179688,0
1991-12-27,24.112472534179688,24.112472534179688,24.112472534179688,24.112472534179688,0
1991-12-30,24.112472534179688,24.112472534179688,24.112472534179688,24.112472534179688,0
1991-12-31,24.112472534179688,24.112472534179688,24.112472534179688,24.112472534179688,0
1992-01-01,24.324918746948242,24.537363735820954,23.900028769202823,24.431141241384598,0
1992-01-02,24.324918746948242,24.64358623025731,24.00625126363918,24.64358623025731,0
1992-01-03,24.85603141784668,25.280921445255384,24.643589110724065,24.643589110724065,0
1992-01-06,24.643587112426758,25.387141893516944,24.537364614187943,25.387141893516944,0
1992-01-07,24.4311466217041,24.64359165736226,24.006256550387782,24.4311466217041,0
1992-01-08,24.53736114501953,24.749803404879895,24.112471212136533,24.21869369535728,0
1992-01-09,24.324918746948242,24.537363735820954,24.21869625251189,24.537363735820954,0
1992-01-10,24.324918746948242,24.324918746948246,24.324918746948246,24.324918746948246,0
1992-01-13,25.493366241455078,26.236923783076417,24.218698876685924,24.218698876685924,0
1992-01-14,25.705810546875,25.812033049901597,25.06847552871542,25.280920534768615,0
1992-01-15,25.918258666992188,26.343148730148872,25.705813635413843,26.343148730148872,0
1992-01-16,25.280920028686523,25.812032533187512,25.280920028686523,25.493365030486917,0
1992-01-17,25.280920028686523,25.280920028686523,25.280920028686523,25.280920028686523,0
1992-01-20,25.06847381591797,25.174696311686937,24.64358653942354,24.64358653942354,0
1992-01-21,25.918258666992188,26.66181357093442,25.705813635413843,26.343148730148872,0
1992-01-22,26.02448081970215,26.13070333400936,25.599590762473298,25.70581327678051,0
1992-01-23,26.44936752319336,27.19292232248036,26.34314502235499,27.19292232248036,0
1992-01-24,26.13069725036621,26.44936471909698,25.918252271212364,26.13069725036621,0
1992-01-27,25.918258666992188,26.130703698570528,25.599591119624673,25.705813635413843,0
1992-01-28,25.918258666992188,25.918258666992188,25.918258666992188,25.918258666992188,0
1992-01-29,26.343141555786133,26.449364042646383,25.91825160834513,25.91825160834513,0
1992-01-30,27.192922592163086,27.405367595946725,26.343145283610145,26.66181008270399,0
1992-01-31,27.086694717407227,27.299139679050693,26.661804794120286,26.768029981523096,0
1992-02-03,25.918258666992188,26.768038793305557,25.493368603835503,25.493368603835503,0
1992-02-04,26.555587768554688,26.555587768554688,25.918252817655993,25.918252817655993,0
1992-02-05,26.768037796020508,27.192925136765385,26.343147748693767,26.768037796020508,0
1992-02-06,26.980480194091797,27.192925218392883,26.555592852071495,27.192925218392883,0
1992-02-07,26.343141555786133,27.61780869152791,26.13069658206563,27.192918744086906,0
1992-02-10,26.555587768554688,26.768032752187587,25.918252817655993,26.34314278492179,0
1992-02-11,26.555587768554688,26.555587768554688,26.555587768554688,26.555587768554688,0
1992-02-12,26.980480194091797,28.042705315597228,26.980480194091797,27.617815266995056,0
1992-02-13,27.617815017700195,27.617815017700195,26.768037634748318,26.768037634748318,0
1992-02-14,27.617815017700195,27.617815017700195,27.617815017700195,27.617815017700195,0
1992-02-17,29.317365646362305,29.317365646362305,27.61780857062001,27.83025354341045,0
1992-02-18,28.680034637451172,29.423592143574226,28.680034637451172,29.317369642699504,0
1992-02-19,28.255149841308594,28.467594861860878,27.19292473854716,28.467594861860878,0
1992-02-20,28.573816299438477,29.10492612429881,28.255148780573244,28.467593793150066,0
1992-02-21,28.78626251220703,29.104930074320738,27.830262532447993,28.042707573857133,0
1992-02-24,28.892473220825195,29.317363129936076,28.57380849557302,29.317363129936076,0
1992-02-25,28.892473220825195,28.892473220825195,28.892473220825195,28.892473220825195,0
1992-02-26,30.59202766418457,31.229362476048667,30.167140496189266,30.167140496189266,0
1992-02-27,32.716487884521484,33.460045473076335,31.016930388692277,31.866710489897823,0
1992-02-28,34.41604232788086,34.62848731763249,32.29159513694592,33.99115234837758,0
1992-03-02,36.1156005859375,36.96537786298904,34.41604332525291,36.96537786298904,0
1992-03-03,36.32804870605469,36.96538104200849,35.265823635162114,35.69071366351914,0
1992-03-04,36.32804870605469,36.32804870605469,36.32804870605469,36.32804870605469,0
1992-03-05,36.32804870605469,36.32804870605469,36.32804870605469,36.32804870605469,0
1992-03-06,36.32804870605469,36.32804870605469,36.32804870605469,36.32804870605469,0
1992-03-09,36.32804870605469,36.32804870605469,36.32804870605469,36.32804870605469,0
1992-03-10,34.41604232788086,34.84093230738413,32.29159513694592,34.84093230738413,0
1992-03-11,33.1413688659668,33.99114873462952,31.866701769553856,31.866701769553856,0
1992-03-12,34.41604232788086,34.84093230738413,33.56626236887431,33.778707358625944,0
1992-03-13,35.26582336425781,35.69071338935093,34.4160460206533,34.4160460206533,0
1992-03-16,35.69070816040039,36.540488086087635,35.69070816040039,35.69070816040039,0
1992-03-17,35.69070816040039,36.540488086087635,35.69070816040039,35.69070816040039,0
1992-03-18,34.8409309387207,36.11559812057608,34.41604097590847,35.26581819495161,0
1992-03-19,34.8409309387207,34.8409309387207,34.8409309387207,34.8409309387207,0
1992-03-20,35.26582336425781,35.26582336425781,34.62849103319986,35.26582336425781,0
1992-03-23,35.26582336425781,35.26582336425781,35.26582336425781,35.26582336425781,0
1992-03-24,39.08982467651367,40.78938191811233,36.54049016740642,37.39026743491501,0
1992-03-25,40.78937530517578,40.78937530517578,36.96537145489621,36.96537145489621,0
1992-03-26,40.78937530517578,40.78937530517578,40.78937530517578,40.78937530517578,0
1992-03-27,39.939613342285156,39.939613342285156,36.965385492298225,39.5147232627753,0
1992-03-30,42.488948822021484,44.613396398451656,41.63916870881665,44.613396398451656,0
1992-03-31,43.33872604370117,45.888060959272835,43.33872604370117,43.763616098490424,0
1992-04-01,43.33872604370117,43.33872604370117,43.33872604370117,43.33872604370117,0
1992-04-02,43.763607025146484,46.31294141217425,43.126272075098875,44.61338695854331,0
1992-04-03,43.763607025146484,45.88805144547583,41.21426993153738,42.48893983163261,0
1992-04-06,42.91382598876953,43.12627096665843,41.214268872239614,42.91382598876953,0
1992-04-07,43.33872604370117,43.33872604370117,41.85161355852072,42.06405858591534,0
1992-04-08,49.71206283569336,49.71206283569336,43.33872325088973,43.33872325088973,0
1992-04-09,49.71206283569336,49.71206283569336,49.71206283569336,49.71206283569336,0
1992-04-10,48.8622932434082,49.28718331472452,47.587623029459245,48.437403172091884,0
1992-04-13,45.03828048706055,47.58761793548487,45.03828048706055,46.73783788381619,0
1992-04-14,45.03828048706055,45.03828048706055,45.03828048706055,45.03828048706055,0
1992-04-15,45.03828048706055,45.03828048706055,45.03828048706055,45.03828048706055,0
1992-04-16,45.03828048706055,45.03828048706055,45.03828048706055,45.03828048706055,0
1992-04-17,45.03828048706055,45.03828048706055,45.03828048706055,45.03828048706055,0
1992-04-20,45.03828048706055,45.03828048706055,45.03828048706055,45.03828048706055,0
1992-04-21,45.03828048706055,45.03828048706055,45.03828048706055,45.03828048706055,0
1992-04-22,50.56184005737305,50.56184005737305,45.8880554309275,45.8880554309275,0
1992-04-23,50.56184005737305,50.56184005737305,50.56184005737305,50.56184005737305,0
1992-04-24,50.56184005737305,50.56184005737305,50.56184005737305,50.56184005737305,0
1992-04-27,50.56184005737305,50.56184005737305,50.56184005737305,50.56184005737305,0
1992-04-28,42.91382598876953,45.03827306107725,40.789378916461814,45.03827306107725,0
1992-04-29,42.488948822021484,43.3387262286444,40.36450124559131,42.488948822021484,0
1992-04-30,45.03828048706055,45.463173219476616,41.21427566771492,41.21427566771492,0
1992-05-01,45.03828048706055,45.03828048706055,45.03828048706055,45.03828048706055,0
1992-05-04,45.03828048706055,45.03828048706055,45.03828048706055,45.03828048706055,0
1992-05-05,45.03828048706055,45.03828048706055,45.03828048706055,45.03828048706055,0
1992-05-06,42.064056396484375,42.488946429158126,39.08982887434987,40.36449897237113,0
1992-05-07,42.488948822021484,43.3387262286444,41.63916870881665,42.91383617204198,0
1992-05-08,42.488948822021484,42.488948822021484,42.488948822021484,42.488948822021484,0
1992-05-11,40.364498138427734,40.78938545574141,39.08982806674157,40.78938545574141,0
1992-05-12,37.815155029296875,39.51471216336014,36.96537510897459,39.08982220319899,0
1992-05-13,39.51472473144531,41.63917250137329,39.08983463614329,39.51472473144531,0
1992-05-14,38.66493606567383,39.9396060721784,37.39026876575083,39.9396060721784,0
1992-05-15,38.66493606567383,38.66493606567383,38.66493606567383,38.66493606567383,0
1992-05-18,38.24004364013672,39.93960071423016,38.24004364013672,38.66493087872417,0
1992-05-19,39.51472473144531,39.939614826747345,38.240057152121395,39.08983463614329,0
1992-05-20,39.08982467651367,39.514714663558706,38.45248969594612,38.66493468946864,0
1992-05-21,39.08982467651367,39.08982467651367,39.08982467651367,39.08982467651367,0
1992-05-22,38.24004364013672,38.452485906139835,36.54048656604328,36.54048656604328,0
1992-05-25,37.602718353271484,38.24005343426009,37.390273326275285,37.815163380267684,0
1992-05-26,36.1156005859375,36.96537786298904,35.69071059412097,36.96537786298904,0
1992-05-27,35.26582336425781,37.39027078314168,34.84093604574642,37.39027078314168,0
1992-05-28,34.8409309387207,35.26581819495161,32.29159386842862,34.8409309387207,0
1992-05-29,34.62849044799805,35.796935290676345,33.77871041217261,34.41604543904169,0
1992-06-01,35.053375244140625,35.2658202378534,33.56626299473271,33.56626299473271,0
1992-06-02,37.17782211303711,37.39026710468331,34.840932618091834,34.840932618091834,0
1992-06-03,36.1156005859375,37.81515784662209,35.903155590029236,36.96537786298904,0
1992-06-04,36.1156005859375,36.54049057775402,35.265820602304444,35.265820602304444,0
1992-06-05,36.32804870605469,37.39027107036552,34.84093631338683,34.84093631338683,0
1992-06-08,36.1156005859375,36.96537786298904,35.47826559821271,35.47826559821271,0
1992-06-09,37.17782211303711,38.2400470712681,36.11559986138757,36.11559986138757,0
1992-06-10,37.39026641845703,38.02760138169857,36.54048917404971,36.54048917404971,0
1992-06-11,37.39026641845703,37.39026641845703,37.39026641845703,37.39026641845703,0
1992-06-12,37.39026641845703,37.39026641845703,37.39026641845703,37.39026641845703,0
1992-06-15,37.39026641845703,37.39026641845703,37.39026641845703,37.39026641845703,0
1992-06-16,37.39026641845703,37.39026641845703,37.39026641845703,37.39026641845703,0
1992-06-17,37.39026641845703,37.39026641845703,37.39026641845703,37.39026641845703,0
1992-06-18,37.39026641845703,37.39026641845703,37.39026641845703,37.39026641845703,0
1992-06-19,37.39026641845703,37.39026641845703,37.39026641845703,37.39026641845703,0
1992-06-22,37.39026641845703,37.39026641845703,37.39026641845703,37.39026641845703,0
1992-06-23,37.39026641845703,37.39026641845703,37.39026641845703,37.39026641845703,0
1992-06-24,37.39026641845703,37.39026641845703,37.39026641845703,37.39026641845703,0
1992-06-25,36.540489196777344,36.540489196777344,35.90315423313939,36.115599221018705,0
1992-06-26,36.540489196777344,36.540489196777344,36.540489196777344,36.540489196777344,0
1992-06-29,36.540489196777344,36.540489196777344,36.540489196777344,36.540489196777344,0
1992-06-30,36.540489196777344,36.540489196777344,36.540489196777344,36.540489196777344,0
1992-07-01,36.540489196777344,36.540489196777344,36.540489196777344,36.540489196777344,0
1992-07-02,36.540489196777344,36.540489196777344,36.540489196777344,36.540489196777344,0
1992-07-03,36.540489196777344,36.540489196777344,36.540489196777344,36.540489196777344,0
1992-07-06,36.540489196777344,36.540489196777344,36.540489196777344,36.540489196777344,0
1992-07-07,36.540489196777344,36.540489196777344,36.540489196777344,36.540489196777344,0
1992-07-08,36.540489196777344,36.540489196777344,36.540489196777344,36.540489196777344,0
1992-07-09,36.540489196777344,36.540489196777344,36.540489196777344,36.540489196777344,0
1992-07-10,36.540489196777344,36.540489196777344,36.540489196777344,36.540489196777344,0
1992-07-13,36.540489196777344,36.540489196777344,36.540489196777344,36.540489196777344,0
1992-07-14,36.540489196777344,36.540489196777344,36.540489196777344,36.540489196777344,0
1992-07-15,32.716487884521484,32.716487884521484,32.716487884521484,32.716487884521484,0
1992-07-16,30.59202766418457,31.866697287912768,30.59202766418457,31.866697287912768,0
1992-07-17,29.742263793945312,30.16715385669781,28.042706249517288,29.742263793945312,0
1992-07-20,29.742263793945312,30.59204121286834,28.89248366844032,30.16715385669781,0
1992-07-21,30.59202766418457,30.59202766418457,29.7422506216132,29.7422506216132,0
1992-07-22,29.317365646362305,30.167145537524057,29.104920673571865,29.74225559194318,0
1992-07-23,26.343141555786133,28.46758858640991,26.13069658206563,28.46758858640991,0
1992-07-24,26.343141555786133,26.343141555786133,26.343141555786133,26.343141555786133,0
1992-07-27,27.617815017700195,28.042705062467057,26.768037634748318,26.768037634748318,0
1992-07-28,28.042701721191406,28.467591715332812,27.61781172705,28.042701721191406,0
1992-07-29,26.768037796020508,28.04270523141887,26.768037796020508,27.61781518409213,0
1992-07-30,26.768037796020508,26.768037796020508,25.918257701367025,26.768037796020508,0
1992-07-31,27.192922592163086,27.192922592163086,26.555590287393784,26.768035291177423,0
1992-08-03,26.980480194091797,26.980480194091797,26.024480291318778,26.555592852071495,0
1992-08-04,26.768037796020508,26.87425760127033,26.130702725030396,26.768037796020508,0
1992-08-05,26.768037796020508,26.768037796020508,26.343147748693767,26.768037796020508,0
1992-08-06,25.280920028686523,26.768035041289295,25.280920028686523,26.555590039488898,0
1992-08-07,26.555587768554688,26.555587768554688,25.493362850390195,25.918252817655993,0
1992-08-10,26.343141555786133,26.555586529506634,25.91825160834513,26.555586529506634,0
1992-08-11,26.44936752319336,26.768035025708468,26.13070002067825,26.55559002403173,0
1992-08-12,26.343141555786133,26.555586529506634,25.70580663462463,25.70580663462463,0
1992-08-13,26.343141555786133,26.343141555786133,26.343141555786133,26.343141555786133,0
1992-08-14,27.192922592163086,27.61781259973036,26.555590287393784,26.980477588379447,0
1992-08-17,27.830259323120117,28.467594373851377,27.405369289299276,27.405369289299276,0
1992-08-18,28.467592239379883,28.46759223937988,27.617812235453854,27.83025723643536,0
1992-08-19,28.892473220825195,29.742253039046957,28.892473220825195,29.104918175380636,0
1992-08-20,28.680034637451172,29.317369642699504,28.46759234228331,28.892479639200616,0
1992-08-21,28.680034637451172,28.680034637451172,27.83025733703498,28.255147340533867,0
1992-08-24,28.892473220825195,29.317363129936076,28.467586018295297,28.467586018295297,0
1992-08-25,27.724037170410156,28.57381724895592,27.617814660591936,28.4675947391377,0
1992-08-26,27.511594772338867,27.617817292278975,26.555594799459968,27.617817292278975,0
1992-08-27,27.40536880493164,27.830258831242894,26.76803647204649,27.19292379177601,0
1992-08-28,29.104921340942383,29.104921340942383,27.61780920389132,28.042699159214845,0
1992-08-31,29.104921340942383,29.104921340942383,29.104921340942383,29.104921340942383,0
1992-09-01,29.529813766479492,30.379593748211928,29.104923775613276,29.317368771046386,0
1992-09-02,28.680034637451172,29.317369642699504,28.46759234228331,28.46759234228331,0
1992-09-03,28.892473220825195,29.317363129936076,28.680028266269755,29.317363129936076,0
1992-09-04,29.529813766479492,29.742258761912602,28.68003378474706,28.892478780180166,0
1992-09-07,30.167152404785156,30.804484761657818,29.10492729902767,29.317372320179167,0
1992-09-08,30.167152404785156,30.59203974050632,29.529817341330663,29.529817341330663,0
1992-09-09,31.866708755493164,32.07915376923184,30.37959636590419,30.592038673061126,0
1992-09-10,31.866708755493164,31.866708755493168,31.866708755493168,31.866708755493168,0
1992-09-11,31.01692771911621,31.866707747182584,31.01692771911621,31.65426274016599,0
1992-09-14,31.44181251525879,31.866702458779844,30.37959036303736,31.016922571737737,0
1992-09-15,32.29159164428711,32.716478871253145,31.866701710739935,32.716478871253145,0
1992-09-16,31.866708755493164,32.50404379670918,31.654263741754495,31.654263741754495,0
1992-09-17,31.44181251525879,31.866702458779844,31.016922571737737,31.866702458779844,0
1992-09-18,30.59202766418457,31.016917538760634,30.3795854334773,30.804472601472604,0
1992-09-21,29.742263793945312,30.16715385669781,29.42359624688094,29.95470882532156,0
1992-09-22,30.167152404785156,30.59203974050632,29.529817341330663,29.529817341330663,0
1992-09-23,30.167152404785156,30.167152404785156,30.167152404785156,30.167152404785156,0
1992-09-24,30.167152404785156,31.016929782809314,29.95470738363366,30.59203974050632,0
1992-09-25,30.167152404785156,30.167152404785156,30.167152404785156,30.167152404785156,0
1992-09-28,30.167152404785156,30.59203974050632,29.529817341330663,30.59203974050632,0
1992-09-29,29.742263793945312,29.95470882532156,29.529818762569064,29.95470882532156,0
1992-09-30,30.804481506347656,30.804481506347656,29.742259219423946,29.742259219423946,0
1992-10-01,31.01692771911621,31.441817733149396,30.592037705083023,30.804482712099617,0
1992-10-02,31.01692771911621,31.01692771911621,31.01692771911621,31.01692771911621,0
1992-10-05,31.01692771911621,31.01692771911621,31.01692771911621,31.01692771911621,0
1992-10-06,30.59202766418457,30.59202766418457,29.954695558901232,30.59202766418457,0
1992-10-07,30.59202766418457,30.59202766418457,30.59202766418457,30.59202766418457,0
1992-10-08,30.167152404785156,30.379597425936655,29.95470738363366,30.167152404785156,0
1992-10-09,30.59202766418457,31.016917538760634,30.59202766418457,31.016917538760634,0
1992-10-12,30.167152404785156,30.167152404785156,29.529817341330663,30.167152404785156,0
1992-10-13,30.48581886291504,30.48581886291504,29.742261315070134,29.84848382190512,0
1992-10-14,29.742263793945312,30.379598888074057,29.742263793945312,30.379598888074057,0
1992-10-15,29.954713821411133,30.06093635481591,29.104933554172913,29.529823687792025,0
1992-10-16,29.954713821411133,29.954713821411133,29.954713821411133,29.954713821411133,0
1992-10-19,29.954713821411133,29.954713821411133,29.954713821411133,29.954713821411133,0
1992-10-20,29.529813766479492,29.742258761912602,29.317368771046386,29.317368771046386,0
1992-10-21,28.467592239379883,29.10492453574283,28.255147238398372,28.46759223937988,0
1992-10-22,28.467592239379883,29.10492453574283,28.361369738889127,28.46759223937988,0
1992-10-23,28.467592239379883,28.46759223937988,28.46759223937988,28.46759223937988,0
1992-10-26,28.467592239379883,28.46759223937988,28.46759223937988,28.46759223937988,0
1992-10-27,28.467592239379883,28.46759223937988,28.46759223937988,28.46759223937988,0
1992-10-28,27.724037170410156,28.255149719501258,27.405369640955495,28.042704699864817,0
1992-10-29,27.617815017700195,28.042705062467057,27.19292497293333,27.19292497293333,0
1992-10-30,27.511594772338867,28.042707372039402,26.98048217263833,28.042707372039402,0
1992-11-02,27.511594772338867,27.511594772338867,27.511594772338867,27.511594772338867,0
1992-11-03,27.830259323120117,28.04270434003054,27.086701763933647,27.6178143062097,0
1992-11-04,27.299144744873047,28.255147249671243,26.98047724327365,27.83025724753871,0
1992-11-05,26.343141555786133,27.405363717807408,25.91825160834513,26.76803150322713,0
1992-11-06,22.73158073425293,24.64358558396379,22.306693474231867,24.218695617361377,0
1992-11-09,20.819583892822266,22.51914137496953,20.18225017533977,22.51914137496953,0
1992-11-10,20.819583892822266,20.819583892822266,20.819583892822266,20.819583892822266,0
1992-11-11,20.076026916503906,20.60713810242788,18.695135667836162,20.60713810242788,0
1992-11-12,21.244474411010742,21.6693631143222,19.969805594494446,20.394694297805906,0
1992-11-13,20.39468765258789,20.819577570748073,19.969799087718226,20.819577570748073,0
1992-11-16,20.39468765258789,20.39468765258789,20.39468765258789,20.39468765258789,0
1992-11-17,20.39468765258789,20.39468765258789,20.39468765258789,20.39468765258789,0
1992-11-18,19.544912338256836,19.96980232530187,19.12002370450254,19.96980232530187,0
1992-11-19,19.544912338256836,19.544912338256836,18.907578710980022,19.544912338256836,0
1992-11-20,19.969806671142578,19.969806671142578,18.270247706394183,18.270247706394183,0
1992-11-23,20.182249069213867,20.394692727870705,19.544914033370784,19.544914033370784,0
1992-11-24,20.607135772705078,20.819580764373224,19.969802150991363,19.969802150991363,0
1992-11-25,20.819583892822266,21.244473940004546,20.60713886923112,21.032028916413406,0
1992-11-26,20.182249069213867,20.394692727870705,19.96980405726617,20.182249069213867,0
1992-11-27,20.39468765258789,20.819577570748073,19.544909169558043,19.544909169558043,0
1992-11-30,20.39468765258789,20.607132611667982,20.182244046798317,20.39468765258789,0
1992-12-01,20.71335792541504,20.8195804194895,20.288467949117194,20.288467949117194,0
1992-12-02,22.41291618347168,23.793807318422957,21.032026401811173,21.032026401811173,0
1992-12-03,22.73158073425293,23.36891568415655,21.669358524328246,22.306693474231867,0
1992-12-04,22.73158073425293,23.262693192505946,22.09424849093066,22.944025717554137,0
1992-12-07,22.73158073425293,22.73158073425293,22.73158073425293,22.73158073425293,0
1992-12-08,22.73158073425293,22.73158073425293,22.73158073425293,22.73158073425293,0
1992-12-09,22.73158073425293,22.73158073425293,22.73158073425293,22.73158073425293,0
1992-12-10,21.032028198242188,21.66936189396193,20.81958318190531,21.244473214579063,0
1992-12-11,21.032028198242188,21.66936189396193,20.81958318190531,21.244473214579063,0
1992-12-14,20.39468765258789,21.244467488908256,19.969799087718226,21.032022529828165,0
1992-12-15,19.544912338256836,19.96980232530187,19.12002370450254,19.96980232530187,0
1992-12-16,18.907577514648438,19.544911101599496,18.695132534567865,18.907577514648438,0
1992-12-17,19.12002182006836,19.544910411946415,18.695131874899694,19.12002182006836,0
1992-12-18,20.182249069213867,20.6071377398184,19.544914033370784,19.544914033370784,0
1992-12-21,21.244474411010742,21.45691808602099,20.607139326107113,20.607139326107113,0
1992-12-22,21.032028198242188,22.519140606018553,21.032028198242188,22.094251926635685,0
1992-12-23,21.244474411010742,21.45691808602099,20.394694297805906,20.394694297805906,0
1992-12-24,22.306697845458984,22.306697845458984,21.456917745730998,21.669362770662993,0
1992-12-25,22.306697845458984,22.306697845458984,22.306697845458984,22.306697845458984,0
1992-12-28,22.306697845458984,22.306697845458984,22.306697845458984,22.306697845458984,0
1992-12-29,22.306697845458984,22.306697845458984,22.306697845458984,22.306697845458984,0
1992-12-30,22.306697845458984,22.306697845458984,22.306697845458984,22.306697845458984,0
1992-12-31,22.306697845458984,22.306697845458984,22.306697845458984,22.306697845458984,0
1993-01-01,22.306697845458984,22.306697845458984,22.306697845458984,22.306697845458984,0
1993-01-04,21.244474411010742,22.944030577547533,21.03202938270953,22.306698199225828,0
1993-01-05,21.032028198242188,21.244473214579063,20.182249486185565,20.81958318190531,0
1993-01-06,20.607135772705078,20.607135772705078,20.18224714265951,20.18224714265951,0
1993-01-07,19.544912338256836,20.394690959056167,19.544912338256836,19.757357331779353,0
1993-01-08,19.65113639831543,19.96980391395001,19.544913893103903,19.96980391395001,0
1993-01-11,19.65113639831543,19.65113639831543,19.65113639831543,19.65113639831543,0
1993-01-12,19.65113639831543,19.65113639831543,19.65113639831543,19.65113639831543,0
1993-01-13,19.65113639831543,19.65113639831543,19.65113639831543,19.65113639831543,0
1993-01-14,19.969806671142578,19.969806671142578,19.54491659163272,19.969806671142578,0
1993-01-15,20.607135772705078,20.819580764373224,20.18224714265951,20.39469078103693,0
1993-01-18,20.92580795288086,20.92580795288086,20.819585433226077,20.819585433226077,0
1993-01-19,20.607135772705078,21.13824689858472,20.39469078103693,21.13824689858472,0
1993-01-20,20.39468765258789,20.607132611667982,19.969799087718226,20.500910132127935,0
1993-01-21,20.39468765258789,20.607132611667982,20.39468765258789,20.39468765258789,0
1993-01-22,20.39468765258789,20.500910132127935,20.182244046798317,20.39468765258789,0
1993-01-25,20.182249069213867,20.6071377398184,20.182249069213867,20.394692727870705,0
1993-01-26,20.182249069213867,20.182249069213867,20.182249069213867,20.182249069213867,0
1993-01-27,20.39468765258789,20.607132611667982,20.182244046798317,20.607132611667982,0
1993-01-28,21.032028198242188,21.032028198242188,20.607138165568433,20.607138165568433,0
1993-01-29,21.13824462890625,21.456912082192165,20.819578528910917,20.819578528910917,0
1993-02-01,20.288469314575195,20.92580432191599,20.182248166642527,20.92580432191599,0
1993-02-02,20.71335792541504,20.71335792541504,20.182246808333442,20.182246808333442,0
1993-02-03,12.321793556213379,21.03202623217934,12.321793556213379,20.607136239224083,0
1993-02-04,20.607135772705078,20.713358268539153,20.39469078103693,20.39469078103693,0
1993-02-05,20.500911712646484,20.71335668810503,20.28846673718794,20.39468922491721,0
1993-02-08,20.92580795288086,21.032030472535645,20.71336291357129,21.032030472535645,0
1993-02-09,22.09424591064453,22.20046703659938,21.24446742997213,21.24446742997213,0
1993-02-10,22.94403076171875,23.15647579172525,22.30669837828119,22.62536456999997,0
1993-02-11,22.837804794311523,23.050249792202592,22.62536114971122,22.73158229536599,0
1993-02-12,22.519140243530273,22.73158390315658,22.306696583903964,22.73158390315658,0
1993-02-15,21.881803512573242,22.306693479271654,21.775581020898642,22.094248495922447,0
1993-02-16,21.669363021850586,22.094253076639834,21.563140508153275,21.881808049245212,0
1993-02-17,22.09424591064453,22.09424591064453,21.669355993663075,21.669355993663075,0
1993-02-18,22.09424591064453,22.519134474335477,21.881800952153803,22.306690869135263,0
1993-02-19,22.09424591064453,22.09424591064453,22.09424591064453,22.09424591064453,0
1993-02-22,22.306697845458984,22.51914151710004,22.094252820526986,22.306697845458984,0
1993-02-23,22.519140243530273,22.62536274998886,22.094251570986795,22.200472724154515,0
1993-02-24,22.837804794311523,23.26269479009366,22.73158229536599,22.944027293257058,0
1993-02-25,23.368913650512695,23.581358615326206,22.944023720885674,22.944023720885674,0
1993-02-26,23.475141525268555,24.21869907291446,23.368919018461995,23.793809045688228,0
1993-03-01,21.032028198242188,22.094251926635685,20.81958318190531,21.66936189396193,0
1993-03-02,20.819583892822266,20.819583892822266,20.18225017533977,20.39469384563998,0
1993-03-03,21.350690841674805,21.563135822909327,21.24446970434821,21.24446970434821,0
1993-03-04,21.244474411010742,21.350695571870386,20.92580686855893,21.138250543569175,0
1993-03-05,20.92580795288086,21.45691919786375,20.819585433226077,21.244475511845213,0
1993-03-08,20.92580795288086,20.92580795288086,20.92580795288086,20.92580795288086,0
1993-03-09,20.182249069213867,20.819582751766095,19.757359045318477,20.6071377398184,0
1993-03-10,19.86358070373535,19.969803205176802,19.120024546935994,19.7573582022939,0
1993-03-11,20.607135772705078,20.607135772705078,20.076024646825434,20.18224714265951,0
1993-03-12,21.13824462890625,21.13824462890625,20.819578528910917,20.819578528910917,0
1993-03-15,21.563138961791992,21.563138961791992,20.819582772524544,20.819582772524544,0
1993-03-16,21.669363021850586,21.881808049245212,21.669363021850586,21.7755855355479,0
1993-03-17,21.032028198242188,21.244473214579063,20.81958318190531,21.244473214579063,0
1993-03-18,21.032028198242188,21.66936189396193,21.032028198242188,21.032028198242188,0
1993-03-19,21.244474411010742,21.244474411010742,20.607139326107113,20.819584354408324,0
1993-03-22,21.244474411010742,21.45691808602099,21.138250543569175,21.244474411010742,0
1993-03-23,21.13824462890625,21.244468466625474,20.925801013339555,21.244468466625474,0
1993-03-24,21.13824462890625,21.13824462890625,21.13824462890625,21.13824462890625,0
1993-03-25,21.13824462890625,21.13824462890625,21.13824462890625,21.13824462890625,0
1993-03-26,21.244474411010742,21.244474411010742,20.607139326107113,20.607139326107113,0
1993-03-29,20.819583892822266,21.032028916413406,20.60713886923112,20.819583892822266,0
1993-03-30,19.757362365722656,20.394696155384615,18.69513848075867,20.394696155384615,0
1993-03-31,20.39468765258789,20.500910132127935,19.33246421047795,19.544909169558043,0
1993-04-01,20.39468765258789,20.39468765258789,20.39468765258789,20.39468765258789,0
1993-04-02,20.39468765258789,20.607132611667982,20.182244046798317,20.288465173047843,0
1993-04-05,20.39468765258789,20.39468765258789,20.39468765258789,20.39468765258789,0
1993-04-06,20.39468765258789,20.39468765258789,20.39468765258789,20.39468765258789,0
1993-04-07,21.244474411010742,21.350695571870386,20.819584354408324,20.92580686855893,0
1993-04-08,20.819583892822266,21.032028916413406,20.60713886923112,20.819583892822266,0
1993-04-09,20.819583892822266,20.819583892822266,20.819583892822266,20.819583892822266,0
1993-04-12,19.226247787475586,20.18225040449023,19.120026627764904,20.18225040449023,0
1993-04-13,18.48269271850586,18.69513775794305,17.420468874610947,18.69513775794305,0
1993-04-14,18.48269271850586,18.48269271850586,18.48269271850586,18.48269271850586,0
1993-04-15,18.907577514648438,19.332466121518927,18.695132534567865,18.695132534567865,0
1993-04-16,18.376468658447266,18.695136190891915,17.84535745766377,18.695136190891915,0
1993-04-19,17.845354080200195,18.270242689753154,17.52668660806748,18.057797708331343,0
1993-04-20,16.25201988220215,16.78313099737071,16.039574894818443,16.570686009987003,0
1993-04-21,15.402240753173828,16.145796895336733,14.871129609711973,16.145796895336733,0
1993-04-22,15.296013832092285,15.614681238024334,14.658680373518566,15.614681238024334,0
1993-04-23,14.233796119689941,14.44623976738066,13.808906117726927,14.23379611968994,0
1993-04-26,13.808907508850098,14.23379755361696,13.596462486466665,14.23379755361696,0
1993-04-27,14.658682823181152,14.87112779597159,13.171570720229296,13.384015693019736,0
1993-04-28,15.083576202392578,15.189798712968328,14.552463649513834,14.552463649513834,0
1993-04-29,14.977356910705566,15.189801977515122,14.658689310491233,14.658689310491233,0
1993-04-30,14.658682823181152,15.29601638826186,14.446237850390713,15.29601638826186,0
1993-05-03,13.808907508850098,14.23379755361696,13.596462486466665,14.23379755361696,0
1993-05-04,14.552460670471191,14.764905648132954,14.233794557269187,14.233794557269187,0
1993-05-05,14.658682823181152,14.87112779597159,14.127570391205055,14.658682823181152,0
1993-05-06,14.658682823181152,14.658682823181152,14.658682823181152,14.658682823181152,0
1993-05-07,14.658682823181152,15.29601638826186,14.340015363995494,15.29601638826186,0
1993-05-10,14.764906883239746,15.083574376389409,14.552461887806638,15.083574376389409,0
1993-05-11,15.189799308776855,15.296020470228134,14.446241705581123,14.871131764550112,0
1993-05-12,15.296013832092285,15.72090370666835,15.083570248094633,15.508458769380317,0
1993-05-13,14.871131896972656,15.189799444037028,14.764909381284532,15.083576928348904,0
1993-05-14,15.296013832092285,15.614681238024334,15.083570248094633,15.296013832092285,0
1993-05-17,14.871131896972656,15.402243122122295,14.871131896972656,15.402243122122295,0
1993-05-18,14.871131896972656,14.871131896972656,14.552464349908284,14.871131896972656,0
1993-05-19,14.871131896972656,14.871131896972656,14.871131896972656,14.871131896972656,0
1993-05-20,14.871131896972656,14.871131896972656,14.871131896972656,14.871131896972656,0
1993-05-21,14.871131896972656,15.720910669186667,14.871131896972656,15.720910669186667,0
1993-05-24,14.871131896972656,15.720910669186667,14.871131896972656,15.720910669186667,0
1993-05-25,14.552460670471191,14.871128136963836,14.446238181640311,14.446238181640311,0
1993-05-26,14.021350860595703,14.658684498517049,13.596460866454297,14.658684498517049,0
1993-05-27,14.021350860595703,14.340017002910994,13.384017222674357,13.808905863525,0
1993-05-28,13.384018898010254,14.233797639372806,13.384018898010254,14.021352615709436,0
1993-05-31,13.596461296081543,13.80890629986518,13.277793790406086,13.80890629986518,0
1993-06-01,13.596461296081543,13.596461296081543,13.596461296081543,13.596461296081543,0
1993-06-02,14.658682823181152,14.76490530957637,14.021349258100443,14.021349258100443,0
1993-06-03,15.296013832092285,15.508458769380317,14.658680373518566,14.764902842162583,0
1993-06-04,16.358243942260742,16.464466454911435,15.508465194346138,15.720910219647525,0
1993-06-07,16.464468002319336,16.464468002319336,15.720911697172516,15.933356742440484,0
1993-06-08,16.676910400390625,17.101800423481965,16.252021730590137,16.35824288307212,0
1993-06-09,16.145793914794922,17.208017358921097,15.508460389635426,16.145793914794922,0
1993-06-10,17.632911682128906,18.057800353931164,17.420466669582346,17.526689175855626,0
1993-06-11,17.208019256591797,17.845354205326014,16.99557427368039,17.101798118426768,0
1993-06-14,16.5706844329834,16.88935188373192,16.25201833552545,16.78312940014908,0
1993-06-15,16.5706844329834,16.5706844329834,16.03957336835977,16.145794498652037,0
1993-06-16,16.5706844329834,16.99557301402419,16.145794498652037,16.145794498652037,0
1993-06-17,16.145793914794922,16.78312879324494,15.933350308602105,16.145793914794922,0
1993-06-18,16.5706844329834,16.88935188373192,16.145794498652037,16.25201833552545,0
1993-06-21,16.25201988220215,16.3582410226033,15.933352401126593,16.3582410226033,0
1993-06-22,16.464468002319336,16.676913047587302,16.35824547968535,16.570690524953317,0
1993-06-23,16.145793914794922,16.35823887427826,15.933350308602105,16.145793914794922,0
1993-06-24,16.358243942260742,16.676911480212823,16.145798916959354,16.570688967562127,0
1993-06-25,15.933354377746582,16.25202189835459,15.72090936400791,16.14579803819439,0
1993-06-28,15.508463859558105,15.933353873591292,15.083575198815744,15.933353873591292,0
1993-06-29,16.039573669433594,16.145794801719706,15.827128698280173,15.827128698280173,0
1993-06-30,16.358243942260742,16.464466454911435,16.145798916959354,16.145798916959354,0
1993-07-01,16.358243942260742,16.358243942260742,16.358243942260742,16.358243942260742,0
1993-07-02,16.5706844329834,16.88935188373192,16.5706844329834,16.5706844329834,0
1993-07-05,16.358243942260742,16.889356505514208,16.358243942260742,16.570688967562127,0
1993-07-06,16.464468002319336,16.464468002319336,16.14580043441738,16.252024310342435,0
1993-07-07,16.358243942260742,16.570688967562127,16.25202278290099,16.358243942260742,0
1993-07-08,16.25201988220215,16.3582410226033,16.039574894818443,16.3582410226033,0
1993-07-09,16.039573669433594,16.358239772873123,15.827128698280173,16.145794801719706,0
1993-07-12,15.827134132385254,16.03957917647978,15.720911610337991,15.827134132385254,0
1993-07-13,15.933354377746582,16.14579803819439,15.72090936400791,15.72090936400791,0
1993-07-14,16.039573669433594,16.145794801719706,15.933351183856884,15.933351183856884,0
1993-07-15,15.720906257629395,16.039573715270187,15.508461285868869,15.720906257629396,0
1993-07-16,15.614684104919434,15.827129081212897,15.402239128625972,15.827129081212897,0
1993-07-19,15.508463859558105,15.720908866574698,15.296018852541511,15.508463859558105,0
1993-07-20,15.508463859558105,15.508463859558105,15.296018852541511,15.296018852541511,0
1993-07-21,15.933354377746582,15.933354377746584,15.614686857138574,15.614686857138574,0
1993-07-22,16.676910400390625,16.676910400390625,15.933354213271631,15.933354213271631,0
1993-07-23,16.676910400390625,16.676910400390625,16.676910400390625,16.676910400390625,0
1993-07-26,17.1018009185791,17.632912109528093,16.99557705644023,17.208022074136185,0
1993-07-27,17.632911682128906,17.632911682128906,16.676910478960252,16.676910478960252,0
1993-07-28,17.526687622070312,17.739132615783085,16.995575137788386,16.995575137788386,0
1993-07-29,19.544912338256836,19.96980232530187,17.845355096658174,17.845355096658174,0
1993-07-30,20.39468765258789,20.607132611667982,19.757354128638134,20.607132611667982,0
1993-08-02,20.39468765258789,20.39468765258789,20.39468765258789,20.39468765258789,0
1993-08-03,19.757362365722656,20.394696155384615,19.544917318071644,20.394696155384615,0
1993-08-04,19.544912338256836,19.651134835018095,19.12002370450254,19.33246734473432,0
1993-08-05,19.544912338256836,19.544912338256836,19.544912338256836,19.544912338256836,0
1993-08-06,19.969806671142578,20.288472877483937,19.75736163138765,19.969806671142578,0
1993-08-09,19.969806671142578,19.969806671142578,19.969806671142578,19.969806671142578,0
1993-08-10,20.182249069213867,20.713360245792245,19.96980405726617,19.96980405726617,0
1993-08-11,20.182249069213867,20.182249069213867,20.182249069213867,20.182249069213867,0
1993-08-12,20.819583892822266,21.244473940004546,20.60713886923112,20.60713886923112,0
1993-08-13,21.244474411010742,21.244474411010742,20.819584354408324,21.244474411010742,0
1993-08-16,20.607135772705078,21.66935937775509,20.39469078103693,21.66935937775509,0
1993-08-17,21.032028198242188,21.456916877625055,20.182249486185565,20.182249486185565,0
1993-08-18,21.244474411010742,21.6693631143222,20.92580686855893,21.244474411010742,0
1993-08-19,22.09424591064453,22.41291199509011,21.24446742997213,21.24446742997213,0
1993-08-20,23.156471252441406,23.156471252441406,22.306694005576272,22.306694005576272,0
1993-08-23,23.156471252441406,23.156471252441406,23.156471252441406,23.156471252441406,0
1993-08-24,22.94403076171875,23.15647579172525,22.30669837828119,22.51914205499672,0
1993-08-25,22.73158073425293,22.944025717554137,22.09424849093066,22.519137104242397,0
1993-08-26,23.050251007080078,23.26269601616819,22.519139837650634,22.519139837650634,0
1993-08-27,23.050251007080078,23.368918520712246,22.94402850253602,23.368918520712246,0
1993-08-30,22.73158073425293,23.05024820920474,22.519137104242397,23.05024820920474,0
1993-08-31,22.73158073425293,22.73158073425293,22.73158073425293,22.73158073425293,0
1993-09-01,22.73158073425293,22.944025717554137,22.306693474231867,22.519137104242397,0
1993-09-02,23.368913650512695,23.581358615326206,23.156468685699185,23.156468685699185,0
1993-09-03,22.837804794311523,23.156472291148127,22.73158229536599,23.156472291148127,0
1993-09-06,22.306697845458984,22.51914151710004,22.094252820526986,22.306697845458984,0
1993-09-07,21.881803512573242,22.094248495922447,20.819579949117895,21.988024650957172,0
1993-09-08,21.881803512573242,22.306693479271654,21.775581020898642,21.881803512573242,0
1993-09-09,22.519140243530273,22.73158390315658,22.306696583903964,22.519140243530273,0
1993-09-10,22.94403076171875,23.368920821731752,22.62536456999997,22.731585731712247,0
1993-09-13,23.2626953125,23.47514031516191,22.944027808507133,23.050250309838088,0
1993-09-14,23.156471252441406,23.368916240803042,22.944026264079767,22.944026264079767,0
1993-09-15,22.94403076171875,23.2626983067285,22.94403076171875,23.2626983067285,0
1993-09-16,22.73158073425293,22.944025717554137,22.519137104242397,22.519137104242397,0
1993-09-17,22.94403076171875,22.94403076171875,22.731585731712247,22.731585731712247,0
1993-09-20,22.94403076171875,23.15647579172525,22.731585731712247,22.731585731712247,0
1993-09-21,22.73158073425293,23.262693192505946,22.519137104242397,22.73158073425293,0
1993-09-22,22.625364303588867,22.837807977802896,22.412919276083883,22.519141789836375,0
1993-09-23,22.625364303588867,22.625364303588867,22.625364303588867,22.625364303588867,0
1993-09-24,22.519140243530273,22.73158390315658,22.412917737071687,22.519140243530273,0
1993-09-27,22.519140243530273,22.519140243530273,22.094251570986795,22.094251570986795,0
1993-09-28,22.519140243530273,22.62536274998886,22.412917737071687,22.519140243530273,0
1993-09-29,22.09424591064453,22.519134474335477,22.09424591064453,22.306690869135263,0
1993-09-30,22.41291618347168,22.519138682567224,22.094250039475824,22.094250039475824,0
1993-10-01,21.881803512573242,22.51913710933018,21.881803512573242,22.51913710933018,0
1993-10-04,21.988021850585938,22.09424568202266,21.56313329129156,22.09424568202266,0
1993-10-05,21.988021850585938,22.200466806878378,21.775578247584,21.88180072573022,0
1993-10-06,21.988021850585938,22.09424568202266,21.88180072573022,21.88180072573022,0
1993-10-07,23.156471252441406,23.156471252441406,22.200470158104746,22.200470158104746,0
1993-10-08,24.4311466217041,25.17470153992564,23.793811514729622,23.793811514729622,0
1993-10-11,24.4311466217041,25.49336909341288,24.218701586045942,25.49336909341288,0
1993-10-12,24.4311466217041,24.64359165736226,24.218701586045942,24.32492410387502,0
1993-10-13,24.4311466217041,24.4311466217041,24.4311466217041,24.4311466217041,0
1993-10-14,24.4311466217041,24.4311466217041,24.4311466217041,24.4311466217041,0
1993-10-15,24.4311466217041,24.4311466217041,24.4311466217041,24.4311466217041,0
1993-10-18,24.4311466217041,24.4311466217041,24.4311466217041,24.4311466217041,0
1993-10-19,24.643587112426758,25.0684743988005,24.643587112426758,25.0684743988005,0
1993-10-20,24.4311466217041,25.06847902209656,24.32492410387502,25.06847902209656,0
1993-10-21,23.90003204345703,24.218699570422878,23.793809534468416,24.218699570422878,0
1993-10-22,23.368913650512695,24.006248544953223,23.156468685699185,24.006248544953223,0
1993-10-25,23.368913650512695,23.47513613291945,22.83780123847892,23.156468685699185,0
1993-10-26,23.156471252441406,23.475138734983858,22.83780376989895,23.368916240803042,0
1993-10-27,23.58136558532715,23.58136558532715,22.625364314389316,23.156475530114353,0
1993-10-28,23.156471252441406,23.368916240803042,22.944026264079767,23.368916240803042,0
1993-10-29,22.94403076171875,22.94403076171875,22.51914205499672,22.94403076171875,0
1993-11-01,22.41291618347168,22.625361181662765,21.988026187089513,22.30669503766691,0
1993-11-02,22.41291618347168,22.625361181662765,22.200471185280595,22.30669503766691,0
1993-11-03,22.519140243530273,22.73158390315658,22.412917737071687,22.412917737071687,0
1993-11-04,22.94403076171875,23.050253276722,22.30669837828119,22.41291953999347,0
1993-11-05,23.050251007080078,23.156473511624135,22.62536234219469,22.94402850253602,0
1993-11-08,23.2626953125,23.793807819154775,23.156472811169042,23.368917813830954,0
1993-11-09,23.68758201599121,24.112471962089252,23.36891455641768,23.36891455641768,0
1993-11-10,24.112472534179688,24.218695023224424,23.581360088956007,23.581360088956007,0
1993-11-11,24.112472534179688,24.112472534179688,24.112472534179688,24.112472534179688,0
1993-11-12,24.112472534179688,24.112472534179688,24.112472534179688,24.112472534179688,0
1993-11-15,24.112472534179688,24.112472534179688,24.112472534179688,24.112472534179688,0
1993-11-16,24.749805450439453,24.96225043443943,24.218695697020873,24.218695697020873,0
1993-11-17,24.749805450439453,25.599585386439355,24.643585665020826,24.749805450439453,0
1993-11-18,24.962249755859375,25.2809172231966,24.431140016878615,24.431140016878615,0
1993-11-19,25.06847381591797,25.918253782069726,24.85602882438003,25.493363798993848,0
1993-11-22,24.85603141784668,25.599588965811915,24.643589110724065,25.493366458959738,0
1993-11-23,24.643587112426758,25.28091939527813,24.43114211594913,24.643587112426758,0
1993-11-24,24.218700408935547,25.06847780368412,24.218700408935547,24.53736794693447,0
1993-11-25,24.218700408935547,24.218700408935547,23.5813653329377,24.112477896269237,0
1993-11-26,25.06847381591797,25.280918807455908,24.218696556347663,24.431141547885602,0
1993-11-29,25.06847381591797,25.06847381591797,25.06847381591797,25.06847381591797,0
1993-11-30,25.06847381591797,25.06847381591797,25.06847381591797,25.06847381591797,0
1993-12-01,25.918258666992188,25.918258666992188,24.856033509100477,24.962256024889648,0
1993-12-02,27.192922592163086,29.104924919634215,27.192922592163086,28.042702607297638,0
1993-12-03,27.192922592163086,28.467592614864913,26.343145283610145,26.768035291177423,0
1993-12-06,26.768037796020508,27.0867026249337,25.705812677703655,25.918257701367025,0
1993-12-07,28.467592239379883,28.89247953476132,27.19292223349084,27.19292223349084,0
1993-12-08,29.104921340942383,29.52981129626591,28.467589114538374,28.892476363280622,0
1993-12-09,28.892473220825195,29.529808084491517,28.680028266269755,29.529808084491517,0
1993-12-10,29.742263793945312,30.59204121286834,29.317373731192816,29.317373731192816,0
1993-12-13,31.229368209838867,32.07914811501272,29.742256082365888,29.742256082365888,0
1993-12-14,31.229368209838867,31.229368209838867,31.229368209838867,31.229368209838867,0
1993-12-15,31.229368209838867,31.229368209838867,31.229368209838867,31.229368209838867,0
1993-12-16,31.229368209838867,31.229368209838867,31.229368209838867,31.229368209838867,0
1993-12-17,31.229368209838867,31.229368209838867,31.229368209838867,31.229368209838867,0
1993-12-20,31.229368209838867,31.229368209838867,31.229368209838867,31.229368209838867,0
1993-12-21,31.229368209838867,31.229368209838867,31.229368209838867,31.229368209838867,0
1993-12-22,31.229368209838867,31.229368209838867,31.229368209838867,31.229368209838867,0
1993-12-23,31.229368209838867,31.229368209838867,31.229368209838867,31.229368209838867,0
1993-12-24,29.742263793945312,30.59204121286834,29.742263793945312,30.16715385669781,0
1993-12-27,29.742263793945312,29.742263793945312,29.742263793945312,29.742263793945312,0
1993-12-28,29.742263793945312,29.742263793945312,29.742263793945312,29.742263793945312,0
1993-12-29,29.742263793945312,29.742263793945312,29.742263793945312,29.742263793945312,0
1993-12-30,29.742263793945312,29.742263793945312,29.742263793945312,29.742263793945312,0
1993-12-31,29.742263793945312,29.742263793945312,29.742263793945312,29.742263793945312,0
1994-01-03,31.01692771911621,31.441817733149396,30.592037705083023,30.592037705083023,0
1994-01-04,31.654268264770508,32.18538087500683,31.441823220675982,31.441823220675982,0
1994-01-05,31.229368209838867,31.654258162425794,31.016923233545405,31.016923233545405,0
1994-01-06,32.716487884521484,32.92893290982287,31.12315290134297,31.44182043929505,0
1994-01-07,35.26582336425781,35.47826837680437,33.99115599556018,34.4160460206533,0
1994-01-10,36.75293731689453,36.9653823385243,34.41604749213079,34.84093753539032,0
1994-01-11,38.0275993347168,38.45248658075856,36.540487207117465,36.540487207117465,0
1994-01-12,39.08982467651367,39.514714663558706,37.815157421960045,37.815157421960045,0
1994-01-13,38.24004364013672,39.93960071423016,37.39026374979939,39.72715574164583,0
1994-01-14,38.66493606567383,39.51471607001021,36.54049146799603,36.96537876358264,0
1994-01-17,37.815155029296875,39.51471216336014,37.39026506913573,39.51471216336014,0
1994-01-18,37.39026641845703,38.45248865061152,37.17782143070985,37.17782143070985,0
1994-01-19,36.540489196777344,36.96537646595457,35.690709245260074,36.752931478075254,0
1994-01-20,36.1156005859375,36.54049057775402,35.159598104350316,35.69071059412097,0
1994-01-21,36.1156005859375,36.1156005859375,36.1156005859375,36.1156005859375,0
1994-01-24,37.39026641845703,38.24004636944575,36.00937670468176,36.328044186302535,0
1994-01-25,39.08982467651367,39.514714663558706,37.815157421960045,37.815157421960045,0
1994-01-26,39.08982467651367,39.08982467651367,39.08982467651367,39.08982467651367,0
1994-01-27,39.08982467651367,39.72715965708122,38.877379682991155,39.514714663558706,0
1994-01-28,39.196048736572266,39.51471623956579,38.24004893417327,39.51471623956579,0
1994-01-31,38.45249557495117,39.089830652960934,38.02760822952656,38.24005325552981,0
1994-02-01,38.133819580078125,38.34626454389494,37.60270717053608,37.81515213435289,0
1994-02-02,39.08982467651367,39.30226967003619,37.815157421960045,37.815157421960045,0
1994-02-03,37.39026641845703,39.30226860160025,37.39026641845703,39.08982361385306,0
1994-02-04,36.96538543701172,37.3902755158861,36.54049806471941,37.17783047644891,0
1994-02-07,38.66493606567383,39.51471607001021,37.39026876575083,37.81515876791902,0
1994-02-08,40.15205383300781,40.78938617348388,39.51471878594999,39.51471878594999,0
1994-02-09,39.196048736572266,40.36449624754854,38.66493623158305,39.51471623956579,0
1994-02-10,39.08982467651367,39.30226967003619,38.45248969594612,38.66493468946864,0
1994-02-11,37.815155029296875,39.08982220319899,37.602710049216306,39.08982220319899,0
1994-02-14,36.96538543701172,37.60272055532329,36.54049806471941,37.60272055532329,0
1994-02-15,36.540489196777344,37.28404394777355,36.32804420889803,36.96537646595457,0
1994-02-16,36.22182083129883,36.75293058145888,35.90315335725399,36.75293058145888,0
1994-02-17,36.64670944213867,36.96537692794029,36.009377177116875,36.009377177116875,0
1994-02-18,36.96538543701172,37.3902755158861,36.54049806471941,36.96538543701172,0
1994-02-21,39.7271614074707,41.001828718186516,38.24004909387199,39.089826398822,0
1994-02-22,40.15205383300781,41.4267212205417,39.93960881732187,40.57694115779793,0
1994-02-23,38.24004364013672,40.15204568681449,38.13382115384455,39.72715574164583,0
1994-02-24,42.91382598876953,42.91382598876953,38.877376822043004,39.0898217999319,0
1994-02-25,46.31294250488281,46.737832481606084,44.18849803442927,44.613388011152544,0
1994-02-28,47.587615966796875,48.43739598331037,40.789383954433774,45.88805593376989,0
1994-03-01,45.03828048706055,48.012507961319216,45.03828048706055,47.800062948402044,0
1994-03-02,44.18849182128906,45.25071390716168,42.701379818434994,44.613381738270526,0
1994-03-03,43.33872604370117,43.976061125885046,41.639168531126096,43.976061125885046,0
1994-03-04,41.214271545410156,43.33871875551018,40.78938156207386,43.33871875551018,0
1994-03-07,40.57693862915039,42.488943651172775,40.15205133083813,41.639163641385046,0
1994-03-08,42.2764892578125,43.5511562827696,39.93959745657366,39.93959745657366,0
1994-03-09,41.85161590576172,43.33872847434664,41.21428078783301,42.488951023690426,0
1994-03-10,41.85161590576172,41.85161590576172,41.85161590576172,41.85161590576172,0
1994-03-11,41.63916778564453,41.85161280923567,40.78938769127996,41.21427773846224,0
1994-03-14,41.63916778564453,41.63916778564453,41.63916778564453,41.63916778564453,0
1994-03-15,41.63916778564453,41.63916778564453,41.63916778564453,41.63916778564453,0
1994-03-16,41.63916778564453,41.63916778564453,41.63916778564453,41.63916778564453,0
1994-03-17,41.63916778564453,41.63916778564453,41.63916778564453,41.63916778564453,0
1994-03-18,40.78937530517578,42.48893497781651,40.364488093596634,42.48893497781651,0
1994-03-21,40.78937530517578,42.06404505965633,39.93959817543645,41.63915514149615,0
1994-03-22,39.939613342285156,39.939613342285156,39.08983318326544,39.939613342285156,0
1994-03-23,39.08982467651367,39.514714663558706,36.965377447869976,37.39026743491501,0
1994-03-24,38.66493606567383,38.66493606567383,37.39026876575083,37.81515876791902,0
1994-03-25,38.24004364013672,38.66493087872417,36.54048656604328,37.81515369496805,0
1994-03-28,38.66493606567383,38.66493606567383,37.39026876575083,37.81515876791902,0
1994-03-29,39.30227279663086,39.51471780705391,38.24005045109729,38.24005045109729,0
1994-03-30,39.939613342285156,39.939613342285156,39.08983318326544,39.08983318326544,0
1994-03-31,39.939613342285156,39.939613342285156,39.30227822302037,39.30227822302037,0
1994-04-01,39.939613342285156,39.939613342285156,39.939613342285156,39.939613342285156,0
1994-04-04,39.51472473144531,39.939614826747345,39.08983463614329,39.72716977909633,0
1994-04-05,39.08982467651367,40.15204964412626,39.08982467651367,39.514714663558706,0
1994-04-06,39.939613342285156,40.258280901917544,39.5147232627753,39.939613342285156,0
1994-04-07,39.51472473144531,40.25828239822386,39.302279683794296,40.152059874398354,0
1994-04-08,39.7271614074707,40.789383715303615,39.7271614074707,40.36449641611941,0
1994-04-11,39.7271614074707,39.7271614074707,39.7271614074707,39.7271614074707,0
1994-04-12,41.214271545410156,41.63916152874645,40.15204929365087,40.15204929365087,0
1994-04-13,41.00182342529297,41.214268400751514,40.36449120549858,40.683155962105154,0
1994-04-14,41.00182342529297,41.00182342529297,41.00182342529297,41.00182342529297,0
1994-04-15,39.939613342285156,40.364503421795014,39.939613342285156,40.364503421795014,0
1994-04-18,39.51472473144531,40.152059874398354,39.302279683794296,39.72716977909633,0
1994-04-19,39.08982467651367,39.514714663558706,39.08982467651367,39.30226967003619,0
1994-04-20,39.08982467651367,39.08982467651367,39.08982467651367,39.08982467651367,0
1994-04-21,38.66493606567383,38.87738106675792,38.027603769003115,38.87738106675792,0
1994-04-22,38.87738037109375,39.30227036565904,38.664935373811105,38.77116057903395,0
1994-04-25,39.08982467651367,39.30226967003619,38.66493468946864,38.66493468946864,0
1994-04-26,38.45249557495117,39.089830652960934,38.24005325552981,38.771165820537945,0
1994-04-27,38.87738037109375,38.87738037109375,37.81515809126204,38.24004808582734,0
1994-04-28,38.45249557495117,38.45249557495117,38.02760822952656,38.24005325552981,0
1994-04-29,38.66493606567383,38.66493606567383,38.24004877008721,38.45249106458973,0
1994-05-02,38.87738037109375,39.089825368376395,38.45249037652846,38.45249037652846,0
1994-05-03,38.983604431152344,38.983604431152344,38.45249191667298,38.45249191667298,0
1994-05-04,39.08982467651367,39.40849216679745,38.877379682991155,39.08982467651367,0
1994-05-05,40.15205383300781,40.364498848693756,38.877383738892156,39.0898287545781,0
1994-05-06,41.63916778564453,42.48894788000909,40.36450035067954,40.78938769127996,0
1994-05-09,42.2764892578125,42.48893421306885,41.63915439204345,41.63915439204345,0
1994-05-10,42.488948822021484,42.91383617204198,42.06405876541906,42.59516862959016,0
1994-05-11,43.126277923583984,43.44494544182326,42.48894559368715,42.913832911424464,0
1994-05-12,43.126277923583984,43.126277923583984,43.126277923583984,43.126277923583984,0
1994-05-13,43.763607025146484,43.97605200849569,43.126272075098875,43.338717058448076,0
1994-05-16,44.40094757080078,44.61339258092326,43.55116753031087,43.76361254043335,0
1994-05-17,43.55117416381836,44.61339937622384,43.126284078856166,44.188509291261646,0
1994-05-18,43.763607025146484,43.97605200849569,43.551162041797284,43.551162041797284,0
1994-05-19,43.763607025146484,44.61338695854331,43.763607025146484,43.763607025146484,0
1994-05-20,43.126277923583984,43.76361296006253,43.020055417504224,43.76361296006253,0
1994-05-23,42.91382598876953,43.23249345560288,42.70138371746191,42.91382598876953,0
1994-05-24,42.701385498046875,42.91382777821302,42.488940511299326,42.701385498046875,0
1994-05-25,42.701385498046875,42.701385498046875,42.701385498046875,42.701385498046875,0
1994-05-26,42.8076171875,43.12628475622685,42.5951721416821,42.91383971040895,0
1994-05-27,44.29472351074219,44.61339101473886,43.33872099875217,43.33872099875217,0
1994-05-30,43.869834899902344,45.250724754533955,43.33872237635877,45.144502249825244,0
1994-05-31,43.126277923583984,43.76361296006253,43.126277923583984,43.55116794790302,0
1994-06-01,43.126277923583984,43.3387229357435,42.70139060584667,43.23250042966374,0
1994-06-02,44.18849182128906,44.18849182128906,42.913822070344686,43.33871198732615,0
1994-06-03,45.38740921020508,45.601501058998224,44.745136391388314,44.745136391388314,0
1994-06-06,44.959228515625,45.60150133837666,44.959228515625,45.38740948827188,0
1994-06-07,44.102867126464844,45.17332379533024,43.888775247179154,44.9592346436076,0
1994-06-08,43.888771057128906,44.42400070424489,43.67467919828251,43.888771057128906,0
1994-06-09,44.31695556640625,44.53104742907673,43.67467997839482,43.781725909730056,0
1994-06-10,44.31695556640625,44.95923115441768,44.31695556640625,44.31695556640625,0
1994-06-13,43.888771057128906,44.53104663366808,43.67467919828251,44.31695477482169,0
1994-06-14,43.24650192260742,43.88877759482026,43.24650192260742,43.67468570408265,0
1994-06-15,43.46057891845703,43.67467073582071,43.03239801129194,43.56762482713887,0
1994-06-16,43.888771057128906,43.9958169865521,43.139449551166535,43.24649548058973,0
1994-06-17,44.745140075683594,44.95923194210497,43.8887726099981,44.531048209262224,0
1994-06-20,46.029693603515625,46.88606121402792,44.531055740245804,44.745147642873874,0
1994-06-21,46.029693603515625,46.029693603515625,46.029693603515625,46.029693603515625,0
1994-06-22,46.029693603515625,46.243785506143695,45.17332872056667,45.17332872056667,0
1994-06-23,44.745140075683594,45.815599407790465,44.531048209262224,45.38741294738483,0
1994-06-24,43.888771057128906,44.53104663366808,43.67467919828251,44.53104663366808,0
1994-06-27,43.03240966796875,43.674682566477266,43.03240966796875,43.24649881576292,0
1994-06-28,43.24650192260742,43.67468570408265,43.03241275943301,43.24650192260742,0
1994-06-29,41.533756256103516,43.24648810730046,41.533756256103516,43.03239901251788,0
1994-06-30,41.747867584228516,41.747867584228516,40.2492268551693,40.677410699918674,0
1994-07-01,41.961936950683594,42.39012056527021,40.67738883448588,40.67738883448588,0
1994-07-04,41.533756256103516,41.96193990079333,40.89148078906879,41.74784807844842,0
1994-07-05,40.89148712158203,41.31967083258098,40.67739799364531,41.10557897708151,0
1994-07-06,41.10558319091797,41.10558319091797,40.249218408694716,40.677402163587864,0
1994-07-07,41.10558319091797,41.10558319091797,40.677402163587864,40.8914913134714,0
1994-07-08,41.319671630859375,41.319671630859375,40.46330691987963,40.677398779515265,0
1994-07-11,41.533756256103516,41.533756256103516,40.67739169428621,40.67739169428621,0
1994-07-12,41.533756256103516,41.96193990079333,40.67739169428621,40.67739169428621,0
1994-07-13,41.533756256103516,41.533756256103516,41.10557261141369,41.533756256103516,0
1994-07-14,41.533756256103516,41.533756256103516,40.89148078906879,41.10557261141369,0
1994-07-15,40.46330642700195,40.891487413494815,39.8210308559185,40.67739828402977,0
1994-07-18,38.322391510009766,40.463307404441544,38.322391510009766,39.82103181784316,0
1994-07-19,40.035118103027344,40.24920993540315,38.10829433920751,38.10829433920751,0
1994-07-20,39.82102966308594,40.463305214930124,39.82102966308594,39.82102966308594,0
1994-07-21,39.60694122314453,39.82103309219536,39.392849354093705,39.82103309219536,0
1994-07-22,39.499900817871094,39.71399271689081,38.964671070321806,39.39285486836123,0
1994-07-25,39.39284133911133,39.6069331646024,38.964657688129165,38.964657688129165,0
1994-07-26,39.564125061035156,39.60694234503298,39.071715384808236,39.17875859480278,0
1994-07-27,39.60694122314453,39.60694122314453,39.392849354093705,39.392849354093705,0
1994-07-28,39.82102966308594,39.82102966308594,39.17875411124175,39.82102966308594,0
1994-07-29,41.533756256103516,41.74784807844842,40.463299871941295,40.463299871941295,0
1994-08-01,42.604217529296875,44.102857634180445,42.3901256960903,43.246490301354136,0
1994-08-02,42.92534637451172,43.246484078109305,42.60421139847621,43.246484078109305,0
1994-08-03,42.81831741333008,43.032409286790845,42.39013366640855,43.032409286790845,0
1994-08-04,42.17604064941406,43.24649726013123,41.961948781758046,42.818316252382104,0
1994-08-05,42.17604064941406,43.24649726013123,41.961948781758046,42.818316252382104,0
1994-08-08,42.39012145996094,42.60421327177289,41.747846024525074,41.747846024525074,0
1994-08-09,42.17604064941406,42.818316252382104,41.74785691410203,42.39013251707007,0
1994-08-10,42.39012145996094,42.818305083584846,41.96193783633703,42.17602964814898,0
1994-08-11,42.17604064941406,42.60422438472609,41.31967317879,42.39013251707007,0
1994-08-12,42.81831741333008,43.246498432688625,42.39013366640855,42.39013366640855,0
1994-08-15,42.81831741333008,42.81831741333008,42.81831741333008,42.81831741333008,0
1994-08-16,42.81831741333008,43.246498432688625,42.39013366640855,42.39013366640855,0
1994-08-17,43.03240966796875,43.674682566477266,42.604225917254404,42.604225917254404,0
1994-08-18,43.888771057128906,43.888771057128906,42.81831449045974,43.24649548058973,0
1994-08-19,43.03240966796875,43.674682566477266,42.604225917254404,43.46059069112009,0
1994-08-22,43.03240966796875,43.03240966796875,43.03240966796875,43.03240966796875,0
1994-08-23,43.03240966796875,43.03240966796875,43.03240966796875,43.03240966796875,0
1994-08-24,42.92534637451172,43.4605758805077,42.60421139847621,43.246484078109305,0
1994-08-25,43.03240966796875,43.46059069112009,42.49717997957582,43.24649881576292,0
1994-08-26,43.03240966796875,43.03240966796875,43.03240966796875,43.03240966796875,0
1994-08-29,44.745140075683594,45.173321080963454,42.81831600545412,42.81831600545412,0
1994-08-30,44.745140075683594,44.745140075683594,44.745140075683594,44.745140075683594,0
1994-08-31,47.10014343261719,47.10014343261719,45.173319432693084,45.173319432693084,0
1994-09-01,47.20718002319336,47.956501380093165,46.67195048255065,47.31422593132191,0
1994-09-02,47.95650863647461,48.384692333777984,46.45786569591277,46.886049393216155,0
1994-09-05,48.38469696044922,48.59878882957293,47.528329483954366,47.95651322220179,0
1994-09-06,48.170597076416016,48.38468890991786,47.10013790890679,47.95650524291417,0
1994-09-07,48.38469696044922,49.669248175191505,47.95651322220179,48.38469696044922,0
1994-09-08,48.8128776550293,49.45515322235213,48.38469394348074,48.38469394348074,0
1994-09-09,48.8128776550293,48.8128776550293,48.8128776550293,48.8128776550293,0
1994-09-12,49.883331298828125,50.95378500165016,49.34810171985467,49.66923946723875,0
1994-09-13,49.455142974853516,50.52559657679291,49.02695935202801,49.66923478626627,0
1994-09-14,49.883331298828125,50.95378500165016,49.66923946723875,49.66923946723875,0
1994-09-15,50.73970413208008,50.953796009922776,50.09742849855199,50.09742849855199,0
1994-09-16,51.167884826660156,52.6665278819031,50.52560923155603,50.52560923155603,0
1994-09-19,50.09743118286133,51.38198251874605,49.66925285935945,51.16789062943193,0
1994-09-20,49.02696990966797,50.52560745715474,48.81287805215192,50.52560745715474,0
1994-09-21,49.455142974853516,49.66923478626627,48.81286754061526,48.81286754061526,0
1994-09-22,48.8128776550293,49.88333693390069,48.17060208770646,49.66924507812641,0
1994-09-23,49.455142974853516,49.455142974853516,49.02695935202801,49.241051163440765,0
1994-09-26,49.455142974853516,49.455142974853516,49.455142974853516,49.455142974853516,0
1994-09-27,47.95650863647461,49.24105972838475,47.52832493917123,48.812876031081366,0
1994-09-28,47.95650863647461,48.17060048512629,47.52832493917123,47.9565086364746,0
1994-09-29,47.74241638183594,48.384691922329296,47.74241638183594,47.74241638183594,0
1994-09-30,47.74241638183594,48.384691922329296,47.52832453500482,48.06355415208262,0
1994-10-03,48.38469696044922,48.81288069869665,47.74242135307808,47.95651322220179,0
1994-10-04,48.8128776550293,49.026969510803575,48.17060208770646,48.38469394348074,0
1994-10-05,48.8128776550293,49.24106136657785,48.38469394348074,48.8128776550293,0
1994-10-06,48.919925689697266,49.241063487188775,48.38469602721142,48.81287975720009,0
1994-10-07,49.02696990966797,49.66924548221611,48.81287805215192,48.81287805215192,0
1994-10-10,49.02696990966797,49.88333733973216,49.02696990966797,49.24106176718402,0
1994-10-11,48.8128776550293,49.66924507812641,48.8128776550293,49.026969510803575,0
1994-10-12,47.95650863647461,49.24105972838475,47.74241678782292,48.812876031081366,0
1994-10-13,47.95650863647461,47.9565086364746,47.9565086364746,47.9565086364746,0
1994-10-14,48.38469696044922,48.59878882957293,47.95651322220179,48.38469696044922,0
1994-10-17,48.38469696044922,48.38469696044922,47.95651322220179,48.170605091325505,0
1994-10-18,48.38469696044922,48.81288069869665,47.95651322220179,47.95651322220179,0
1994-10-19,48.170597076416016,48.38468890991786,47.95650524291417,47.95650524291417,0
1994-10-20,47.95650863647461,48.384692333777984,47.74241678782292,47.9565086364746,0
1994-10-21,48.170597076416016,48.38468890991786,47.95650524291417,48.170597076416016,0
1994-10-24,47.95650863647461,48.49173825810383,47.9565086364746,48.17060048512629,0
1994-10-25,47.95650863647461,48.384692333777984,47.52832493917123,47.9565086364746,0
1994-10-26,47.528324127197266,47.95650781718555,47.10014043720898,47.74241597219141,0
1994-10-27,47.10014343261719,47.5283271498365,46.67195971539788,46.67195971539788,0
1994-10-28,46.243770599365234,47.100137933825685,46.243770599365234,47.100137933825685,0
1994-10-31,46.029693603515625,46.88606121402792,45.81560715601425,46.45787740877177,0
1994-11-01,46.029693603515625,46.029693603515625,46.029693603515625,46.029693603515625,0
1994-11-02,46.029693603515625,46.029693603515625,46.029693603515625,46.029693603515625,0
1994-11-03,46.243770599365234,46.67195426659546,46.243770599365234,46.67195426659546,0
1994-11-04,46.243770599365234,46.243770599365234,46.243770599365234,46.243770599365234,0
1994-11-07,46.671966552734375,46.671966552734375,45.815604447966244,46.243782772787114,0
1994-11-08,46.671966552734375,46.671966552734375,46.02969088281349,46.671966552734375,0
1994-11-09,45.38740921020508,46.457865726608134,45.38740921020508,46.24377387781499,0
1994-11-10,45.38740921020508,45.601501058998224,44.531044542595176,45.17331736141194,0
1994-11-11,44.531044006347656,46.24377332094261,44.531044006347656,45.38740866364513,0
1994-11-14,43.24650192260742,44.95923704850833,43.03241275943301,44.5310532670331,0
1994-11-15,42.81831741333008,43.67468217961015,42.60422553986931,43.67468217961015,0
1994-11-16,44.531044006347656,44.531044006347656,43.246492929057496,43.67467662148755,0
1994-11-17,44.959228515625,45.1733176381671,44.102861115205876,44.531044815415434,0
1994-11-18,44.959228515625,44.959228515625,44.959228515625,44.959228515625,0
1994-11-21,44.959228515625,44.959228515625,44.531044815415434,44.531044815415434,0
1994-11-22,44.102867126464844,44.9592346436076,43.888775247179154,44.53105088503622,0
1994-11-23,42.81831741333008,44.316957799992444,41.961949919487026,43.88877405307091,0
1994-11-24,43.24650192260742,43.460593813345035,42.39013708722017,42.818320868695395,0
1994-11-25,44.102867126464844,44.53105088503622,43.35354554896493,43.888775247179154,0
1994-11-28,44.102867126464844,44.102867126464844,44.102867126464844,44.102867126464844,0
1994-11-29,44.31695556640625,44.74513929174721,43.8887718410653,44.10286370373577,0
1994-11-30,43.888771057128906,44.31695477482169,43.460587339436124,44.31695477482169,0
1994-12-01,44.102867126464844,44.31695900575053,43.460591488607776,43.674683367893465,0
1994-12-02,43.888771057128906,44.31695477482169,43.67467919828251,43.67467919828251,0
1994-12-05,43.6746826171875,43.6746826171875,43.03240971793325,43.246498865975994,0
1994-12-06,43.03240966796875,43.674682566477266,42.81831779261158,43.46059069112009,0
1994-12-07,43.03240966796875,43.03240966796875,42.39013404189723,42.81831779261158,0
1994-12-08,42.17604064941406,42.818316252382104,41.74785691410203,42.818316252382104,0
1994-12-09,43.24650192260742,43.24650192260742,41.96195330574495,42.39013708722017,0
1994-12-12,43.03240966796875,43.353544753441504,42.17604216654006,42.17604216654006,0
1994-12-13,42.81831741333008,43.032409286790845,42.176041792947785,42.81831741333008,0
1994-12-14,43.888771057128906,44.1028629159753,42.81831449045974,42.81831449045974,0
1994-12-15,44.85218048095703,44.85218048095703,43.67467801672048,43.67467801672048,0
1994-12-16,45.38740921020508,45.601501058998224,44.4239986181986,44.531044542595176,0
1994-12-19,44.959228515625,45.1733176381671,44.531044815415434,44.959228515625,0
1994-12-20,44.31695556640625,44.53104742907673,44.10286370373577,44.31695556640625,0
1994-12-21,44.102867126464844,44.53105088503622,43.674683367893465,43.995821186822,0
1994-12-22,44.531044006347656,44.95922769877771,44.1028603139176,44.1028603139176,0
1994-12-23,44.959228515625,45.38740948827188,44.423998890363045,44.423998890363045,0
1994-12-26,44.959228515625,44.959228515625,44.959228515625,44.959228515625,0
1994-12-27,44.959228515625,44.959228515625,44.959228515625,44.959228515625,0
1994-12-28,44.959228515625,44.959228515625,44.959228515625,44.959228515625,0
1994-12-29,44.959228515625,44.959228515625,44.959228515625,44.959228515625,0
1994-12-30,44.959228515625,44.959228515625,44.959228515625,44.959228515625,0
1995-01-02,44.959228515625,45.38740948827188,44.531044815415434,44.531044815415434,0
1995-01-03,44.745140075683594,45.173321080963454,44.31695634284085,44.745140075683594,0
1995-01-04,44.31695556640625,44.53104742907673,43.8887718410653,44.53104742907673,0
1995-01-05,43.46057891845703,44.102854370548066,43.24648710109335,43.888762553184385,0
1995-01-06,42.604217529296875,43.246490301354136,42.3901256960903,43.246490301354136,0
1995-01-09,42.17604064941406,42.39013251707007,41.961948781758046,42.39013251707007,0
1995-01-10,41.319671630859375,41.74785535013065,41.10557977122374,41.53376349049501,0
1995-01-11,40.67738723754883,41.31965990665189,40.2492036397721,40.89147630887516,0
1995-01-12,40.67738723754883,41.31965990665189,40.2492036397721,41.10556810776353,0
1995-01-13,40.67738723754883,40.89147630887516,40.46329543866046,40.46329543866046,0
1995-01-16,40.89148712158203,41.10557897708151,40.67739799364531,40.89148712158203,0
1995-01-17,40.67738723754883,41.10556810776353,40.67738723754883,40.89147630887516,0
1995-01-18,40.89148712158203,41.10557897708151,40.249214282646356,40.249214282646356,0
1995-01-19,41.10558319091797,41.31967506836454,40.677402163587864,40.677402163587864,0
1995-01-20,40.67738723754883,41.10556810776353,40.46329543866046,40.89147630887516,0
1995-01-23,40.24921417236328,40.46330602727614,39.392846752711826,40.24921417236328,0
1995-01-24,40.24921417236328,40.24921417236328,38.9646630428861,39.82103046253755,0
1995-01-25,41.533756256103516,41.74784807844842,40.03511622725148,40.03511622725148,0
1995-01-26,41.533756256103516,41.533756256103516,41.533756256103516,41.533756256103516,0
1995-01-27,41.533756256103516,41.533756256103516,40.89148078906879,41.533756256103516,0
1995-01-30,42.81831741333008,42.81831741333008,41.5337661725655,41.5337661725655,0
1995-01-31,44.102867126464844,44.102867126464844,42.818318578313765,43.460591488607776,0
1995-02-01,43.24650192260742,44.102869485557875,42.818320868695395,43.88877759482026,0
1995-02-02,43.888771057128906,44.1028629159753,42.39013077276696,42.81831449045974,0
1995-02-03,44.531044006347656,44.531044006347656,43.246492929057496,43.46058477527252,0
1995-02-06,43.888771057128906,44.31695477482169,43.24649548058973,44.1028629159753,0
1995-02-07,43.888771057128906,43.888771057128906,43.032406349306136,43.888771057128906,0
1995-02-08,43.24650192260742,43.67468570408265,42.818320868695395,43.67468570408265,0
1995-02-09,43.24650192260742,43.460593813345035,42.818320868695395,42.818320868695395,0
1995-02-10,43.03240966796875,43.674682566477266,42.81831779261158,43.46059069112009,0
1995-02-13,42.604217529296875,43.03240119571003,42.3901256960903,43.03240119571003,0
1995-02-14,42.604217529296875,43.03240119571003,42.17603386288372,42.604217529296875,0
1995-02-15,41.747867584228516,42.176051428977885,41.747867584228516,42.176051428977885,0
1995-02-16,41.319671630859375,41.74785535013065,41.10557977122374,41.53376349049501,0
1995-02-17,41.10558319091797,41.53376694581112,40.249218408694716,41.53376694581112,0
1995-02-20,40.46330642700195,41.10557927052263,40.46330642700195,40.67739828402977,0
1995-02-21,38.964664459228516,39.9280778413559,38.53648346140141,39.9280778413559,0
1995-02-22,38.10829544067383,38.964660067366616,38.10829544067383,38.964660067366616,0
1995-02-23,39.39284133911133,40.46330046656673,39.17874951362025,39.39284133911133,0
1995-02-24,40.035118103027344,41.105574537343934,39.82102627065153,40.24920993540315,0
1995-02-27,40.035118103027344,40.035118103027344,40.035118103027344,40.035118103027344,0
1995-02-28,39.60694122314453,39.82103309219536,38.964665615992054,39.392849354093705,0
1995-03-01,41.10558319091797,41.31967506836454,39.821034653801576,40.249218408694716,0
1995-03-02,41.319671630859375,41.961947209766294,41.10557977122374,41.961947209766294,0
1995-03-03,41.533756256103516,41.74784807844842,40.89148078906879,40.89148078906879,0
1995-03-06,41.10558319091797,41.53376694581112,40.46331028614129,41.53376694581112,0
1995-03-07,40.67738723754883,40.89147630887516,40.46329543866046,40.89147630887516,0
1995-03-08,40.14216232299805,40.67739188132131,39.821024588004086,40.2492082346627,0
1995-03-09,39.82102966308594,40.463305214930124,39.39284596185648,40.035121513700666,0
1995-03-10,39.60694122314453,40.67740056839867,39.60694122314453,40.249216830297016,0
1995-03-13,38.964664459228516,39.392848184618465,38.53648346140141,39.392848184618465,0
1995-03-14,39.82102966308594,41.10557803921163,39.39284596185648,39.39284596185648,0
1995-03-15,39.60694122314453,40.249216830297016,39.392849354093705,40.249216830297016,0
1995-03-16,38.322391510009766,38.536483372209226,37.68011592341138,38.536483372209226,0
1995-03-17,38.322391510009766,38.322391510009766,38.322391510009766,38.322391510009766,0
1995-03-20,38.322391510009766,38.322391510009766,38.322391510009766,38.322391510009766,0
1995-03-21,38.322391510009766,38.322391510009766,38.322391510009766,38.322391510009766,0
1995-03-22,38.322391510009766,38.322391510009766,38.322391510009766,38.322391510009766,0
1995-03-23,38.10829544067383,38.964660067366616,37.680111763546165,38.10829544067383,0
1995-03-24,37.680110931396484,38.53647826673929,37.25192726372508,38.10829459906789,0
1995-03-27,37.251930236816406,37.89420578958378,37.03783838589395,37.89420578958378,0
1995-03-28,36.82375717163086,37.68012203169014,36.609665274725224,37.68012203169014,0
1995-03-29,35.96738052368164,37.037837010994295,35.96738052368164,36.71670197409431,0
1995-03-30,36.181480407714844,36.823756079380864,35.967388517159506,35.967388517159506,0
1995-03-31,35.96738052368164,36.395564209631736,35.539196837731545,36.395564209631736,0
1995-04-03,37.251930236816406,37.358976162277635,35.967381858844355,35.967381858844355,0
1995-04-04,39.39284133911133,39.6069331646024,37.68010946274506,37.68010946274506,0
1995-04-05,40.67738723754883,40.67738723754883,39.39283644421864,39.39283644421864,0
1995-04-06,41.747867584228516,41.9619595066032,40.46331877754399,40.46331877754399,0
1995-04-07,41.319671630859375,41.961947209766294,41.10557977122374,41.74785535013065,0
1995-04-10,41.319671630859375,41.53376349049501,40.8914879115881,41.10557977122374,0
1995-04-11,41.319671630859375,41.319671630859375,41.319671630859375,41.319671630859375,0
1995-04-12,41.319671630859375,41.319671630859375,41.319671630859375,41.319671630859375,0
1995-04-13,41.319671630859375,41.319671630859375,41.319671630859375,41.319671630859375,0
1995-04-14,41.319671630859375,41.319671630859375,41.319671630859375,41.319671630859375,0
1995-04-17,41.747867584228516,42.60423527372726,41.533775661853824,41.9619595066032,0
1995-04-18,41.533756256103516,41.74784807844842,41.10557261141369,41.319664433758604,0
1995-04-19,42.4971809387207,42.604226878815275,40.78444862477062,41.212629657585836,0
1995-04-20,42.39012145996094,43.46057779145852,41.96193783633703,42.818305083584846,0
1995-04-21,42.4971809387207,43.032410639193564,42.39013499862613,42.39013499862613,0
1995-04-24,41.533756256103516,42.17603172313824,41.533756256103516,42.06898581196579,0
1995-04-25,40.67738723754883,41.31965990665189,40.46329543866046,41.31965990665189,0
1995-04-26,40.035118103027344,40.463301767778965,39.82102627065153,40.24920993540315,0
1995-04-27,39.82102966308594,39.82102966308594,38.964662260627016,39.39284596185648,0
1995-04-28,38.750579833984375,39.82103934738911,38.53649065886678,39.49990149336769,0
1995-05-01,38.750579833984375,38.750579833984375,38.750579833984375,38.750579833984375,0
1995-05-02,37.037845611572266,38.10830507501948,35.96738887568828,37.680121289640596,0
1995-05-03,38.750579833984375,38.750579833984375,36.60966626230161,36.60966626230161,0
1995-05-04,40.67738723754883,40.67738723754883,38.536471976227205,38.536471976227205,0
1995-05-05,42.4971809387207,43.46059167200878,41.53376747786955,41.96195123824784,0
1995-05-08,41.961936950683594,42.39012056527021,41.53375333609698,42.39012056527021,0
1995-05-09,41.10558319091797,41.53376694581112,41.10558319091797,41.10558319091797,0
1995-05-10,41.362491607666016,41.53376345870576,41.01994517802373,41.53376345870576,0
1995-05-11,41.362491607666016,41.362491607666016,41.362491607666016,41.362491607666016,0
1995-05-12,41.4481201171875,41.533754660786364,40.67739013186213,40.67739013186213,0
1995-05-15,41.10558319091797,41.53376694581112,40.8486740290073,41.44813237688291,0
1995-05-16,41.961936950683594,41.961936950683594,40.67738883448588,40.934297912213,0
1995-05-17,43.845951080322266,43.845951080322266,41.105577092130154,42.3901281662222,0
1995-05-18,44.70232009887695,46.67196145282025,44.274136365717965,44.531048242151094,0
1995-05-19,44.531044006347656,45.38740866364513,44.1028603139176,44.95922769877771,0
1995-05-22,43.50341033935547,44.78795885320597,43.33213574947515,44.35977510606814,0
1995-05-23,43.24650192260742,43.84596030769802,42.98959274474757,43.33213922441511,0
1995-05-24,43.50341033935547,44.274137811127986,43.16086388715781,43.76031949661298,0
1995-05-25,43.50341033935547,43.76031949661298,42.81831743496014,43.075226592217646,0
1995-05-26,44.531044006347656,45.64432051564074,44.531044006347656,44.531044006347656,0
1995-05-29,44.61668395996094,45.04486770418739,43.931591060223795,44.274137510092366,0
1995-05-30,44.959228515625,45.30177220271743,44.102861115205876,45.04486307361677,0
1995-05-31,48.55596923828125,49.155422079227236,47.442692662791515,47.956510942209675,0
1995-06-01,48.89851760864258,49.32670136741847,48.64160844440227,48.89851760864258,0
1995-06-02,48.04214859008789,49.15542523709736,47.69960486684509,48.89851608088378,0
1995-06-05,48.12778854370117,48.38469769954887,47.87087938785347,48.213423110608424,0
1995-06-06,48.89851760864258,49.15542677288289,48.042150091090804,48.042150091090804,0
1995-06-07,49.244083404541016,50.108015850932674,49.15768685791268,49.84883171436295,0
1995-06-08,49.244083404541016,49.41687099448241,48.72572613803214,48.98490477128658,0
1995-06-09,49.416873931884766,49.416873931884766,48.898511131248455,49.24408633167266,0
1995-06-12,49.07130432128906,49.503270619367825,48.898516701394314,49.24409194118382,0
1995-06-13,49.07130432128906,49.33048299947308,48.984913262999804,49.15769537957832,0
1995-06-14,49.416873931884766,49.58965602878126,48.812120082800206,49.24408633167266,0
1995-06-15,49.416873931884766,49.58965602878126,49.07129873146056,49.24408633167266,0
1995-06-16,51.31752395629883,52.00866889332022,49.416876755318995,49.5896588620874,0
1995-06-19,52.0086784362793,53.21818092216672,51.49032101422996,52.181466078068055,0
1995-06-20,52.0086784362793,52.52703585832863,51.66310315270179,52.0086784362793,0
1995-06-21,51.83587646484375,52.35423374359702,51.31751918609047,52.18145165288954,0
1995-06-22,50.97195816040039,51.490321086494156,50.79917602168608,51.490321086494156,0
1995-06-23,50.28079605102539,51.49030363191915,50.10801397088206,51.14472846500234,0
1995-06-26,48.89851760864258,50.108025467030444,48.38016024265711,50.108025467030444,0
1995-06-27,48.55294418334961,49.244089120017065,48.034586856678,48.72573179334545,0
1995-06-28,49.7624397277832,49.935227314449335,49.07129488443386,49.07129488443386,0
1995-06-29,49.244083404541016,50.45358552750017,49.244083404541016,49.93522826099129,0
1995-06-30,48.72572708129883,49.24408435784243,48.20736430143983,49.24408435784243,0
1995-07-03,47.34343719482422,48.20736975568699,47.17065508530448,48.20736975568699,0
1995-07-04,46.997867584228516,48.034587760392334,46.652292357735234,46.825079970981875,0
1995-07-05,47.170650482177734,48.380152647367275,46.99786288620338,47.51622017081097,0
1995-07-06,47.861793518066406,47.861793518066406,46.82507348549309,46.99786107480786,0
1995-07-07,48.207366943359375,48.55294214887067,47.689009638408116,47.689009638408116,0
1995-07-10,48.03458023071289,48.55293748588149,48.03458023071289,48.38014989972024,400353
1995-07-11,48.207366943359375,48.55294214887067,47.51622203565246,48.03458484391941,0
1995-07-12,48.89851760864258,49.24409285484378,48.38016024265711,48.38016024265711,226686
1995-07-13,49.58965301513672,49.76244060484824,49.071295749317436,49.244083339028954,318529
1995-07-14,50.97195816040039,51.490321086494156,49.58966803078424,49.76245567281549,1173507
1995-07-17,51.14474105834961,51.835886059048484,50.453596057650735,51.31752868435344,681310
1995-07-18,50.626373291015625,51.4903057403693,50.28079810994803,51.31751814983551,695087
1995-07-19,50.45359802246094,50.45359802246094,49.76245299484686,50.28081038972826,525594
1995-07-20,51.490318298339844,51.835888060373115,50.28081037293176,50.97195540031496,1272030
1995-07-21,51.31752395629883,51.31752395629883,50.79916662936177,51.31752395629883,358606
1995-07-24,51.31752395629883,51.31752395629883,51.31752395629883,51.31752395629883,0
1995-07-25,50.799163818359375,51.66309081434325,50.453588617313336,51.49030871713585,815736
1995-07-26,51.490318298339844,52.18146332572304,50.79917327095664,50.79917327095664,1564259
1995-07-27,50.626373291015625,51.4903057403693,50.10801602272954,51.4903057403693,830347
1995-07-28,49.416873931884766,50.453588526526175,48.38015383392775,49.07129873146056,1515833
1995-07-31,49.58965301513672,49.76244060484824,48.89850815960592,49.071295749317436,1014034
1995-08-01,49.93522644042969,50.28079610439824,49.2440816091775,49.2440816091775,382402
1995-08-02,51.31752395629883,51.83588128323589,49.76244647217173,50.28080379910879,1132595
1995-08-03,50.1080207824707,51.49031063141363,50.1080207824707,51.49031063141363,784008
1995-08-04,51.31752395629883,51.490311566383156,49.76244647217173,49.93523408225606,541875
1995-08-07,51.14474105834961,52.69981868575119,50.971953432345785,51.31752868435344,990238
1995-08-08,51.83587646484375,52.52702133761992,50.97194399804468,50.97194399804468,1493289
1995-08-09,52.0086784362793,52.69982350011738,52.0086784362793,52.52703585832863,503051
1995-08-10,52.0086784362793,52.0086784362793,52.0086784362793,52.0086784362793,0
1995-08-11,52.18145751953125,52.18145751953125,51.66309467918421,52.00866990608224,752698
1995-08-14,52.0086784362793,52.35424821653987,51.66310315270179,52.35424821653987,246724
1995-08-15,52.0086784362793,52.0086784362793,52.0086784362793,52.0086784362793,0
1995-08-16,52.6998291015625,53.04539891855356,52.00868396426285,52.00868396426285,702601
1995-08-17,53.563743591308594,54.25488849237981,52.872598690237375,52.872598690237375,1224021
1995-08-18,53.563743591308594,53.563743591308594,53.563743591308594,53.563743591308594,0
1995-08-21,53.736534118652344,54.082109375055595,53.56375199376721,53.73653411865234,719718
1995-08-22,53.39094543457031,53.90930263206316,53.21815786763452,53.90930263206316,587380
1995-08-23,53.39094543457031,53.39094543457031,53.39094543457031,53.39094543457031,0
1995-08-24,53.563743591308594,53.563743591308594,52.872598690237375,53.39095599021188,561079
1995-08-25,52.6998291015625,53.21818657870785,52.35425378125392,53.04539891855356,416634
1995-08-28,52.52702331542969,52.69981091595859,52.35423571490078,52.52702331542969,49261
1995-08-29,52.52702331542969,52.52702331542969,52.52702331542969,52.52702331542969,0
1995-08-30,52.52702331542969,52.52702331542969,52.52702331542969,52.52702331542969,0
1995-08-31,52.6998291015625,53.04539891855356,52.6998291015625,52.6998291015625,935549
1995-09-01,52.52702331542969,52.872598516487486,52.35423571490078,52.69981091595859,452537
1995-09-04,52.52702331542969,52.69981091595859,52.1814536176875,52.69981091595859,249646
1995-09-05,51.66309356689453,52.527026112223375,51.66309356689453,52.527026112223375,167822
1995-09-06,52.18145751953125,52.35423962966423,51.490312569051234,52.00866990608224,356519
1995-09-07,52.18145751953125,52.872602470011266,52.18145751953125,52.52702724311324,247559
1995-09-08,53.218170166015625,53.39095777288154,52.354237635001866,52.52702524186778,395761
1995-09-11,53.39094543457031,53.90930263206316,53.21815786763452,53.39094543457031,475915
1995-09-12,53.39094543457031,55.291592160920445,53.21815786763452,55.291592160920445,650835
1995-09-13,53.563743591308594,53.73652568908967,53.04538078801845,53.218168389115164,195793
1995-09-14,53.90932083129883,54.08210845656596,53.390963458813836,53.56375108408097,414547
1995-09-15,53.736534118652344,54.082109375055595,53.56375199376721,53.73653411865234,98522
1995-09-18,53.736534118652344,53.90932174685397,53.56375199376721,53.73653411865234,149454
1995-09-19,53.563743591308594,54.0821008912831,53.39095599021188,53.73652568908967,582370
1995-09-20,54.08210372924805,54.42767894957558,53.90931611908429,53.90931611908429,347334
1995-09-21,55.29159164428711,55.63716677492972,54.08208969366696,54.08208969366696,448362
1995-09-22,56.32831954956055,56.67388922607022,55.63717469322592,55.63717469322592,824920
1995-09-25,57.710601806640625,58.2289590060966,56.32831227254831,56.67388190441411,714708
1995-09-26,58.40175247192383,58.747322138690144,57.710607635076066,58.05617730184238,614515
1995-09-27,57.19225311279297,58.92011253571762,57.019465519505886,57.36503520276466,514740
1995-09-28,56.673892974853516,57.537825478246795,56.50111087682738,57.019468177537085,528099
1995-09-29,57.710601806640625,57.88338937423081,56.67388190441411,56.84666947200429,527681
1995-10-02,57.710601806640625,57.71060180664063,57.71060180664063,57.71060180664063,0
1995-10-03,57.710601806640625,57.71060180664063,57.71060180664063,57.71060180664063,0
1995-10-04,59.991390228271484,61.0972209620842,59.16201855374085,61.0972209620842,485047
1995-10-05,59.43846893310547,61.650135785847205,59.16201539191365,60.544305111133994,649426
1995-10-06,59.43846893310547,60.26784606662686,59.43846893310547,59.99138702211973,265876
1995-10-09,59.43846893310547,59.99138702211973,59.16201539191365,59.43846893310547,93147
1995-10-10,59.43846893310547,59.43846893310547,58.885556347406514,59.43846893310547,74883
1995-10-11,59.162010192871094,59.71492272998116,58.885551172658644,59.43846370976872,729789
1995-10-12,59.162010192871094,59.43846370976872,58.609092152446195,59.162010192871094,2675981
1995-10-13,59.162010192871094,59.43846370976872,58.885551172658644,59.162010192871094,559148
1995-10-16,59.023780822753906,59.30023985651042,58.8855540575332,58.8855540575332,65229
1995-10-17,59.023780822753906,59.30023985651042,59.023780822753906,59.023780822753906,148984
1995-10-18,58.332645416259766,59.438476226666985,58.332645416259766,59.438476226666985,498093
1995-10-19,57.641483306884766,58.332628045488995,57.3650243107802,58.05616904938444,222302
1995-10-20,57.22682571411133,57.77974397829951,56.673907449923156,57.77974397829951,187078
1995-10-23,57.36503982543945,58.74732967649506,56.673894899911645,58.60910289271583,42007
1995-10-24,57.36503982543945,57.36503982543945,57.36503982543945,57.36503982543945,0
1995-10-25,57.36503982543945,57.36503982543945,57.36503982543945,57.36503982543945,0
1995-10-26,56.8121337890625,57.64150559474963,56.535674686061306,57.64150559474963,149767
1995-10-27,57.36503982543945,57.64149889631374,56.673894899911645,56.95035397078593,540362
1995-10-30,57.36503982543945,57.50327211253451,57.22681304166022,57.50327211253451,51400
1995-10-31,57.503265380859375,57.503265380859375,57.22680634234903,57.36503310994661,91321
1995-11-01,57.91795349121094,57.91795349121094,57.36503539219261,57.36503539219261,37311
1995-11-02,57.36503982543945,57.91795796718803,57.088586257881,57.91795796718803,49313
1995-11-03,56.95036315917969,57.22682227465799,56.67390404370138,57.22682227465799,61837
1995-11-06,54.738685607910156,56.95034689342413,53.909308498356054,56.95034689342413,671865
1995-11-07,54.738685607910156,54.738685607910156,54.738685607910156,54.738685607910156,0
1995-11-08,54.047550201416016,55.015148743135406,53.21817294710726,54.876921952408665,186035
1995-11-09,53.63285827636719,54.185776440275035,53.218172405094336,53.90931735832111,72274
1995-11-10,52.38878631591797,53.49461683758673,52.11232730967214,53.49461683758673,35484
1995-11-13,51.421199798583984,53.07994888928881,51.14474069958045,52.52703069128174,234304
1995-11-14,50.45359802246094,51.144743050075014,49.76245299484686,50.868283938366055,48009
1995-11-15,50.730045318603516,51.835876004563,50.17712722396609,50.59181854660184,67838
1995-11-16,50.59182357788086,51.559422084749485,50.45359128881683,51.144736224189224,60794
1995-11-17,49.7624397277832,50.453584571132545,49.62421296043941,50.03889876578598,472001
1995-11-20,49.62421417236328,49.900667713802434,48.518377993345425,49.34775512760881,169075
1995-11-21,48.51838302612305,50.315364251769,47.96547038257619,50.315364251769,101236
1995-11-22,47.412559509277344,49.34776781686147,46.997873587171235,49.34776781686147,436777
1995-11-23,47.82722854614258,47.96546080692,46.721397976497116,46.99785699473718,496267
1995-11-24,50.038902282714844,50.177129059773755,48.38015344143005,48.38015344143005,337106
1995-11-27,50.038902282714844,51.42119206656624,49.76244322528145,50.177129059773755,213170
1995-11-28,48.933067321777344,49.76243891899065,48.10369022124895,49.07129408687453,160204
1995-11-29,49.34775924682617,49.48598602908398,47.96546941098495,48.79484111116338,108020
1995-11-30,50.17713928222656,50.86828431495737,49.071308330520615,49.071308330520615,121327
1995-12-01,50.45359802246094,51.282975357587816,50.31537121826478,50.7300571341699,222824
1995-12-04,50.315364837646484,50.591823914296974,50.038905760995995,50.45359162431375,124197
1995-12-05,52.38878631591797,52.527013067383606,50.03889301780025,50.45357877551172,146897
1995-12-06,52.38878631591797,52.803472073629436,51.69764155196067,52.250554061137784,188122
1995-12-07,52.94171142578125,53.49462956987326,52.527025569370174,53.21817049782726,166987
1995-12-08,52.52702331542969,53.632854052846525,52.11233747681282,53.35640049597903,639772
1995-12-11,51.421199798583984,52.388803893438165,51.00651390173688,52.388803893438165,380158
1995-12-12,50.868282318115234,51.69765962682488,50.73005551832186,51.14474142101845,100192
1995-12-13,51.421199798583984,51.559426596427556,50.868281600576914,51.14474069958045,275008
1995-12-14,51.14474105834961,51.559426958105654,50.315369258837535,50.315369258837535,184208
1995-12-15,51.14474105834961,51.42120015929245,49.76245105695186,51.14474105834961,311275
1995-12-18,51.421199798583984,51.559426596427556,51.14474069958045,51.421199798583984,287532
1995-12-19,51.97411346435547,52.388799325041234,51.00650945387809,51.421195314563846,251264
1995-12-20,51.14474105834961,52.25057195880453,51.00651425953641,51.835886059048484,69143
1995-12-21,51.97411346435547,52.25056703593537,51.69765438945966,51.69765438945966,55053
1995-12-22,52.52702331542969,52.8034823756128,51.97411069837907,51.97411069837907,893124
1995-12-25,52.52702331542969,52.52702331542969,52.52702331542969,52.52702331542969,0
1995-12-26,52.52702331542969,52.52702331542969,52.52702331542969,52.52702331542969,0
1995-12-27,52.52702331542969,52.52702331542969,52.52702331542969,52.52702331542969,0
1995-12-28,52.52702331542969,52.52702331542969,52.52702331542969,52.52702331542969,0
1995-12-29,52.52702331542969,52.52702331542969,52.52702331542969,52.52702331542969,0
1996-01-01,52.52702331542969,52.52702331542969,52.1814536176875,52.250564255246566,40703
1996-01-02,52.222930908203125,53.06612707262474,51.97412045897024,52.527033179856275,100975
1996-01-03,52.05013656616211,52.527026409323916,52.00866908052107,52.22292417686837,29744
1996-01-04,51.65617752075195,52.112336335896124,51.35207531286617,52.05013236080233,104889
1996-01-05,51.469566345214844,51.80822934316125,51.28295994048335,51.65617274994634,62620
1996-01-08,51.490318298339844,51.55942894875651,51.006516228839935,51.469581801224855,131503
1996-01-09,50.6332893371582,51.421193546025805,50.3153627877915,51.49030968820161,63142
1996-01-10,51.448829650878906,51.55941326188065,50.86826844477725,50.633282398884774,67577
1996-01-11,51.88426208496094,52.28512912912011,51.21385362746549,51.448839719344406,80623
1996-01-12,52.51320266723633,52.86569005741896,51.83588204980108,51.884261700809596,54532
1996-01-15,52.209110260009766,55.84453545815146,51.85662830678661,52.51321255311669,28961
1996-01-16,52.09160232543945,52.38879788653544,51.71838396040702,52.20909811695843,106715
1996-01-17,51.85661315917969,52.21600717362659,51.83587666662267,52.09159922491536,61837
1996-01-18,51.9879264831543,52.11233442878905,50.86827148238744,51.856611876820104,73318
1996-01-19,52.077796936035156,52.25057908227844,51.55943398735374,51.98794427640609,81145
1996-01-22,52.533939361572266,52.66525948860582,51.97411453873726,52.077786006051745,450084
1996-01-23,51.15165328979492,52.52703112752936,51.075624973193875,52.53394329297641,36789
1996-01-24,49.5965690612793,51.144734319248286,49.071299590358414,51.15164648377563,99931
1996-01-25,49.79700469970703,50.45359435436561,49.36158782165248,49.59657392203356,84015
1996-01-26,49.79700469970703,49.79700469970703,49.79700469970703,49.79700469970703,0
1996-01-29,50.02507781982422,50.45358798186763,49.762443091795895,49.79699841013903,51661
1996-01-30,49.90757751464844,50.59181568175943,49.624211822593736,50.02507329101992,85320
1996-01-31,50.833709716796875,50.93738115723551,50.17712025847583,49.90757341267248,37050
1996-02-01,52.27821731567383,52.28512948067499,50.48124152811984,50.83372341996626,375201
1996-02-02,54.6557502746582,54.87691752462885,51.9741111270533,52.278213344105104,462086
1996-02-05,54.946044921875,55.98275973934081,53.46008334796281,54.65576147099449,257526
1996-02-06,53.79872512817383,55.56805746661275,53.21816390050586,54.946028759107456,378592
1996-02-07,54.61428451538086,54.8769192571839,52.80348447822084,53.79873163119467,76710
1996-02-08,58.9684944152832,59.272602131917665,55.015143628875634,55.29160268794532,370504
1996-02-09,61.09720993041992,61.51190119612451,58.747316605790544,58.96848381328243,323800
1996-02-12,59.32788848876953,60.95898853233418,55.291597604104055,55.291597604104055,125240
1996-02-13,59.079063415527344,60.67560789524445,58.1944001487938,59.327879258760404,150810
1996-02-14,59.452293395996094,61.09721783540004,59.43846906791055,59.07907506089384,162552
1996-02-15,59.32788848876953,59.71492563256498,58.06308909773339,59.45229092642589,51400
1996-02-16,57.74517822265625,58.74043101331896,57.36504763635937,59.327904555174754,50879
1996-02-19,56.701534271240234,58.73350123019583,55.98274080470172,57.74516090161974,54010
1996-02-20,56.8812370300293,57.22681223960777,55.80996708829386,56.70154276396636,215779
1996-02-21,56.8812370300293,56.881237030029304,56.881237030029304,56.881237030029304,0
1996-02-22,58.40866470336914,58.747322206728235,57.088578999024634,56.88123059474655,80884
1996-02-23,59.721839904785156,59.99138678419618,57.917952213588826,58.40866632772841,229347
1996-02-26,57.005638122558594,60.12961144524018,56.763739907630686,59.72183781008382,167509
1996-02-27,58.85099411010742,59.43846750179515,57.9248632124544,57.00563897534684,232217
1996-02-28,58.69204330444336,58.947771408286435,58.19442243404439,58.851006597021204,121849
1996-02-29,58.41556930541992,59.162005853588155,58.056169853846754,58.69202280204085,441996
1996-03-01,58.58145523071289,58.747330676059775,58.374117803174194,58.41558528868193,98366
1996-03-04,59.023780822753906,59.36244382702002,58.33263599002018,58.58144636874349,110890
1996-03-05,59.023780822753906,59.023780822753906,59.023780822753906,59.023780822753906,0
1996-03-06,58.71277618408203,59.16202287615208,58.67822086289049,59.02379058475391,32353
1996-03-07,58.47086715698242,59.092895843729416,58.05617586250276,58.71276536739014,45399
1996-03-08,58.33955001831055,58.470870127285046,57.793544097105475,58.470870127285046,104367
1996-03-11,56.95036315917969,57.57239204151834,56.687728375304474,58.339565399056056,78536
1996-03-12,57.59312438964844,58.05618993514028,56.58405281833833,56.950359056212925,76188
1996-03-13,58.284263610839844,58.4708755456256,57.12314102766997,57.59311869197057,81406
1996-03-14,57.828102111816406,58.95466921615867,57.627665876088024,58.28425538247944,85320
1996-03-15,57.6829719543457,57.883408239667766,57.537832991857066,57.828116420150714,113760
1996-03-18,57.96633529663086,57.97324746104054,57.36503752946011,57.68296407241189,224129
1996-03-19,57.413421630859375,57.64150106080975,57.095500566560474,57.96633979337058,113238
1996-03-20,57.413421630859375,57.413421630859375,57.413421630859375,57.413421630859375,0
1996-03-21,58.332645416259766,58.3464697460103,57.67606129621709,57.41342104422084,132546
1996-03-22,58.346458435058594,58.470866372063924,58.056175083151125,58.332634107988014,127067
1996-03-25,58.94776153564453,59.438470158531764,58.049273749958964,58.34646378935915,213953
1996-03-26,59.05145263671875,59.231146951647084,58.40177502842769,58.94778114631632,137765
1996-03-27,60.62034606933594,64.69119364886679,59.43848673958072,59.05144946463811,206647
1996-03-28,62.67304611206055,64.9607362958802,60.72401352132452,60.62034204337614,980271
1996-03-29,62.20998764038086,64.27651077275368,60.820785274753575,62.67305326115088,541406
1996-04-01,62.88728332519531,63.447108046032035,60.820761017033156,62.20996282859192,353022
1996-04-02,61.75381088256836,63.571523016202455,60.82076774354497,62.887290280255506,307884
1996-04-03,61.712337493896484,62.75596415737946,61.65013352325089,61.75380497322184,46704
1996-04-04,60.9935417175293,64.22810404329547,60.54430061893838,64.22810404329547,48791
1996-04-05,60.9935417175293,60.993541717529304,60.993541717529304,60.993541717529304,0
1996-04-08,61.24928283691406,62.19615596933657,60.9659170667334,60.99356022586366,48009
1996-04-09,60.406070709228516,62.16849086464495,60.1987278089813,61.24926663778455,73318
1996-04-10,61.44970703125,61.78836455633158,60.820766124211566,60.40607479237101,350413
1996-04-11,61.5395622253418,61.650145861217126,61.23545997834273,61.44971508493666,151332
1996-04-12,61.463531494140625,64.22811677895713,60.958998490707934,64.22811677895713,50096
1996-04-15,63.295066833496094,63.5715259068829,61.78836901102494,61.463530287709936,584718
1996-04-16,64.32486724853516,64.82940018269254,63.48167130141743,63.295059385097886,192036
1996-04-17,67.18620300292969,67.45574986806878,64.82939734969985,64.32486443759015,795541
1996-04-18,66.8890380859375,68.82424100688033,66.62640328588132,67.18622821381365,428428
1996-04-19,66.91665649414062,68.00866828777964,66.76460540333463,67.31061130015414,162291
1996-04-22,66.48124694824219,68.00868131928247,65.79701415684823,66.91666931639728,198037
1996-04-23,66.86827087402344,67.73220320256407,65.58965278884396,66.4812282662804,271355
1996-04-24,69.12833404541016,69.2527365009924,67.5939875633862,66.86828731088418,356153
1996-04-25,65.94215393066406,70.49680293704853,63.72358007900068,70.49680293704853,329801
1996-04-26,66.34300231933594,68.96935464874103,64.2764801708308,65.94213538062868,257787
1996-04-29,65.08511352539062,65.6933233292372,64.81557218991466,66.34300060751742,175859
1996-04-30,66.08039855957031,67.04109062542632,64.44238573248226,65.08514566185943,381202
1996-05-01,67.87737274169922,68.35426267766043,67.42813147042288,66.08039664995987,195428
1996-05-02,67.3244400024414,67.73221919562782,66.63329507707732,67.877358144059,92365
1996-05-03,66.12876892089844,67.04108119717272,65.94215696507769,67.32444695862868,74622
1996-05-06,65.0574951171875,65.82466845086874,64.96764797119476,66.12877071677998,120283
1996-05-07,65.20954132080078,65.86613096209632,64.97455522520218,65.05749019933907,163596
1996-05-08,66.00436401367188,66.11494765855355,64.62898612168726,65.20954750565774,185774
1996-05-09,65.36848449707031,65.79699457268643,65.14040513338703,65.65876782387761,92365
1996-05-10,63.65445327758789,64.55294103133836,63.44711037313127,65.36849382463228,184991
1996-05-13,64.00003814697266,64.69118310094336,62.62466040400203,63.654462918329266,344934
1996-05-14,64.35942840576172,64.54604033901701,63.72357530574947,64.000034371693,172467
1996-05-15,67.34516906738281,67.72529955989674,65.93523621676697,64.35942243864899,429211
1996-05-16,68.26441192626953,69.80566530502868,68.00868930799695,68.2851484236903,1184570
1996-05-17,68.18144989013672,68.692900468347,67.76676409932269,68.2851268411552,399466
1996-05-20,66.45359802246094,67.38664115609235,66.21169428190166,66.77843672912789,321973
1996-05-21,66.28079986572266,66.68857347354951,65.14732065511964,66.3499159953477,379375
1996-05-22,66.50889587402344,67.00652222580601,66.36375141518096,66.28081644154192,169075
1996-05-23,66.41902923583984,66.66784511095724,66.21168634211864,66.50888185888333,209517
1996-05-24,67.00651550292969,67.70456705375058,66.31536510980679,66.4190365681121,419035
1996-05-27,66.45359802246094,67.04107145955629,65.94214738707835,67.00651614089736,594111
1996-05-28,65.81083679199219,66.01126755842053,59.853167091150254,65.79701246235825,1147520
1996-05-29,67.62164306640625,67.73222670699327,66.48816350204753,66.48816350204753,1147781
1996-05-30,66.90974426269531,67.8704359522517,66.70931352971384,67.62162557694073,555234
1996-05-31,67.01342010498047,67.28296698895569,66.76460971335541,66.90974864986042,177946
1996-06-03,67.74604034423828,68.00867507334667,67.44193262896891,67.0134224651633,607679
1996-06-04,68.13306427001953,69.0384640687363,68.05012932045953,67.74602716765352,690129
1996-06-05,68.61688232421875,68.76893343646005,67.73221880603498,67.87735775363133,1215098
1996-06-06,70.20651245117188,70.94604249724618,68.83113482479573,68.83113482479573,1680316
1996-06-07,71.43675994873047,71.74086770260358,69.7849230597481,70.075206483146,1024105
1996-06-10,72.88123321533203,74.2980836008158,71.2224846317471,71.87907410323054,2719816
1996-06-11,74.13263702392578,74.36333623786872,72.84628697549417,73.8739653285007,1369562
1996-06-12,72.76239776611328,75.36305365882895,67.80577422004849,74.66395315110933,1846782
1996-06-13,74.39830017089844,74.66395804725282,73.61530443357566,73.82503404297842,957832
1996-06-14,75.09042358398438,75.36307324251158,74.1046897749503,74.48919598911247,1792511
1996-06-17,74.13263702392578,75.50287111682584,73.929893591476,75.29314152233427,1134474
1996-06-18,75.15333557128906,75.64270655829569,73.58035779638661,73.83203223637202,1777899
1996-06-19,73.65026092529297,74.66395586330987,73.3356609537276,74.38431453673132,465478
1996-06-20,73.74813842773438,73.96485977301758,71.59490843373709,73.26575919791019,524707
1996-06-21,72.79037475585938,73.68522152559578,72.67152648409825,73.12593881534566,201168
1996-06-24,72.48273468017578,72.91617719878128,72.04929216157028,72.91617719878128,241610
1996-06-25,71.5389633178711,72.83229935557655,71.20339378484583,72.83229935557655,370765
1996-06-26,71.09854888916016,71.93746738972182,70.60917790827793,71.30827851430057,233261
1996-06-27,71.75569915771484,71.8675556913977,70.60917247079718,70.60917247079718,202733
1996-06-28,72.0213623046875,73.09098561548365,71.44809613594045,71.72773749061416,327974
1996-07-01,71.42012023925781,72.2870054788752,71.09853413853928,71.76268152480425,196471
1996-07-02,72.63656616210938,72.98611923962848,71.09854709435079,71.44809460520624,476698
1996-07-03,71.68578338623047,72.14019565783758,70.04988584845351,70.6091684852994,802585
1996-07-04,72.95116424560547,73.82503578316114,71.09854522999389,71.37818657134365,996187
1996-07-05,73.5244369506836,74.45424247657517,73.02807418372912,73.54540657557978,863640
1996-07-08,74.26545715332031,74.80376455335227,73.54538152167738,74.80376455335227,308927
1996-07-09,74.56608581542969,75.08342372087287,73.85999903862627,74.10468174841004,686477
1996-07-10,74.03475952148438,74.52413043833998,73.05602325443625,73.96485336669292,229608
1996-07-11,74.39830017089844,74.72687247674294,74.14662018628442,74.25847672018767,154463
1996-07-12,74.58006286621094,74.99952208503174,74.31440498984688,74.39830017360907,196471
1996-07-15,74.39830017089844,74.6080297803012,73.97883538542955,73.98582711463142,111151
1996-07-16,73.82502746582031,74.60103140480611,73.42654347012183,74.4542218046363,204821
1996-07-17,76.6074447631836,76.90106393754749,74.03475050687608,74.03475050687608,986533
1996-07-18,77.77495574951172,78.96342726364642,76.90107865382501,76.90107865382501,468088
1996-07-19,77.8448486328125,79.69746161523078,77.07583652942115,79.69746161523078,510617
1996-07-22,77.8658218383789,78.85854700427609,77.19468832387207,78.85854700427609,119239
1996-07-23,74.30740356445312,78.08953890284756,73.44051832312076,77.77494452978262,493658
1996-07-24,73.48247528076172,75.20925418994705,71.937459056756,74.17458407688655,640816
1996-07-25,73.0140609741211,74.24448257774097,72.85326793766262,73.40555875709106,229869
1996-07-26,72.93019104003906,73.37062546880476,72.20312353276509,72.70647796087783,207430
1996-07-29,71.5040283203125,73.6153137053206,70.6231649632101,72.84630132954555,346239
1996-07-30,70.22467041015625,71.30128543437708,65.99510820548093,71.16845927207984,572194
1996-07-31,71.69976806640625,72.1471886168491,68.79150943854351,71.16845233567444,686216
1996-08-01,69.03617858886719,72.28699789644274,68.82644902923806,71.58789750879164,720135
1996-08-02,69.04318237304688,69.35078503866296,66.70119260378254,68.5468197308052,1023062
1996-08-05,69.5115737915039,69.91006333968186,68.51186240688799,69.21096287328493,360850
1996-08-06,70.27360534667969,71.0286341923198,68.93133246183766,69.35079169460138,565671
1996-08-07,69.94503021240234,71.64384796519582,69.67238058705682,70.30157502759623,280487
1996-08-08,69.84014892578125,70.87481891208829,69.6653724242663,70.87481891208829,121327
1996-08-09,69.93104553222656,70.46935300096081,69.23194499577511,69.77025246450935,327713
1996-08-12,69.98697662353516,70.18972008974846,69.21097810801933,70.04989662569349,147679
1996-08-13,69.04318237304688,70.11979726936625,68.7915079708758,69.49060848060704,522620
1996-08-14,68.53983306884766,69.28088400594211,68.23223038049204,69.28088400594211,169597
1996-08-15,68.53983306884766,68.53983306884766,68.53983306884766,68.53983306884766,0
1996-08-16,65.6595458984375,68.79151797343367,65.15619145424259,68.79151797343367,416948
1996-08-19,63.52028274536133,65.14918850366654,63.19869663084584,64.33123976022597,239523
1996-08-20,64.61787414550781,64.86954854617312,63.27560139752116,63.618162704905245,372852
1996-08-21,67.17658233642578,67.5331215192619,65.72245312473422,66.13492056827626,320408
1996-08-22,68.53284454345703,68.89638108305084,66.83403238213836,67.7778212458316,638467
1996-08-23,69.06417083740234,69.59548665894766,67.95259708355769,67.95259708355769,282574
1996-08-26,69.20396423339844,69.46962205009767,68.93131468906738,69.07113810837988,204299
1996-08-27,69.97996520996094,70.32951261064586,68.58875063458194,68.95927878396785,507747
1996-08-28,70.18270874023438,70.3994300389374,68.79149961845117,70.04987704318178,210039
1996-08-29,69.70732879638672,70.46235755863152,69.6304253477646,70.08484317750911,138025
1996-08-30,71.20339965820312,71.55294710894091,69.91006351381421,69.91006351381421,727180
1996-09-02,72.41984558105469,73.12593790647058,70.74899476744605,72.56666076983545,596720
1996-09-03,69.62344360351562,72.98612043919651,68.68665202836192,72.56666119261045,731355
1996-09-04,70.56023406982422,71.00765462607704,69.21096953873584,69.63042874563803,417208
1996-09-05,71.29427337646484,71.88151726162806,70.67906814756152,71.14746379683956,608462
1996-09-06,70.72102355957031,71.71374326124564,70.46934916149232,71.35021233809677,259092
1996-09-09,67.7358627319336,70.60916822219541,67.2534835469501,70.32952690481446,921042
1996-09-10,66.01606750488281,67.28842838484023,65.71545660467167,66.83401617056788,1126646
1996-09-11,65.10724639892578,69.9100686967702,64.66681201368007,69.9100686967702,1398524
1996-09-12,64.28231048583984,65.40786201374524,63.1987037674637,64.73672836128668,1550378
1996-09-13,63.7999382019043,64.73673540553271,63.68808165321243,64.59691193633581,640033
1996-09-16,62.688350677490234,63.1567463515102,62.21995500347026,62.49959072229083,724832
1996-09-17,63.42941665649414,64.10055596117984,62.919076014387244,63.05889391953132,1119601
1996-09-18,67.38629913330078,67.7987664985615,63.632125783404334,63.632125783404334,1224230
1996-09-19,64.54095458984375,67.93858876758215,64.31724715989199,67.11364848423578,1570991
1996-09-20,64.09355163574219,65.71546573667543,63.37347592742669,64.56194737092669,935915
1996-09-23,64.26832580566406,64.73672152370573,63.33852053154482,63.33852053154482,743618
1996-09-24,63.855857849121094,64.7367266593954,63.198702106006195,64.17744399149689,813022
1996-09-25,64.41514587402344,65.56167265523312,64.177449328733,64.31727279066754,456868
1996-09-26,64.0306167602539,64.5968854348584,63.625141112594136,64.40813106554417,239001
1996-09-27,62.9749870300293,63.75797710423523,62.37375962602799,63.63912885577055,391377
1996-09-30,62.61844253540039,63.471344329765124,61.25519467009289,62.35977641907607,857639
1996-10-01,61.2901496887207,62.919055302427076,60.29742451899529,62.64640574548347,583153
1996-10-02,61.2901496887207,61.2901496887207,61.2901496887207,61.2901496887207,0
1996-10-03,60.8287353515625,62.00322865496781,60.12264325070396,61.730579119652894,564367
1996-10-04,56.571224212646484,61.22024511183928,56.57122421264649,60.68892939193091,1383651
1996-10-07,55.25692367553711,55.648415990953126,53.27147848070032,54.80949752458902,1222403
1996-10-08,56.25664520263672,57.03964110575005,53.830765155785144,54.257216194088734,1211706
1996-10-09,55.62045669555664,57.18644271508949,54.683659549051384,56.606190383297566,1999680
1996-10-10,57.487060546875,57.73874057942702,55.22896538442712,55.64842468312789,1742414
1996-10-11,59.122955322265625,59.843031161986445,56.76698719197794,57.738737484094244,2831489
1996-10-14,58.752418518066406,59.28373421623129,58.02535112233465,58.584633734436004,1484105
1996-10-15,59.584354400634766,60.26248536902382,57.85058916701456,58.654554567684315,1568121
1996-10-16,58.752418518066406,60.00380988347894,58.44481586474207,59.28373421623129,843810
1996-10-17,58.57065963745117,58.724460988691824,57.32625980165934,58.38889693446844,1427225
1996-10-18,58.61958694458008,59.14391648212568,58.3189760190507,58.724451738756635,803368
1996-10-21,58.61958694458008,58.61958694458008,58.61958694458008,58.61958694458008,0
1996-10-22,60.5630989074707,61.031500275247524,59.276754211878995,59.276754211878995,1164740
1996-10-23,62.02421188354492,62.49959935116815,60.11567028411685,61.101398297376,963833
1996-10-24,59.69620895385742,62.21996717834737,59.14392356945545,61.94731756748363,1064287
1996-10-25,60.19257354736328,60.4023031675054,59.08799717683718,59.56338468693691,711003
1996-10-28,60.3114128112793,60.9266236873906,60.14362802688531,60.472205867157356,519749
1996-10-29,58.24906539916992,60.26247727865658,57.745716604295446,60.26247727865658,1056720
1996-10-30,58.24906539916992,58.24906539916992,58.24906539916992,58.24906539916992,0
1996-10-31,57.983428955078125,58.72447453042277,55.928071511513586,55.928071511513586,1198660
1996-11-01,57.9764289855957,59.56339031232358,57.689801446551925,59.01109929156829,2094915
1996-11-04,57.0466194152832,58.48676529707525,56.6271546396833,58.48676529707525,1106556
1996-11-05,55.00524139404297,57.53598571340124,54.25720430821019,56.62715555709353,2093611
1996-11-06,55.1590461730957,55.613458450379255,53.55110996374348,55.22895232857741,1943322
1996-11-07,56.060882568359375,56.20769216963682,55.152052479504874,55.36877380043664,1091683
1996-11-08,56.571224212646484,56.82290418172322,55.928051965740245,55.93504369451049,665081
1996-11-11,58.7594108581543,59.5633761422539,55.22894977001007,55.22894977001007,1473929
1996-11-12,58.7594108581543,58.7594108581543,58.7594108581543,58.7594108581543,0
1996-11-13,58.52870559692383,58.822330360563306,57.186432891706545,57.46607419834823,1181178
1996-11-14,56.83688735961914,58.63357812082209,56.34752196681104,58.44482369311947,2092306
1996-11-15,57.29829025268555,57.81562250254456,56.207691924158,56.725029740679915,2843491
1996-11-18,57.03963851928711,58.02536673416638,56.69707713137541,57.47308126861853,2160145
1996-11-19,56.1727409362793,57.11652413259688,55.368775617195126,57.11652413259688,3078318
1996-11-20,54.20825958251953,55.78822869867106,53.91464040252421,55.78822869867106,2177366
1996-11-21,52.8100700378418,54.91436354635683,52.159905985377165,54.390039493292996,2982300
1996-11-22,49.15376281738281,52.16688585507704,49.11880974401287,52.15989412707057,8102568
1996-11-25,49.251651763916016,50.05561724407003,46.63002568225415,48.23795664256218,6186120
1996-11-26,48.02821350097656,51.25805797423034,46.84673388543548,49.21668484481422,7080810
1996-11-27,44.784393310546875,46.63002063326197,44.665545042291804,46.560108904877175,4001448
1996-11-28,44.357940673828125,45.42756391452141,43.8475973224953,45.17588949514164,3471783
1996-11-29,44.455810546875,45.294731712137896,44.18316095941469,45.02208212467759,2217286
1996-12-02,41.505615234375,45.09200258923164,41.34482214221439,44.25308126129261,6451474
1996-12-03,40.904380798339844,41.77825784640366,39.14963775662639,39.14963775662639,5986256
1996-12-04,41.3797721862793,41.70835007655695,39.14964146680388,39.84874205817545,7629522
1996-12-05,43.12052917480469,44.036350998761606,40.89738768738862,40.97429113621803,15131195
1996-12-06,43.55397415161133,44.14121815897424,43.24636868981895,43.46309002388522,7782420
1996-12-09,42.59619903564453,43.791662078913944,42.33054120010272,43.63086903196331,10304199
1996-12-10,42.76399230957031,43.48406529989045,42.01595518451289,42.239668262411115,9189294
1996-12-11,45.66525650024414,45.76313235714806,42.65912473578053,42.92478260690385,10274194
1996-12-12,44.469791412353516,46.54612040994066,44.32297903407383,45.30172080038817,11381011
1996-12-13,43.98042297363281,44.46280215527037,42.64513917156518,44.343953900374956,16269061
1996-12-16,47.04247283935547,47.06344802104745,44.60261331896725,44.60261331896725,15003084
1996-12-17,48.580509185791016,49.160761458639826,46.57408893228928,47.25920600665699,19226052
1996-12-18,47.825477600097656,50.05560521794315,46.462229693162264,49.4124329883455,18288050
1996-12-19,47.30813980102539,48.06316855486664,46.63700344020333,47.04947367671481,21649465
1996-12-20,48.01422882080078,49.076860161545746,47.64370619716372,47.95830056251618,15846373
1996-12-23,47.440975189208984,48.307860534291024,47.02151597492111,48.22396535143546,8506470
1996-12-24,47.09141540527344,47.79750757956031,45.651269710851345,47.301144982454936,8914547
1996-12-25,47.09141540527344,47.09141540527344,47.09141540527344,47.09141540527344,0
1996-12-26,48.748291015625,49.07686329150698,47.35008446933688,47.468932721604226,6925564
1996-12-27,48.748291015625,48.748291015625,48.748291015625,48.748291015625,0
1996-12-30,48.748291015625,48.748291015625,48.748291015625,48.748291015625,0
1996-12-31,47.1683235168457,49.21668852784355,46.874698739730434,49.104832000053264,6803976
1997-01-01,50.39117431640625,50.47506392527729,47.818485422189895,47.958303292529244,11680284
1997-01-02,49.88083267211914,50.75470408361702,49.35650314522517,50.75470408361702,12850766
1997-01-03,50.13250732421875,50.32825345262788,49.2376551562622,49.35650340565177,7998983
1997-01-06,49.426414489746094,50.37019761105156,49.09084493106131,49.63614407225842,5613143
1997-01-07,48.09113693237305,49.3215531674269,47.71362254396658,49.3215531674269,11466070
1997-01-08,48.88810729980469,49.91578559879932,48.55253773958957,48.86713211479274,5246291
1997-01-09,48.73430633544922,49.28659721153975,48.377761587595096,48.88810766001536,5631407
1997-01-10,49.9926872253418,50.321265081854435,49.09084883547897,49.21668882166006,9725743
1997-01-13,49.356510162353516,49.636151503121674,48.839177856930036,49.636151503121674,4230535
1997-01-14,48.44767379760742,49.87384167020475,47.96529463383597,49.6361451692176,6508876
1997-01-15,51.831329345703125,51.845312805232744,48.93705382291826,48.944045552683065,8498120
1997-01-16,49.43341064453125,55.35479271656565,48.657406666418794,52.572374068312264,11379706
1997-01-17,48.314857482910156,49.76898699841866,46.91665067312898,48.28689056338257,10379605
1997-01-20,46.80479049682617,48.36378452085821,46.595058124910096,48.23794454104228,5100177
1997-01-21,46.82575988769531,48.741298656324894,46.18258766805717,46.490193104259994,8131791
1997-01-22,46.678951263427734,48.307857031922545,46.175596902778,47.657693070248556,8105699
1997-01-23,46.678951263427734,46.678951263427734,46.678951263427734,46.678951263427734,0
1997-01-24,46.82575988769531,49.090846113376465,45.68622782971231,49.090846113376465,9334887
1997-01-27,49.46836471557617,50.10454526115589,47.27319002020724,50.10454526115589,13177697
1997-01-28,49.349517822265625,50.33525144877542,48.314853224223384,49.90180876761481,8423498
1997-01-29,48.49661636352539,50.957449021086525,47.74857925852805,50.19543402409312,6696477
1997-01-30,46.783809661865234,48.34280349763903,46.56708837094316,48.23793871600978,6567844
1997-01-31,44.87527847290039,46.140650725690875,44.462808172635825,45.86100937240441,5822399
1997-02-03,43.02964401245117,44.68651388663126,42.652129639431045,43.770692084798405,5548435
1997-02-04,43.001678466796875,43.763698916275665,42.37947866630474,42.784957156700386,7494105
1997-02-05,43.742733001708984,45.001113462541234,43.62388473661257,44.176175686180535,3888209
1997-02-06,44.39988708496094,44.7284649711927,43.68680582654161,43.68680582654161,2640235
1997-02-07,44.707481384277344,45.58135828583251,43.90351619351202,44.5956248736785,3574324
1997-02-10,44.56766128540039,44.92420322141642,44.22510280504401,44.88225563776864,2089436
1997-02-11,46.36435317993164,46.7628399534402,44.39289171450373,44.67253023714223,3867075
1997-02-12,46.57408905029297,47.39902957321816,45.867996787167186,46.063745716053184,2826792
1997-02-13,46.692935943603516,47.04947795048896,46.042771926145264,46.28745739884455,2815834
1997-02-14,47.86742401123047,48.272899749295284,46.49019538424621,46.49019538424621,5688809
1997-02-17,48.48262405395508,48.867130130253585,47.8883884027051,48.517582694221964,4530330
1997-02-18,47.650699615478516,48.86014058962165,47.29416043543159,48.587496583308706,4226621
1997-02-19,48.28689956665039,48.517604429113035,46.888698062833384,48.063186435373275,3505964
1997-02-20,47.9443244934082,48.22396582791758,47.61575218785597,48.0282196770927,1508892
1997-02-21,48.042198181152344,48.56652215012214,47.72061207129583,47.81848513661515,3441517
1997-02-24,47.01451873779297,48.028213575783354,46.839742230094586,47.88839014295958,3597546
1997-02-25,47.364070892333984,48.23794795098638,46.357367682631136,46.685945545751046,3117978
1997-02-26,47.16132736206055,47.67865957954305,46.392315197337865,47.18928870805248,4082333
1997-02-27,48.86714553833008,48.93705727424494,47.53885595593304,47.53885595593304,5950511
1997-02-28,50.86656951904297,51.73345492077827,49.35651179558968,50.342245466917156,2272601
1997-03-03,54.48091125488281,56.61317130645753,52.852005545646236,53.131646846945195,8726424
1997-03-04,54.38304901123047,55.50860060207043,53.6280201308329,55.50860060207043,5488163
1997-03-05,56.1727409362793,57.605895052908515,54.81648470379637,56.20769401392187,6931826
1997-03-06,57.0466194152832,58.02535571391433,55.585498346379026,55.928054102567785,9233911
1997-03-07,57.0466194152832,57.0466194152832,57.0466194152832,57.0466194152832,0
1997-03-10,55.124080657958984,56.480336725209675,54.80948629751339,56.34751059301956,5674459
1997-03-11,53.131656646728516,55.50160806653221,52.712197400744934,54.66968130421994,7003056
1997-03-12,54.08941650390625,55.62744096503812,53.48120290154618,54.64869913825657,4372735
1997-03-13,54.6976318359375,55.284875777479165,54.0055231036442,54.51586360085877,4260540
1997-03-14,54.53683853149414,55.22195553232251,54.334100679207566,54.52984680325493,3469435
1997-03-17,54.299163818359375,54.80950446558269,54.082442444881565,54.5368548161537,1483583
1997-03-18,52.97085189819336,54.41798931811293,52.4395362280776,54.180298395515095,3584500
1997-03-19,52.292720794677734,53.94259587893239,52.15289738132582,53.746849780233966,1652397
1997-03-20,53.243507385253906,53.82375965007127,51.73344981095231,51.97114632665884,1866090
1997-03-21,53.614036560058594,54.390040628114974,53.411298664199045,53.690940020555566,1919839
1997-03-24,53.614036560058594,53.614036560058594,53.614036560058594,53.614036560058594,0
1997-03-25,54.80949783325195,55.578510142858825,53.481208398473925,53.97057936216343,2249118
1997-03-26,54.58577346801758,55.22894564728581,54.40401080575804,55.08912778657368,1602301
1997-03-27,54.10340118408203,54.49489903697449,53.45323719445574,54.466932121293446,1371910
1997-03-28,54.10340118408203,54.10340118408203,54.10340118408203,54.10340118408203,0
1997-03-31,48.73430633544922,50.32126167983248,48.69236153177895,50.32126167983248,57141
1997-04-01,49.84587860107422,50.1954316510567,45.87498846258645,46.420284874563045,1799295
1997-04-02,51.14620590209961,51.45380857391936,50.33524884912317,50.33524884912317,1486453
1997-04-03,51.36292266845703,51.94317488268808,50.79664834413009,51.67052531294967,1306680
1997-04-04,50.98541259765625,51.13921393284326,50.32825688367828,50.47506648999364,1331989
1997-04-07,50.85956573486328,51.13920701860512,50.482051393477384,50.75470094929288,1214054
1997-04-08,50.85956573486328,50.85956573486328,50.85956573486328,50.85956573486328,0
1997-04-09,53.70491409301758,53.90066022492099,51.62858225582093,51.62858225582093,2445329
1997-04-10,51.97813415527344,53.362351638961464,51.25805849995633,52.85899729641004,3152680
1997-04-11,52.712196350097656,52.991837697400875,50.33525324801575,50.61489459531897,2637887
1997-04-14,52.712196350097656,52.712196350097656,52.712196350097656,52.712196350097656,0
1997-04-15,52.82405090332031,53.39031973949215,52.43255303181253,52.991835705395076,1301462
1997-04-16,52.82405090332031,52.82405090332031,52.82405090332031,52.82405090332031,0
1997-04-17,53.52315139770508,53.928627160568034,52.607329499977865,53.201565252447075,1807644
1997-04-18,53.52315139770508,53.52315139770508,53.52315139770508,53.52315139770508,0
1997-04-21,54.46693801879883,54.84445245472681,53.690939524574695,53.690939524574695,3917432
1997-04-22,55.040199279785156,55.50160329738679,54.809494487652714,54.886397940584615,2770695
1997-04-23,55.98398208618164,56.697066077779716,55.22895328723384,55.22895328723384,6402683
1997-04-24,55.872127532958984,56.34752058862546,55.368778693620875,56.34752058862546,4261323
1997-04-25,55.90009689331055,56.10283478375724,55.38975073575254,55.78124862419915,2523344
1997-04-28,55.66240310668945,56.03292582478673,55.36878385083754,55.92806100960192,1841303
1997-04-29,55.886104583740234,56.053889366503086,54.5438318883002,55.410717149243546,6132110
1997-04-30,56.72504425048828,58.00439731184452,56.24265938691926,56.76698906616166,3052487
1997-05-01,56.72504425048828,56.72504425048828,56.72504425048828,56.72504425048828,0
1997-05-02,55.117095947265625,56.59220044515534,54.96329461146605,56.22167778012382,4176525
1997-05-05,53.29943084716797,54.669670420134715,53.16660471016036,54.39002912293103,3312623
1997-05-06,52.45353698730469,53.67696177776854,52.1109755966425,52.92193282555892,3760359
1997-05-07,52.292720794677734,53.089694210800864,51.94316782795983,52.99182116145166,1313464
1997-05-08,52.41856002807617,52.55838345434217,51.87326647895845,52.22281391129865,1171524
1997-05-09,52.076011657714844,53.103690048852236,51.74044206741219,52.49547086226157,2929072
1997-05-12,51.547325134277344,53.08338479700238,51.311556143780706,52.86905141977163,3959179
1997-05-13,52.66184997558594,53.44059741732831,50.654252837804634,51.87595733122228,4796989
1997-05-14,54.26936340332031,54.49798716470092,52.31177671314112,53.01193840458335,12261089
1997-05-15,54.49082565307617,54.96950295467338,53.66206761052976,54.155035315150535,8768693
1997-05-16,56.14836120605469,56.41985051336035,54.40510778725042,54.44083380719635,16095811
1997-05-19,57.470088958740234,58.00592238378842,56.6127497898063,56.6127497898063,14136312
1997-05-20,57.1485710144043,57.58438855444006,56.76276989296158,57.44149587902832,6174379
1997-05-21,56.276947021484375,57.155715921963704,56.15548995466816,56.869936261471324,8675023
1997-05-22,56.005470275878906,56.64133087361025,55.51250238473874,56.426997502580335,9658165
1997-05-23,56.10548400878906,56.534156380504385,55.54107553115721,55.86972074653011,8759561
1997-05-26,57.1199951171875,57.81300581030277,56.58416181380686,56.58416181380686,12771707
1997-05-27,56.09119415283203,57.791576010901004,55.66966702296008,57.44149521791262,23828397
1997-05-28,56.52701187133789,58.54889392214399,56.34839885500143,58.33456057808269,31224397
1997-05-29,56.41270065307617,56.691335141372576,55.869722083282205,56.40555544967675,15233736
1997-05-30,56.519859313964844,56.94138074392517,56.21264405562232,56.605590364892045,7702058
1997-06-02,56.984256744384766,57.08428390732763,56.54130531469585,56.62703638138236,7771201
1997-06-03,57.470088958740234,58.22740095798925,57.019986606157026,57.084287754934174,22213832
1997-06-04,57.305755615234375,58.08449739257743,57.17715334172359,57.85587934579438,10750370
1997-06-05,57.68442153930664,58.92755620617661,57.32719546825885,57.441507355885605,24537052
1997-06-06,57.65583038330078,58.213099313329536,57.54151851617407,57.87016371194942,10725061
1997-06-09,56.81278991699219,57.58439220884484,56.51986503377865,57.58439220884484,15195642
1997-06-10,56.95567321777344,57.11285060942016,56.44126982695685,56.834216150501454,10342554
1997-06-11,57.4843635559082,57.848734771864834,56.94853022521413,57.26288502070721,11983211
1997-06-12,57.870182037353516,58.13453186932894,57.341493751117746,57.68442946109326,12296052
1997-06-13,60.69938278198242,61.728184047977464,58.070220830630326,58.15595189910634,52184254
1997-06-16,60.999446868896484,62.83557651556475,60.192124171318305,60.370737199975736,33644939
1997-06-17,61.64959716796875,62.72840915428264,60.72795690832005,62.013962736275495,25937924
1997-06-18,63.58573532104492,64.55738043124146,62.72839638070505,63.550009309662855,17002503
1997-06-19,62.67124938964844,63.58574438977141,62.035394562624546,63.35712063974067,13798683
1997-06-20,64.7074203491211,66.26491534364982,62.299737203732825,62.58551688468158,36874591
1997-06-23,65.82910919189453,67.09367941238517,64.58596889380486,65.01464129695856,30489650
1997-06-24,65.21466827392578,66.44351786353499,61.44238845877894,66.19345854886964,15818715
1997-06-25,64.90032196044922,65.85767675390763,64.08584847020381,65.72193496477061,14752602
1997-06-26,64.2287368774414,65.5861831227682,63.892946495124036,64.8002904965422,11524777
1997-06-27,63.278526306152344,64.58596191911029,63.014182240139576,64.15729525110517,12840851
1997-06-30,63.685768127441406,63.87152066431801,62.585520557856626,62.656961215644706,9335669
1997-07-01,63.91439437866211,65.31470641883256,63.29996942680913,64.22874921398909,13258842
1997-07-02,64.94319915771484,66.58642546160081,64.65741943337449,65.05751104745099,10506933
1997-07-03,63.83580017089844,65.20753702756897,63.47857412745341,64.76457991945668,8590486
1997-07-04,63.6643180847168,64.87173205613117,63.2999526082554,64.15014061628366,10322203
1997-07-07,62.335479736328125,64.15017424573222,62.09971639330831,63.664351459482454,8753038
1997-07-08,61.04945373535156,62.42833563316107,60.72794805857264,62.14255596983295,11529995
1997-07-09,64.73602294921875,65.32901243122913,62.29975817135762,62.5855379484885,24423552
1997-07-10,64.3001708984375,65.70762760254865,63.971525781518345,65.58617056176237,14624230
1997-07-11,62.99989318847656,64.1572966302844,62.62123724434175,63.72862995306431,16569639
1997-07-14,60.48503875732422,63.157065771787394,60.02779130245565,62.29973248276439,12187249
1997-07-15,59.02757263183594,61.23521295043663,58.62034154478145,61.23521295043663,14120135
1997-07-16,57.92732238769531,60.79939822971555,57.6629783157721,60.2135541496001,13736323
1997-07-17,58.03448486328125,58.29883460495746,56.45556006012621,58.08449559279566,11033989
1997-07-18,58.03448486328125,58.03448486328125,58.03448486328125,58.03448486328125,0
1997-07-21,56.376976013183594,56.72705685516933,54.65516399526342,55.65539009620295,12158548
1997-07-22,56.748497009277344,57.40578752442894,55.88401264046176,56.65561504423597,11353614
1997-07-23,58.284549713134766,58.684641275952295,57.33433438476419,57.57010333824582,10455271
1997-07-24,56.88422393798828,58.72035319082454,56.58415957550698,58.15593909953383,11275860
1997-07-25,54.98380661010742,56.869941153907284,54.45511277049988,56.57702195445184,17868231
1997-07-28,55.276737213134766,55.86973231532645,54.598016721018794,55.15528579967047,8175886
1997-07-29,55.791133880615234,56.01261244385484,54.96952077325161,55.15527900620812,9987444
1997-07-30,55.71967697143555,57.11284923243993,55.47676853160368,56.22693514737617,14142574
1997-07-31,56.141212463378906,56.405556550033275,55.176706696196995,55.72683048012217,8403668
1997-08-01,56.234092712402344,56.94139395768123,55.72683442494562,56.01261414244636,8031598
1997-08-04,56.462711334228516,57.32718992303568,56.16978643941231,56.727055415474254,7882091
1997-08-05,56.41270065307617,56.99854475441046,56.15549608612182,56.57702326469425,5549739
1997-08-06,57.963043212890625,59.284769143004034,56.94138165467724,57.01282799082959,2151796
1997-08-07,54.72661209106445,56.8413764598271,54.1550583048892,55.155284541767294,10739151
1997-08-08,53.84069061279297,54.71946532249807,53.583491727547795,54.512271484725964,10508238
1997-08-11,53.86925506591797,54.15503467875754,52.526093729999346,53.54775513479395,9308534
1997-08-12,53.19053268432617,55.119538086413144,52.876177934017186,54.14789302790082,10815600
1997-08-13,53.16911697387695,53.369159925004446,52.58326715039238,53.01193955672584,3330104
1997-08-14,53.176265716552734,53.940722930622826,52.897631193878354,53.56920644115237,4927188
1997-08-15,53.176265716552734,53.176265716552734,53.176265716552734,53.176265716552734,0
1997-08-18,53.18339920043945,53.38344783104913,52.1688883958748,53.01193707256868,4902922
1997-08-19,53.41202163696289,53.769247668535904,53.01907527777502,53.297709761968015,6063488
1997-08-20,52.46181869506836,53.44060927190683,51.94741519192711,53.154829547939464,8472289
1997-08-21,51.23296356201172,52.761877820047225,51.08293135537384,52.440377796313356,5290125
1997-08-22,49.6826057434082,51.43299827399139,49.382535689292766,51.0114768466166,9517008
1997-08-25,49.432559967041016,49.72548489910889,48.010812221366244,49.29681815188746,7086811
1997-08-26,49.325382232666016,50.29703308944857,49.046753460463044,49.65403311263127,7255104
1997-08-27,50.04697799682617,51.154370732322064,49.9398113249302,51.154370732322064,6177510
1997-08-28,48.632381439208984,50.01126362017687,48.43948368238504,49.725483898162864,4611476
1997-08-29,47.56785202026367,48.27515035894642,46.92484913461773,48.0322418870637,7982806
1997-09-01,48.6823844909668,49.03961050928123,47.725029684487474,47.725029684487474,6204384
1997-09-02,49.08961868286133,49.439693791043396,47.44638989309349,47.94650003492425,6441820
1997-09-03,49.38969421386719,50.28275372590673,48.73240368731004,49.43255975063029,5676285
1997-09-04,49.76833724975586,49.91837512261582,48.939579103243716,49.40397174892901,3304534
1997-09-05,50.539947509765625,50.68998540650552,49.69690451311442,49.86837233163407,5494164
1997-09-08,50.5756721496582,50.83287102600264,49.72547828376717,49.746913893819276,3202776
1997-09-09,51.07578659057617,51.59732956097339,50.43992605227681,50.51137239889452,4735934
1997-09-10,49.98982238769531,50.368484032329086,47.15347247661236,50.368484032329086,4751067
1997-09-11,50.5756721496582,50.86859135389998,50.29703766326166,50.29703766326166,4088595
1997-09-12,50.36133575439453,50.68998095548521,50.01840014746796,50.31132502282472,2541086
1997-09-15,50.91860580444336,51.15436906160072,50.47564872471215,50.47564872471215,3327234
1997-09-16,51.204383850097656,51.332986137901514,50.86859341216478,50.90431943036385,3601721
1997-09-17,50.532806396484375,51.011483819173684,50.31132784900995,51.011483819173684,479568
1997-09-18,47.603580474853516,49.296817517916814,46.95343231365271,49.296817517916814,7117861
1997-09-19,47.725032806396484,48.15369950533009,47.339228795156835,47.83933899576999,3811760
1997-09-22,46.5390510559082,47.86792244689766,45.760303475886,47.43925287991963,5102786
1997-09-23,45.002986907958984,46.26755702354802,44.731497632168214,45.79602197028004,5193064
1997-09-24,46.42473220825195,46.93913276704365,45.43879661872292,46.01035311120568,7177872
1997-09-25,46.646217346191406,46.86769590950289,46.153249481613244,46.26041616135386,2832533
1997-09-26,47.024871826171875,47.49640403568613,46.73909214365291,47.1534712610914,3762186
1997-09-29,48.017948150634766,48.29658262027971,47.58213628329244,47.853625550016254,3196775
1997-09-30,48.725250244140625,49.28966439746541,47.324938354277336,47.725029903747966,3303230
1997-10-01,47.28921127319336,48.83955807702161,46.58191018368449,48.29657957777955,4830648
1997-10-02,47.28921127319336,47.28921127319336,47.28921127319336,47.28921127319336,0
1997-10-03,47.28921127319336,47.28921127319336,47.28921127319336,47.28921127319336,0
1997-10-06,47.28921127319336,47.28921127319336,47.28921127319336,47.28921127319336,0
1997-10-07,47.28921127319336,47.28921127319336,47.28921127319336,47.28921127319336,0
1997-10-08,47.28921127319336,47.28921127319336,47.28921127319336,47.28921127319336,0
1997-10-09,47.753604888916016,47.83933594769789,46.91770146594111,47.01058057219208,2676764
1997-10-10,48.92530059814453,49.082478004510214,47.51069540756918,47.582138907436835,5211328
1997-10-13,48.02509307861328,49.56829761277943,47.86791568181574,49.04675469108102,3259395
1997-10-14,48.217994689941406,48.868139861503785,47.73931162568093,48.010800880716374,2504558
1997-10-15,48.982452392578125,49.368253516971826,48.01794673716605,48.58236086276282,3114847
1997-10-16,50.1970100402832,50.511364816039524,49.18963889074145,49.39682700708742,7805120
1997-10-17,49.64689636230469,50.711417968867174,49.51114886558704,49.56830480806974,4241232
1997-10-20,48.610931396484375,49.65402849440426,48.09653373841595,49.29680252571578,4724976
1997-10-21,47.803619384765625,48.58236693357548,47.36780747579328,48.396608706449406,4470058
1997-10-22,47.31065368652344,47.85363229652132,44.86724709710465,47.2963661230948,4786291
1997-10-23,47.746456146240234,47.99651547871866,46.73908783595383,47.29635674329121,4444488
1997-10-24,47.57499694824219,47.86791899791699,46.86769292479819,47.510695806721436,3746531
1997-10-27,46.48903274536133,48.010801638088516,46.04607568718073,47.58213498536037,7397305
1997-10-28,43.252593994140625,46.48903842657505,42.18092438692856,46.18897116410992,9567887
1997-10-29,46.63193130493164,47.15347715742473,44.29568850816538,47.15347715742473,3985010
1997-10-30,45.56739807128906,46.43902467657904,45.295908796411666,46.017500357991494,1950367
1997-10-31,45.56739807128906,45.56739807128906,45.56739807128906,45.56739807128906,0
1997-11-03,46.767669677734375,46.90341431456368,45.30305379617058,46.29613462816962,4342208
1997-11-04,48.61808395385742,49.153922987956186,46.72480139328627,46.8605488748043,6589761
1997-11-05,47.732173919677734,48.28229771876223,47.32494281759438,48.01080842108784,3231738
1997-11-06,47.753604888916016,47.939363101417975,46.88198113959131,47.72502976560737,2985692
1997-11-07,48.325164794921875,48.92529927980884,47.72503031003491,47.79647096354946,7965324
1997-11-10,48.603797912597656,48.8681419764601,48.03223856733629,48.58236230382942,4074505
1997-11-11,48.632381439208984,49.01103743755624,48.10369322012568,48.43948368238504,5716206
1997-11-12,47.69646072387695,48.40376204436949,47.3892482060021,48.15370832050135,3845680
1997-11-13,47.3678092956543,47.72503535642367,46.18897296617157,47.58214265657328,7041151
1997-11-14,47.3678092956543,47.3678092956543,47.3678092956543,47.3678092956543,0
1997-11-17,45.18159866333008,47.29636269638861,44.51002065341823,46.93913665898626,10333944
1997-11-18,46.51046371459961,47.1534665133107,44.510014671671826,45.57453890412128,6845201
1997-11-19,44.888671875,45.403072422157265,43.724123307918546,45.224462266733305,6586108
1997-11-20,45.317344665527344,45.581691599804195,43.87416428794106,44.51716719235622,3047269
1997-11-21,45.703147888183594,46.21754849610485,44.867244411436936,45.08872296453589,2663718
1997-11-24,44.2528190612793,46.010357062130176,43.95275180584827,45.43880052056767,6641945
1997-11-25,44.631473541259766,45.86746569473152,44.0884949870012,44.295683124231644,4622174
1997-11-26,44.41714859008789,45.42452003143874,43.88845749793517,45.00299562973975,3693042
1997-11-27,46.0246467590332,46.367579540909496,44.12421894100003,44.12421894100003,5126529
1997-11-28,44.888671875,46.08894076650956,44.374271327842735,45.86746223957294,4133734
1997-12-01,43.266876220703125,44.9958359658832,42.59529547561354,44.31711286297283,7819993
1997-12-02,41.98802947998047,43.86702485965846,41.72368535532941,42.90252179826753,6350238
1997-12-03,41.552207946777344,42.42383168144533,41.316441850235776,42.15234241472671,4296286
1997-12-04,41.33073425292969,42.28094964217636,40.73774491844145,41.0306669838066,4359950
1997-12-05,40.0947380065918,41.995165751277206,39.90183743534769,41.152119969125444,5480857
1997-12-08,40.087589263916016,40.280489818127506,39.401720942767106,40.00900057063395,3166769
1997-12-09,38.95876693725586,40.566272628989886,38.58011100176528,40.016148888754465,3923955
1997-12-10,36.743988037109375,38.72300465645881,36.315318482988,38.44437015738697,5845099
1997-12-11,37.82994079589844,38.058564531367516,36.172427247031244,36.793994472302956,8205891
1997-12-12,38.394351959228516,38.794440620896545,37.222658250090234,37.87994859424835,5020075
1997-12-15,39.43744659423828,39.723226264560665,38.45865335670504,38.77301099405966,5996432
1997-12-16,41.323585510253906,41.72367706444002,39.50889164340833,39.580337986012715,6311622
1997-12-17,40.759178161621094,42.509571059366564,40.34479900524116,42.15234784486167,3021699
1997-12-18,40.073307037353516,41.06638790582446,39.87326125410049,40.50911893183367,2642845
1997-12-19,40.787757873535156,40.93779009403988,39.80182210074957,39.80182210074957,2381404
1997-12-22,40.5948486328125,41.72367402613781,40.17332434431151,40.86633788831218,3225737
1997-12-23,40.237632751464844,40.937788780206645,39.86611912534258,40.70916785471356,3330626
1997-12-24,39.080230712890625,39.637499751677225,38.31577350782247,39.58034380695919,3737659
1997-12-25,39.080230712890625,39.080230712890625,39.080230712890625,39.080230712890625,0
1997-12-26,39.45172882080078,39.85896550704981,38.88017240187088,39.15166162975189,3430297
1997-12-29,42.952518463134766,43.402620692399964,39.337418757848205,39.70893229593312,11650540
1997-12-30,42.22378921508789,44.78150735687271,41.73082140787114,43.44549092863152,17790217
1997-12-31,42.54529571533203,43.581242220133525,41.75940575383235,42.33096234805288,7045325
1998-01-01,42.90251541137695,43.29546178200132,42.3666820372784,42.566724979913516,3697478
1998-01-02,43.74556350708008,44.067066392574915,42.9382408024781,43.08113065776155,7953061
1998-01-05,42.673892974853516,44.152799390857524,42.36668334789513,44.124221420393,7576034
1998-01-06,41.830848693847656,42.816784445496324,41.623660533470044,42.223795091479815,6988967
1998-01-07,41.887996673583984,42.56671981320204,41.37359612800124,42.23092942249655,4439791
1998-01-08,41.230712890625,42.00946045837702,41.02352189207644,41.5164897530126,4576513
1998-01-09,40.29478454589844,41.05209643916099,40.06616079951215,41.05209643916099,4389695
1998-01-12,38.72300338745117,39.9518503801383,38.44436889751058,39.9518503801383,3996752
1998-01-13,39.13737487792969,39.93040981666693,38.33719473714617,38.36577270090371,4332293
1998-01-14,36.58681106567383,41.29501715821995,36.34389971872714,41.29501715821995,11465548
1998-01-15,34.87928771972656,36.22244975799035,34.23628752125098,36.20101414249812,16801857
1998-01-16,35.822349548339844,36.36532812275084,34.7935454939149,35.08647039150093,12172899
1998-01-19,36.26530838012695,36.46535417554759,35.1507732087828,35.515138780620774,9021523
1998-01-20,35.950950622558594,36.9940451313156,35.736617264436184,36.49393206607782,11254465
1998-01-21,36.036685943603516,36.50821817491806,35.436548582567625,35.600871196506134,5735774
1998-01-22,35.06503677368164,35.729472413061416,34.93643449223519,35.722327209774825,5712031
1998-01-23,34.907859802246094,35.29366383839411,34.57921455333142,34.90071744271671,5982343
1998-01-26,34.907859802246094,34.907859802246094,34.907859802246094,34.907859802246094,0
1998-01-27,33.650428771972656,35.33652309635831,33.22890447976929,34.89356604051731,7349556
1998-01-28,33.60041427612305,34.22912662040478,33.20032279239899,33.578981514887566,4581470
1998-01-29,33.4575309753418,33.72187505238323,32.79309533667067,33.45038577206282,3932827
1998-01-30,33.86477279663086,34.07196382906331,33.44325121567742,33.57899588750748,3497092
1998-02-02,33.19318389892578,34.15054149681824,32.90025903523748,33.90048500450209,6542013
1998-02-03,31.79286766052246,33.15031387165811,31.57853150322366,32.87882462943098,10988850
1998-02-04,32.214385986328125,33.35035641751162,31.16414944093465,31.864308086006098,24020433
1998-02-05,32.5359001159668,32.993144821882524,32.27869836889823,32.27869836889823,7757633
1998-02-06,32.207252502441406,32.86454011906312,32.07865021611205,32.68592994111304,7249103
1998-02-09,33.37179946899414,33.6147107980941,31.90004108680883,32.18581794980891,16606951
1998-02-10,32.72878646850586,33.50753379806029,32.60733226357984,33.30034570731318,10310461
1998-02-11,32.60733413696289,33.278914858932,32.50731268663879,32.95026969994989,3473088
1998-02-12,32.5216064453125,32.707361821791054,32.185816020321354,32.57876238337176,2591705
1998-02-13,33.52898406982422,33.66472873731454,32.49303462963863,32.6359245018465,7780333
1998-02-16,33.52898406982422,33.52898406982422,33.52898406982422,33.52898406982422,0
1998-02-17,34.11482620239258,34.679240452146125,33.707592224713196,33.707592224713196,5192803
1998-02-18,33.96479034423828,34.50062371951858,33.829045699538725,34.0790993783841,3063446
1998-02-19,33.95048904418945,34.43631437225179,33.80045688502005,33.86475516276669,3598590
1998-02-20,33.164608001708984,34.38630972896916,33.04315092707688,34.121965659323735,7883657
1998-02-23,33.45038986206055,33.56470175078887,32.91455643918206,33.42181188987847,3824806
1998-02-24,33.42180633544922,33.85047584693907,33.27891934271386,33.578986578542796,4695231
1998-02-25,35.20792007446289,35.36510030811681,33.65042805399014,33.82189584828836,9288443
1998-02-26,35.39368438720703,35.722329627496656,35.007883205612416,35.43654992097166,5740471
1998-02-27,35.6223030090332,36.10812847877185,35.36510413418787,35.579437478035004,5650976
1998-03-02,36.64396286010742,36.92974255615717,35.729473521604504,35.85807296261282,8499947
1998-03-03,34.43632507324219,36.508217895965174,34.08624423753912,36.508217895965174,5729773
1998-03-04,35.47941207885742,35.865213192812774,34.5792075833431,34.85784203724727,3846202
1998-03-05,35.22221374511719,36.079549951667346,34.543490551961156,35.08646910648598,3488482
1998-03-06,35.122188568115234,35.50084447564572,34.87213208243358,35.022164267185936,3336106
1998-03-09,35.843788146972656,36.18672383572789,35.293667124011165,35.57944402021194,5715945
1998-03-10,35.43655014038086,36.351042362494766,35.20792637374531,35.60087276154309,6031395
1998-03-11,35.06503677368164,36.122415927403175,34.722101149061864,36.008106896957976,4611215
1998-03-12,34.522056579589844,35.13648150638291,34.22913452326802,34.97215889159269,4619564
1998-03-13,34.522056579589844,34.522056579589844,34.522056579589844,34.522056579589844,0
1998-03-16,35.15791320800781,35.579437537525905,34.99359059819317,35.007881004835184,3039702
1998-03-17,34.907859802246094,35.143628777423864,34.57921455333142,34.72210441034395,4395435
1998-03-18,36.165287017822266,36.501077464365096,35.2793727654721,35.2793727654721,5914243
1998-03-19,37.5727424621582,38.26575319221931,36.50821531234836,36.50821531234836,17484681
1998-03-20,39.237403869628906,39.437449654377076,37.06548673993313,37.46557830942947,22599470
1998-03-23,39.90184020996094,39.937563383246626,39.00878078881593,39.50889383710289,2846622
1998-03-24,40.69486618041992,42.56671566735508,39.75894143695234,40.080444235502654,18217862
1998-03-25,40.923500061035156,41.36645718053366,40.29478755593579,40.652010764135085,7455489
1998-03-26,39.44459915161133,40.99494632999823,39.31599685377421,40.723457014786305,6706131
1998-03-27,41.68081283569336,41.85228066168498,39.094516415818745,39.36600856251962,20736249
1998-03-30,40.530548095703125,41.96658593440489,40.39480346595158,41.72367464139833,13332160
1998-03-31,41.552207946777344,42.13805485331264,40.36622657229269,40.36622657229269,14825659
1998-04-01,41.75225830078125,42.10948150848101,41.15212376695416,41.86657018235369,10702361
1998-04-02,45.23161315917969,45.403078133515876,41.86656930474882,41.966590776813945,35067990
1998-04-03,46.096092224121094,46.296138014660265,45.01013505005054,45.124446930358644,16009969
1998-04-06,45.75315475463867,46.396154749056805,44.724350781370596,46.2532677576936,14512817
1998-04-07,43.9384651184082,45.71029071697913,43.65268541972184,45.445946629015374,13388780
1998-04-08,43.9384651184082,43.9384651184082,43.9384651184082,43.9384651184082,0
1998-04-09,42.38811492919922,44.274252393825115,42.15234596835339,44.274252393825115,10405436
1998-04-10,41.83798599243164,43.338322103963186,41.72367412785251,42.22378711317229,9110496
1998-04-13,40.251922607421875,41.7093935348245,39.880411804568496,41.45219462344246,8367400
1998-04-14,40.251922607421875,40.251922607421875,40.251922607421875,40.251922607421875,0
1998-04-15,41.7308235168457,42.36668119403418,41.009231932622235,41.29501162273888,4986416
1998-04-16,40.509117126464844,41.852275922446985,40.33050411684215,41.72367648972966,4307767
1998-04-17,41.07352828979492,41.4950526017026,40.02329437817892,40.58056332537416,6610896
1998-04-20,40.61627960205078,41.64508349088001,40.45195701548472,40.72344625899146,4762287
1998-04-21,40.180477142333984,41.080678977225354,39.908987835514125,41.080678977225354,4649831
1998-04-22,40.62342834472656,43.00967865905318,40.51626167844622,40.64486110909704,6400856
1998-04-23,39.70894241333008,41.273579966647006,39.380297160425926,40.366232919138376,5709683
1998-04-24,40.00185775756836,40.28049222412004,39.023067367644465,39.65177979588225,4704624
1998-04-27,39.69465637207031,40.42339041298696,39.55176650784299,40.42339041298696,2728426
1998-04-28,39.337425231933594,39.951850146904285,39.165960261333396,39.744662003732834,3452997
1998-04-29,39.351715087890625,40.43767505677389,39.108803775548175,40.287640009617284,1719453
1998-04-30,39.70894241333008,40.0090096944848,39.0802298792712,39.29456324517767,2132488
1998-05-01,39.70894241333008,39.70894241333008,39.70894241333008,39.70894241333008,0
1998-05-04,40.416236877441406,40.7948927796188,39.75894368374649,40.00900016589306,3520314
1998-05-05,40.58055877685547,40.99493499486687,40.15903451219483,40.573413574633854,2273384
1998-05-06,39.93756866455078,41.43790516338646,39.79467879694059,41.15212827259462,2250162
1998-05-07,39.93756866455078,39.93756866455078,39.93756866455078,39.93756866455078,0
1998-05-08,39.16596984863281,39.94471756585883,38.87304488181504,39.94471756585883,2288256
1998-05-11,38.07285690307617,39.22311515380388,37.75849925057321,38.894469939310255,3898124
1998-05-12,37.136932373046875,37.901392383261545,36.50821985788345,37.901392383261545,5296648
1998-05-13,36.9368896484375,37.92282538358286,36.7225562876543,36.86544329855757,2686418
1998-05-14,38.965919494628906,39.42316421582062,36.05097764151411,36.87259080545229,4395957
1998-05-15,38.14430236816406,39.85182966868063,37.57988817409154,39.15167082877323,4913098
1998-05-18,40.00185775756836,40.56627189351352,38.008553807939414,38.315766241430445,7907922
1998-05-19,39.86612319946289,40.294792811873414,39.44460163612829,40.294792811873414,4189049
1998-05-20,39.91613006591797,40.43767875479774,39.580342457681915,40.43767875479774,1834519
1998-05-21,38.78731155395508,39.99472599940845,38.16574131938944,39.866123691882514,2157275
1998-05-22,38.70157241821289,38.85874983465574,38.02284632602847,38.65156168065637,2015074
1998-05-25,38.222896575927734,39.50889971688792,38.08000670594803,38.86589956862212,1832692
1998-05-26,37.379852294921875,38.29434181516363,37.15122849264708,38.15145478317059,4097988
1998-05-27,38.308616638183594,39.99471080507241,37.81564889842659,39.28740691567655,7799641
1998-05-28,36.75113296508789,38.437224665365385,36.59395270754174,38.187168138444164,8505165
1998-05-29,35.808067321777344,36.593957331090444,34.722107166703154,36.593957331090444,11235418
1998-06-01,34.07194900512695,36.57965600710651,33.7218682482307,36.0938306374396,13994111
1998-06-02,32.79309844970703,33.7933246043043,32.307275780322925,33.65043474730064,13152909
1998-06-03,31.278459548950195,32.50730899916458,30.149634382141183,32.50730899916458,16635130
1998-06-04,31.028417587280273,32.03578902607815,30.57831805740096,31.435651578858145,10498062
1998-06-05,29.863866806030273,30.86409003665294,29.61381028726758,30.86409003665294,12238650
1998-06-08,28.920795440673828,30.26395424377443,27.62050216723019,30.256809040688943,15062834
1998-06-09,30.301467895507812,30.80086086877065,29.302679025101455,30.10317907908276,8754343
1998-06-10,28.810632705688477,30.257407119661565,28.51687036441637,30.257407119661565,9621114
1998-06-11,28.810632705688477,29.05298736820826,27.620899609358194,28.57562575655196,8751994
1998-06-12,29.28799819946289,30.22803489225414,29.05299121917625,29.067677876245984,8028206
1998-06-15,27.26104164123535,29.185177575604087,27.12150526671952,29.185177575604087,10996156
1998-06-16,26.967281341552734,27.158225406739643,25.865676917023446,27.136193961502933,10393434
1998-06-17,29.39081573486328,29.64785707993356,27.319798317610935,27.393237448824664,12741962
1998-06-18,28.45812225341797,30.03708833855207,28.281864839776993,29.58175814858688,8383316
1998-06-19,26.98197364807129,28.259835611412093,26.820405801497184,28.259835611412093,6962092
1998-06-22,24.609846115112305,26.666176678832652,24.294055249628958,26.666176678832652,10529633
1998-06-23,25.109243392944336,25.54254214240657,23.55230873474594,24.294056499863565,11499468
1998-06-24,25.762861251831055,25.924429080163552,24.96970584164431,25.11658701461986,6382853
1998-06-25,26.108036041259766,26.879157223294953,25.410351073290354,26.108036041259766,8786957
1998-06-26,24.6171932220459,26.071312578371096,24.264681299346186,26.071312578371096,11074170
1998-06-29,24.543752670288086,24.881577916766723,23.398083871035936,24.52171976268172,12114975
1998-06-30,24.27202606201172,25.380973965621344,24.029672821635888,24.962364753479978,21923951
1998-07-01,24.103111267089844,24.67594495161132,23.66246918410526,24.382184050268496,5218373
1998-07-02,23.207138061523438,24.088422192501465,23.104322700397155,23.794661302822334,6164464
1998-07-03,22.171628952026367,23.133698440063807,21.973340099900444,23.133698440063807,5746994
1998-07-06,23.001506805419922,23.265891470604753,22.164286993403806,22.25241570244565,5964600
1998-07-07,23.603713989257812,24.051700810629,23.207136306502626,23.4274580535558,8535171
1998-07-08,23.80934715270996,24.38218075992837,23.427457593917524,24.147172362956294,7894616
1998-07-09,25.711462020874023,25.711462020874023,23.78732387039787,23.78732387039787,10255408
1998-07-10,25.880367279052734,27.17291580785535,25.461758111371573,27.17291580785535,12559058
1998-07-13,24.764074325561523,26.431169203227224,24.411560942096298,25.704110989429275,6131588
1998-07-14,24.727352142333984,25.26346917563221,24.382183565253055,24.8228256394723,5495468
1998-07-15,24.77141761779785,25.850990611716245,24.675944121970314,25.322218375583997,5949989
1998-07-16,25.388315200805664,25.498475350474273,24.639225598282874,24.984392702766602,3753836
1998-07-17,24.756729125976562,25.997872930744155,24.609847942819325,25.483790251634534,6207255
1998-07-20,22.781185150146484,24.86689209378278,22.781185150146484,24.80813962078562,6763794
1998-07-21,21.114089965820312,22.69305753526838,20.959865457669494,21.885213968515092,8838097
1998-07-22,21.378475189208984,21.73833335896656,20.945177889406832,21.591453636936695,6960266
1998-07-23,20.14468002319336,21.37113284927156,20.01248695150667,21.297692253890066,7292676
1998-07-24,18.543678283691406,19.975764575431832,18.53633349421582,19.975764575431832,10790030
1998-07-27,17.280506134033203,18.455551212921304,17.155657859378096,17.713803431234034,8547434
1998-07-28,18.66852569580078,18.66852569580078,16.935335277308575,17.111591211455664,13254407
1998-07-29,19.123857498168945,19.461682741347342,17.86068376919794,19.035728792485717,15520485
1998-07-30,19.219331741333008,19.66731718714995,18.84478543008807,19.16057926412276,6483306
1998-07-31,19.366209030151367,19.682001338581852,18.962286561731645,19.49840207722445,5634277
1998-08-03,18.88150405883789,19.28542509539514,18.521645912645642,19.28542509539514,5205066
1998-08-04,19.189956665039062,19.40293367685556,18.800722210916128,18.800722210916128,5194107
1998-08-05,20.416410446166992,20.724859499196583,18.727282521473207,19.09448405354479,7771201
1998-08-06,20.688138961791992,21.554735124429307,20.35031366119154,20.857053074033107,11629927
1998-08-07,21.37112808227539,21.775050535805175,20.489844058156283,20.71016579515629,10799423
1998-08-10,19.689348220825195,21.297690552459045,19.667315313000522,21.297690552459045,12999489
1998-08-11,19.219331741333008,19.939046663276955,19.05776389094563,19.39558771102295,7860696
1998-08-12,19.4102783203125,19.667319710110693,18.440866707807857,18.440866707807857,5417715
1998-08-13,20.005144119262695,20.394378581915625,19.131204603526644,19.131204603526644,9919344
1998-08-14,19.755441665649414,20.254836152881335,19.68934587393508,19.828882246410064,4512327
1998-08-17,19.483715057373047,20.746887286063885,19.395584892424086,20.049203913491894,8096306
1998-08-18,19.2780818939209,19.682002933123865,18.881504182513325,19.46168263209327,5557828
1998-08-19,20.401721954345703,20.7689220177799,19.74810282983473,19.74810282983473,10097552
1998-08-20,21.216909408569336,21.37113393574057,20.342969933952048,20.695483347763567,9364892
1998-08-21,20.614696502685547,21.444573021198106,20.43844053919118,20.93049032561976,8839141
1998-08-24,20.181398391723633,20.695481066931695,19.814196898558073,20.548599884889192,5311521
1998-08-25,20.24749755859375,20.401722083270588,19.843575000964215,20.196088409074246,5851622
1998-08-26,20.24749755859375,20.24749755859375,20.24749755859375,20.24749755859375,0
1998-08-27,20.005144119262695,20.63673183942765,19.887640617090902,20.489850634286746,3869423
1998-08-28,18.87415885925293,19.858258243992214,18.741965815446267,19.858258243992214,6627594
1998-08-31,18.91822624206543,19.314804005810537,18.521648478320323,18.874163345596706,3875164
1998-09-01,18.49226951599121,18.749310837888228,18.360076460230875,18.749310837888228,3728527
1998-09-02,18.89619255065918,19.82888437142246,18.80071905446843,19.101824736885597,1694666
1998-09-03,19.043073654174805,19.38824222649327,18.80071898166041,18.93291204068445,2937161
1998-09-04,19.689348220825195,19.755444020417883,19.021041049154537,19.219329909873267,4365430
1998-09-07,20.379680633544922,20.69547434133967,19.828878572795617,19.946383480243007,5518429
1998-09-08,21.18018341064453,21.297686871619106,20.137330143654825,20.21077072047669,6182206
1998-09-09,20.981897354125977,22.619615854725588,20.798295156862807,21.591452029307373,7867741
1998-09-10,20.93048858642578,21.290346735816794,20.636727697051047,20.805640318087068,3777319
1998-09-11,20.73219871520996,20.88642321112938,19.975764352459493,20.88642321112938,4150433
1998-09-14,21.363780975341797,21.444566334446463,20.937827125300092,20.989236255992207,3699304
1998-09-15,21.268310546875,21.59144908346281,21.047990279323724,21.444567930468352,4219837
1998-09-16,21.89255142211914,22.59757797361178,21.260965440977877,21.72363884128112,12616200
1998-09-17,22.01006317138672,22.53148918993498,21.8117743008162,21.8117743008162,7593254
1998-09-18,21.855836868286133,21.995373252907978,21.46660248734148,21.855836868286133,4640177
1998-09-21,21.525352478027344,22.303819688321322,21.444568572432253,22.002714046639,3607722
1998-09-22,21.3123779296875,21.65020316777286,21.106745748134045,21.40784996176801,4788640
1998-09-23,21.775053024291992,22.178974062042037,21.56207458988225,21.56207458988225,3938567
1998-09-24,22.35523223876953,22.729777054412654,21.965997843203215,22.032093643154198,8421671
1998-09-25,21.958654403686523,22.509458130934625,21.811774676769026,22.472737102749676,4952497
1998-09-28,21.628170013427734,22.098188270900486,21.591450453818823,21.958650435729425,2570831
1998-09-29,20.89376449584961,21.79707987554636,20.636723225119248,21.591447736126263,4368039
1998-09-30,20.416410446166992,21.00393231270518,20.225464889280527,20.930491713902693,3872293
1998-10-01,20.416410446166992,20.416410446166992,20.416410446166992,20.416410446166992,0
1998-10-02,20.416410446166992,20.416410446166992,20.416410446166992,20.416410446166992,0
1998-10-05,19.01369857788086,20.122646412723274,18.90353695767523,20.122646412723274,4183830
1998-10-06,19.211984634399414,19.593872737281835,18.382108249920364,19.035727237431665,4559031
1998-10-07,19.755441665649414,20.049202526751515,19.322144432072324,19.53512138530796,4490410
1998-10-08,18.7786865234375,19.975764394081377,18.653838260951222,19.90232380969516,4760982
1998-10-09,18.70524787902832,19.035729812071267,18.57305627536372,18.668528313997204,2081870
1998-10-12,18.044282913208008,19.006350877013983,17.515512187794915,18.947598411752473,3749923
1998-10-13,17.89740562438965,18.34539253801625,17.625676144702854,17.7799021303706,4727324
1998-10-14,18.014907836914062,18.36007639957028,17.06018460095447,18.066315516347373,7220141
1998-10-15,16.575475692749023,17.91943310232649,16.575475692749023,17.91943310232649,10806729
1998-10-16,15.253552436828613,16.722358354447266,15.253552436828613,16.575478639849788,11403189
1998-10-19,14.467741966247559,14.761502860815568,14.129915256262588,14.695407061571448,7395739
1998-10-20,13.71130657196045,14.599934076708852,13.38082464026958,14.54118306528757,12318752
1998-10-21,13.71130657196045,13.71130657196045,13.71130657196045,13.71130657196045,0
1998-10-22,14.423678398132324,14.812911348788834,13.733339746629726,13.843499905348304,9625028
1998-10-23,14.9083833694458,15.202145741566682,14.107884560268253,14.401645470448393,17665237
1998-10-26,15.951236724853516,16.105461237876195,15.055264421727767,15.055264421727767,11531300
1998-10-27,16.86189079284668,17.22909364820861,15.466525790232541,16.076080337222898,21477780
1998-10-28,16.21562385559082,17.434733488192055,16.08343076925568,16.670954135470915,18610023
1998-10-29,16.62688636779785,16.85455146110695,15.730915574197544,16.112803710397863,15478216
1998-10-30,16.597509384155273,17.096903901346028,16.494694026862934,16.722357647967815,11847533
1998-11-02,16.648921966552734,16.89127375479197,16.340472907029262,16.8178346163842,7288241
1998-11-03,16.502038955688477,16.67095158699132,16.303750087468554,16.663608258732413,11662281
1998-11-04,16.502038955688477,16.502038955688477,16.502038955688477,16.502038955688477,0
1998-11-05,17.82396697998047,17.82396697998047,16.964714158759126,17.03080996733736,21523441
1998-11-06,18.646499633789062,18.72728503428193,17.81662441082125,18.02225811505994,19756239
1998-11-09,19.593875885009766,19.784821429066625,18.595088194226932,18.800720395116638,23316213
1998-11-10,19.71137809753418,19.90232361507109,19.256047940732874,19.682001864066965,15537706
1998-11-11,20.100614547729492,20.555944751823095,19.71872347299104,19.96107815523772,21700344
1998-11-12,20.51188087463379,20.658760598704667,19.91701426419784,20.04920586966756,18808843
1998-11-13,20.724855422973633,21.224248472726806,20.2107727944083,20.41640643061066,23362657
1998-11-16,20.29155921936035,20.930490189496176,20.05655078224935,20.636729277622237,20203714
1998-11-17,21.547386169433594,21.738331693970334,20.4090621976413,20.4090621976413,27452035
1998-11-18,21.4445743560791,22.024752891340167,21.260973590792457,21.62083033054504,29177490
1998-11-19,20.87908172607422,21.57676514494321,20.8717369360325,21.437227291616857,17939462
1998-11-20,20.431095123291016,21.121435223168415,20.210774810183395,20.857050555051128,19784940
1998-11-23,19.314804077148438,20.049207129471718,19.30011595762434,20.049207129471718,11630971
1998-11-24,19.18260955810547,19.865603357682417,18.874160556755804,19.388241738358378,30859633
1998-11-25,19.18260955810547,19.18260955810547,19.18260955810547,19.18260955810547,0
1998-11-26,17.735841751098633,19.520442091398362,17.647713014356167,19.101831322842227,29823525
1998-11-27,16.964710235595703,17.97818735042248,16.66360604019475,17.809274741608107,42801097
1998-11-30,17.55223274230957,17.603640417074654,16.634229151887173,16.83986131288798,24938605
1998-12-01,17.787240982055664,17.99287460322696,17.44207099177408,17.537544475430984,25845820
1998-12-02,17.603641510009766,18.308668194271032,17.36863310256953,17.99287587520143,17220370
1998-12-03,17.581613540649414,17.750526186681377,17.36129174455934,17.581613540649414,8992561
1998-12-04,18.0075626373291,18.0075626373291,17.43472758574834,17.55223251159885,18458690
1998-12-07,19.101821899414062,19.351519863668514,18.01490573495128,18.139755448048724,24205685
1998-12-08,19.52043342590332,19.564496312773038,18.653837489849955,19.035727050931378,21043612
1998-12-09,19.571842193603516,20.00513945482944,19.549810748939734,19.755442926250513,14837922
1998-12-10,20.504533767700195,20.563286235466816,19.828883312265205,19.84357142920686,22460400
1998-12-11,20.9965877532959,21.04799543847448,20.62204145232383,20.710170165722054,22101115
1998-12-14,20.519222259521484,21.2242489617204,20.42375022862677,21.003928665510962,18896251
1998-12-15,20.313589096069336,20.46781506136987,20.056549231763256,20.34296679312049,17928504
1998-12-16,21.429885864257812,21.444573983703325,19.975767886915342,20.2989050527758,39017777
1998-12-17,20.019826889038086,21.253624296639412,19.762787041652448,20.71016690675086,43104024
1998-12-18,20.7689208984375,20.923145413827804,19.858261924796697,20.122646599474255,31104374
1998-12-21,22.43601417541504,22.43601417541504,20.930487331950236,21.356441253887198,30181244
1998-12-22,22.91337776184082,23.486211438367988,22.27444682352695,23.207138659084,29855879
1998-12-23,23.111665725708008,23.765284756595797,23.060258045817744,23.500898643598564,28806725
1998-12-24,24.426246643066406,24.514375345695353,23.07494571718489,23.07494571718489,42020950
1998-12-25,24.426246643066406,24.426246643066406,24.426246643066406,24.426246643066406,0
1998-12-28,25.28550148010254,25.762863134241456,24.859547509290955,25.116588849809055,30783966
1998-12-29,25.520505905151367,25.6012927410453,24.697977206176862,24.96970517602727,24023825
1998-12-30,24.778757095336914,26.218186470671395,24.257329760797884,26.218186470671395,38591957
1998-12-31,24.02967071533203,24.955017775357298,23.596373421695503,24.404216998157043,43068017
1999-01-01,24.40421485900879,24.646566594957314,23.802003528026056,24.22061412872197,18835718
1999-01-04,24.27936363220215,25.035799367321857,24.19123494155784,24.543748242194674,18245781
1999-01-05,26.225534439086914,26.225534439086914,23.9782599545055,24.30874184034171,38938718
1999-01-06,26.99665641784668,27.070098463992046,25.961149297350907,26.548671047108215,40059886
1999-01-07,28.127643585205078,28.24514854732264,26.95259981179309,27.03338374227846,35983032
1999-01-08,30.382259368896484,30.382259368896488,28.832666544845047,28.847356125069197,35565562
1999-01-11,32.813133239746094,32.813133239746094,32.01997778121509,32.306395355004774,19857214
1999-01-12,31.432453155517578,32.673593914594505,30.389601243271912,32.01997490660398,33622761
1999-01-13,30.514448165893555,31.726212696070913,29.96364743575891,31.718867906634145,25379036
1999-01-14,32.96001434326172,32.96001434326172,29.023613296357144,29.170494477935932,69784784
1999-01-15,31.285573959350586,34.07630464587913,31.153382361088696,34.07630464587913,48804314
1999-01-18,31.469175338745117,31.579335498627422,30.40429184396182,31.447143891544957,18413291
1999-01-19,31.10197639465332,32.31374117711586,30.448357247966154,31.57933810144876,28777763
1999-01-20,31.10197639465332,31.101976394653317,31.101976394653317,31.101976394653317,0
1999-01-21,33.59159851074219,33.59159851074219,30.991811871206743,31.64543092605758,41750900
1999-01-22,32.60750198364258,34.223189255939594,32.35780541793771,33.70910654331578,30818929
1999-01-25,31.13869285583496,32.87922677865845,30.712738900548477,32.16685818043295,29507030
1999-01-26,31.13869285583496,31.13869285583496,31.13869285583496,31.13869285583496,0
1999-01-27,31.667463302612305,32.60749995369936,30.485074891514756,31.359014279016485,35507638
1999-01-28,30.991809844970703,32.01997510877447,30.859618254208932,31.770278582277278,15363934
1999-01-29,31.124004364013672,31.417766730990657,30.30147558424097,30.903684050721647,17321868
1999-02-01,29.08236312866211,30.933057076890062,29.08236312866211,30.852273165326277,21049352
1999-02-02,28.97220230102539,29.772702536974343,28.641721839819905,29.12642827058343,21963872
1999-02-03,28.97220230102539,29.816768352797215,28.149673542987028,29.37612481397522,17718986
1999-02-04,28.494834899902344,29.361432222459868,28.377329979970426,29.119077594130097,12529836
1999-02-05,27.67230796813965,28.61234455943002,27.481363903561036,28.44343194001793,14166839
1999-02-08,26.673521041870117,28.259831829027174,26.585392339930152,27.503394535012763,15874030
1999-02-09,27.172914505004883,27.172914505004883,26.041933865559002,26.879152160779512,13816165
1999-02-10,29.24393081665039,29.346746172005336,26.73227308487273,27.17291366368663,28829685
1999-02-11,30.12520980834961,31.41775801677672,29.420183247036583,29.420183247036583,37688396
1999-02-12,30.551170349121094,30.991810949958445,30.125216403833736,30.551170349121094,14818092
1999-02-15,29.310028076171875,31.43245290704099,29.273307053306404,30.925712147917043,20336522
1999-02-16,30.25740623474121,30.25740623474121,29.155801873010525,29.229240994240136,16986065
1999-02-17,30.110525131225586,31.065251252489055,29.24393063383127,30.367566441887163,24349973
1999-02-18,29.890207290649414,30.83024391027922,29.831454819179967,29.86083105491469,12353194
1999-02-19,29.728633880615234,30.683356977118926,29.669881420164476,30.22802687056592,13653351
1999-02-22,28.201082229614258,29.941616229298372,28.127640175253358,29.464254571478335,11358050
1999-02-23,28.274518966674805,28.458121163153802,27.466676904258364,28.201079842411932,13496539
1999-02-24,28.2377986907959,28.627034538957886,28.068886069022668,28.56828206843839,4473972
1999-02-25,27.393234252929688,28.480151980926593,26.614768442136043,27.9073168830936,9112845
1999-02-26,26.710241317749023,27.598870275137102,26.335697958838324,27.598870275137102,8742340
1999-03-01,25.895051956176758,26.717583572707934,25.579258176095887,26.60007863836332,11579048
1999-03-02,25.895051956176758,25.895051956176758,25.895051956176758,25.895051956176758,0
1999-03-03,27.334482192993164,27.966069767916267,26.012557498482686,26.51195055723791,17784998
1999-03-04,27.099468231201172,28.347953478947716,26.673514406394936,27.319788469302225,16068415
1999-03-05,26.937908172607422,27.848568635598628,26.879155696034985,27.216983898267294,8408364
1999-03-08,26.915876388549805,28.340619541806916,25.777550824034154,27.246359796110784,10609996
1999-03-09,26.306320190429688,27.312451110835127,26.15943901711617,27.018688764208097,9029351
1999-03-10,28.41405487060547,28.41405487060547,26.849775527627607,27.172914101476785,24834760
1999-03-11,27.187604904174805,29.376127360323736,27.187604904174805,29.04564687047191,19798769
1999-03-12,27.393234252929688,27.9073168830936,27.033377581367407,27.393234252929688,7901921
1999-03-15,27.24635124206543,28.083569374092995,27.128846327279675,27.466671495348407,7477928
1999-03-16,26.365066528320312,27.319789547006852,26.23287204114056,27.136187392092992,12796755
1999-03-17,25.924427032470703,27.084783821502604,25.704106752350427,26.87915019557922,8378359
1999-03-18,25.689420700073242,26.130064244671868,25.26346965944999,25.8509914617001,7065677
1999-03-19,25.204713821411133,25.85099100883409,25.116588037916614,25.704109829874326,4860653
1999-03-22,24.60250473022461,25.483788857059206,24.4556235551053,24.756727771188938,4902139
1999-03-23,26.57070541381836,26.57070541381836,24.23530335088625,24.52906718195609,9629203
1999-03-24,25.90974235534668,27.290419529853022,25.270809985586222,25.92442901066425,17919632
1999-03-25,25.263471603393555,26.409139059742657,25.26347160339356,25.55723106518177,7865914
1999-03-26,24.38218116760254,25.54253944150377,24.2353000033263,25.513163208648525,6348151
1999-03-29,24.38218116760254,24.38218116760254,24.38218116760254,24.38218116760254,0
1999-03-30,23.66246795654297,24.367494667966632,23.20713777901584,23.95622884264606,10105901
1999-03-31,24.7493839263916,25.55722593913114,24.67594188276372,25.123930162026937,5323946
1999-04-01,24.46297264099121,25.10190221011672,24.345467680259674,24.984397249385182,3735828
1999-04-02,24.46297264099121,24.46297264099121,24.46297264099121,24.46297264099121,0
1999-04-05,22.50946044921875,23.64778466331537,22.50946044921875,23.581688852492228,3638061
1999-04-06,21.738332748413086,22.178974826008037,21.077370362990997,21.598796358530475,4259116
1999-04-07,22.693056106567383,23.33933033450585,21.89255591824712,21.921932152420737,10643529
1999-04-08,22.032093048095703,23.11901082556422,21.753020275905985,22.83993659143387,3819264
1999-04-09,20.739547729492188,22.178977625929218,20.710171489814627,22.032096427541415,4014285
1999-04-12,21.077369689941406,21.150810277518882,19.99045191767603,20.51187935850579,3645242
1999-04-13,20.651416778564453,20.989242036405184,20.416408348483287,20.489847477799415,3479277
1999-04-14,20.651416778564453,20.651416778564453,20.651416778564453,20.651416778564453,0
1999-04-15,20.783607482910156,20.83501662553911,19.97576539981069,20.23280672713354,3136931
1999-04-16,22.450706481933594,22.450706481933594,20.857052102883127,20.857052102883127,4454267
1999-04-19,21.598796844482422,22.230383008145544,20.57797627644244,20.710169341277343,3342717
1999-04-20,21.158151626586914,22.017402766034266,20.864390765690285,21.466600603625402,3120305
1999-04-21,21.18018341064453,21.66488829378803,21.04064558371277,21.371127448440973,3364389
1999-04-22,20.5412540435791,21.48128910781776,20.26952462101633,21.194871568847795,3002265
1999-04-23,20.548599243164062,20.857049715820526,20.28421458568489,20.38703140990371,2087725
1999-04-26,18.91088104248047,20.122645662072387,18.91088104248047,18.962288724568857,3517888
1999-04-27,18.91088104248047,18.91088104248047,18.91088104248047,18.91088104248047,0
1999-04-28,19.388240814208984,19.527777190933215,18.521644858724212,18.910879217638605,2229602
1999-04-29,20.504533767700195,20.504533767700195,19.424960827339973,19.498402873988823,3649505
1999-04-30,21.011276245117188,21.297692375833762,20.71017053329942,20.9304908587646,3364144
1999-05-03,19.828886032104492,21.283003961020885,19.828886032104492,21.150812352354436,2735226
1999-05-04,21.41519546508789,21.41519546508789,19.806853135751762,19.828884581604296,4129804
1999-05-05,20.6367244720459,21.98802522915946,20.577972010964366,20.71016504839781,6362345
1999-05-06,22.289134979248047,22.289134979248047,20.63672828477242,20.857050054533577,8222131
1999-05-07,23.80934715270996,24.073731782046114,22.913374989486762,23.354017013007343,10027991
1999-05-10,23.794658660888672,24.448277627760035,23.074943903211828,23.64777750138708,8294661
1999-05-11,24.088420867919922,25.09455175009996,23.735907527300952,23.868100578260773,7157734
1999-05-12,24.78609848022461,25.997865711888004,23.581678960530606,24.822819496787908,17801134
1999-05-13,26.768993377685547,26.768993377685547,25.204713931710884,26.21084781907725,15729622
1999-05-14,28.913448333740234,28.913448333740234,26.55601380204222,27.319792895377926,20238782
1999-05-17,28.193735122680664,30.110526386667598,26.65883198401686,27.9881014808014,16446747
1999-05-18,28.259830474853516,29.361434810493922,27.628242936489183,27.907315683985697,11000362
1999-05-19,28.3699893951416,29.15579992778289,27.165566835389274,27.165566835389274,13826111
1999-05-20,27.760433197021484,29.802073953713943,27.760433197021484,28.49483605241926,9095520
1999-05-21,26.291629791259766,28.068884623226996,25.86567586387445,28.068884623226996,6302286
1999-05-24,25.850990295410156,25.99787147031636,25.1973712599885,25.99787147031636,4771122
1999-05-25,26.95259666442871,27.760438798829217,25.608637472000957,25.821615921939127,9073055
1999-05-26,25.72614097595215,27.613556062916704,25.527852117637533,27.2463575056184,6530157
1999-05-27,24.675945281982422,26.7175864244337,24.675945281982422,25.850991826967093,6993309
1999-05-28,24.984394073486328,25.300187884339664,23.20713907804259,24.44093662306651,10266747
1999-05-31,26.989315032958984,26.989315032958984,25.55722727031429,25.704108441339535,13578436
1999-06-01,25.93177604675293,27.2977666842785,25.873023572630448,26.732276313760686,10542324
1999-06-02,26.98197364807129,27.136196704197054,25.946463454591637,26.28428872863652,6531936
1999-06-03,27.760433197021484,27.760433197021484,26.746957607438258,27.312447864572164,9852085
1999-06-04,29.376129150390625,29.919588133220856,28.28921410861195,28.28921410861195,20170353
1999-06-07,28.722515106201172,29.508328941895748,28.553602425645593,29.478952696412936,8900838
1999-06-08,30.03708839416504,30.220687674136663,28.296551548030155,28.384680255013812,11870917
1999-06-09,29.207216262817383,30.793527376105015,28.94283302652395,30.360228566788333,15331779
1999-06-10,28.157018661499023,29.948963411934933,27.936698328579297,29.589106673240607,9424643
1999-06-11,26.813058853149414,28.347962043719928,26.62211478403058,28.347962043719928,10007561
1999-06-14,26.225534439086914,26.438509932562535,25.138616756582223,25.557225878292982,6513124
1999-06-15,26.467884063720703,27.74574569476027,26.078651205518536,26.394444949979444,19379775
1999-06-16,27.80450439453125,28.11295341966859,25.55722958409469,26.73227613479634,25389071
1999-06-17,28.99846649169922,29.40143027804476,28.237311352617912,28.67758748094786,23092282
1999-06-18,29.692466735839844,30.28944948800699,29.02832234707905,29.080557855111852,27894850
1999-06-21,31.07298469543457,31.446099210949562,29.84916718312814,29.901402680526633,21310349
1999-06-22,32.81169891357422,33.356446077083376,31.22223283113723,31.781903150033454,31403977
1999-06-23,30.759571075439453,33.08780618553543,30.595398537053953,32.759464079729135,23642309
1999-06-24,31.21477699279785,31.4908806845638,29.86410188068504,30.45362161776771,19122791
1999-06-25,31.296855926513672,32.520670589700494,31.117760228203963,31.49087478086681,24399250
1999-06-28,31.51326560974121,32.013237413143194,31.072989404581246,31.595347428694602,11505928
1999-06-29,31.744596481323242,32.22218507454055,31.207312284918945,31.759522610343865,8086892
1999-06-30,30.72972297668457,31.893839091087496,30.602862779086614,31.893839091087496,17678314
1999-07-01,29.96856689453125,30.968513407212537,29.65515091207785,30.826730057316112,29130316
1999-07-02,30.759571075439453,30.968513080896937,29.923794140715408,30.21482092988329,19597976
1999-07-05,32.68484115600586,33.04302956000625,31.043136629345568,31.043136629345568,32982770
1999-07-06,32.356502532958984,33.162430242112194,31.87145388888935,32.908712809779686,25083551
1999-07-07,33.17734909057617,33.9534273450059,32.37141858728241,32.90124252726225,27219864
1999-07-08,35.83393478393555,35.83393478393555,33.45346374024929,33.45346374024929,38071905
1999-07-09,38.706912994384766,38.706912994384766,36.81895393751978,36.81895393751978,28524223
1999-07-12,41.80376052856445,41.80376052856445,41.49034457506483,41.49034457506483,3206700
1999-07-13,44.937923431396484,45.154328484381324,43.430539239427446,45.14686839256303,27311076
1999-07-14,41.564971923828125,44.012604294781035,41.34856387245405,44.012604294781035,18468840
1999-07-15,41.72914123535156,43.699188021582266,40.81127947343743,41.80376593023399,31705734
1999-07-16,42.348514556884766,43.11712992588504,40.47547862253337,41.98286007576862,17319467
1999-07-19,41.57242202758789,43.93796590201141,41.132145969329635,42.75892401001868,10890395
1999-07-20,39.39344024658203,42.079866687641484,38.84869605455182,41.23662670754071,15690625
1999-07-21,40.72173309326172,41.77391815558929,37.326389569502204,38.80392471255234,15840481
1999-07-22,40.796356201171875,41.71421796047913,40.45308795342432,40.669496002810945,10707945
1999-07-23,40.0650520324707,41.378414631120755,39.848646944348864,41.027689245922076,9773731
1999-07-26,38.848697662353516,39.602386857550236,38.37110913521843,39.602386857550236,8741531
1999-07-27,38.662139892578125,39.66208644046078,38.2517129842884,38.65467682890908,10100782
1999-07-28,37.512943267822266,39.02778758377211,37.1099794624992,38.35618322221003,11451417
1999-07-29,36.07271957397461,37.89351970562807,35.69214199805711,37.89351970562807,10746937
1999-07-30,36.386146545410156,36.99805548306221,35.311575114773056,35.85632240958362,14304599
1999-08-02,34.46086883544922,36.2667430740236,34.2668499766521,36.2667430740236,7453512
1999-08-03,34.62504196166992,35.2071015687224,33.968360623108346,34.68474053526326,11384716
1999-08-04,37.28907775878906,37.40101182688855,35.28171868356788,35.95332606312957,19840761
1999-08-05,37.71442413330078,38.274094419211046,35.83392543652049,37.38608205352616,19038733
1999-08-06,38.714378356933594,39.51284304356684,37.33385407889982,38.31141448149709,18723048
1999-08-09,41.66944122314453,41.811224573347694,38.8039219653914,39.10241479264266,29545318
1999-08-10,39.45314025878906,41.52765798644347,38.99048083173219,41.52765798644347,21420472
1999-08-11,39.60985565185547,40.73666253238737,37.766668847938526,37.908452219704046,19560247
1999-08-12,38.66960144042969,39.99788708610452,38.50542890097033,39.40836746962029,6402636
1999-08-13,37.19207000732422,38.953171905617396,37.01297429475915,38.65467905134228,7360494
1999-08-16,39.378509521484375,39.803859475871896,37.49055098636409,37.75919149915407,15024604
1999-08-17,41.34856414794922,41.78137728261623,38.55766944943093,39.45314203194831,22277230
1999-08-18,44.355873107910156,44.66182606453832,41.639596965046394,41.77392023900054,27055287
1999-08-19,41.05753707885742,43.72157453094649,40.9082906590699,43.72157453094649,14263358
1999-08-20,42.1171875,42.81118121107226,38.371115261529766,41.02769295497213,15078484
1999-08-23,45.490135192871094,45.490135192871094,42.68431446135629,42.68431446135629,21692735
1999-08-24,46.18412780761719,47.012444654316816,44.78868053530193,45.68415603940836,17273598
1999-08-25,44.83345413208008,47.74374885288749,42.49029579347267,47.38556042456808,14827026
1999-08-26,46.1095085144043,47.44526026300382,44.97524166152704,45.51998589668661,16187707
1999-08-27,46.80350875854492,47.27363430643917,45.69908806262029,47.01245377660518,12119739
1999-08-30,47.31093215942383,48.41535258621322,45.25880374490774,46.564703104878966,23313280
1999-08-31,46.38560485839844,47.67658099208341,46.04233963109368,47.01243972522679,11737373
1999-09-01,45.10955810546875,47.68404749605701,44.38571525666195,47.68404749605701,16012599
1999-09-02,45.04240036010742,46.11697161669973,44.2066233763056,44.32602051270084,22436369
1999-09-03,44.29616165161133,45.77369643860677,44.10960292358722,45.22148628765105,13682866
1999-09-06,45.072242736816406,45.66922535633925,44.42302462086703,44.92299633919459,13353801
1999-09-07,45.38566970825195,46.90051432732352,44.930470313183534,45.51252991977961,15856966
1999-09-08,45.69908142089844,46.53485840070568,44.79614578041351,45.81847855672303,10887478
1999-09-09,44.96031188964844,45.96772143177756,44.59466041760591,45.93040908696844,7169653
1999-09-10,45.69908142089844,46.38561198092495,45.08717555624473,45.51252562439617,18458017
1999-09-13,45.69908142089844,45.69908142089844,45.69908142089844,45.69908142089844,0
1999-09-14,45.34834289550781,46.639321908535834,44.93791904696557,45.89309294814097,14305883
1999-09-15,45.281192779541016,46.400536430984424,44.99762607769112,45.96772331474912,9119117
1999-09-16,42.87833023071289,45.340888485329494,42.572377328744956,45.087171082360406,16343355
1999-09-17,43.5499382019043,43.87828029762365,41.97539529119322,42.6171503854705,11301310
1999-09-20,41.49781036376953,43.71411153067843,41.281405282987095,43.430544818152896,8993636
1999-09-21,40.50532150268555,41.855996225560936,40.29637654236638,41.520191082306866,10361455
1999-09-22,40.96798324584961,42.191797767506344,40.371000624821065,41.18438829472374,9543032
1999-09-23,39.99789047241211,41.18439584017389,39.55761723135976,40.930678402575175,9313001
1999-09-24,41.781368255615234,43.13204584328104,39.86356033359303,40.03519293762239,15499038
1999-09-27,39.57252883911133,42.08732220202235,39.25164986101651,41.04260050049766,7880119
1999-09-28,40.02027893066406,40.803817450154064,38.5054314549249,39.55015344219812,10011198
1999-09-29,40.44562530517578,41.78137398057225,39.93072742253548,40.28145574081748,6042918
1999-09-30,40.69187927246094,41.63959024672963,40.32622780217457,40.74411477236405,8562145
1999-10-01,39.766563415527344,40.89336727586945,39.40837198399988,40.55756503703624,6607634
1999-10-04,38.69198226928711,40.072506195307376,38.43080182617806,39.997881513868045,6071243
1999-10-05,39.25165939331055,39.66954936379095,38.356186827067916,38.80392311018923,7627059
1999-10-06,38.117393493652344,39.84864604334206,37.774128209244715,38.35618776835848,11262893
1999-10-07,39.72177505493164,40.296371394176646,38.35617735198193,38.35617735198193,7349870
1999-10-08,41.1023063659668,41.56496874633051,39.699396069524234,40.28145557655789,8245327
1999-10-11,41.624671936035156,42.82610045749599,40.833667369412986,41.259020423191636,12798999
1999-10-12,41.40079879760742,42.07986623552149,40.89336101397942,41.75898720332141,6513109
1999-10-13,41.77391052246094,42.89325404291927,40.59486844323435,40.59486844323435,5786575
1999-10-14,43.43800735473633,45.117024360218664,42.370899178362706,42.370899178362706,10154693
1999-10-15,40.915740966796875,43.72902713683824,40.44561857060248,43.57978075274313,4270445
1999-10-18,40.609798431396484,41.788840709036236,40.0799773468736,41.01276228541216,6253432
1999-10-19,40.609798431396484,40.609798431396484,40.609798431396484,40.609798431396484,0
1999-10-20,42.22911834716797,42.78878873512792,41.49035224667483,41.49035224667483,5226075
1999-10-21,42.1768798828125,44.027526536319165,41.826151546437366,42.535068311796294,9090307
1999-10-22,41.94554138183594,42.68430730198932,39.55014498159725,41.78883192888241,7562148
1999-10-25,44.027530670166016,44.923006283150976,42.55745852737025,42.72163108657696,15772074
1999-10-26,42.393280029296875,44.40063592960989,41.96046695683492,43.75141780639918,6901841
1999-10-27,39.885955810546875,43.57979215692505,39.41583329132842,43.41562257694177,15054589
1999-10-28,38.63975143432617,40.14713274702164,38.20693833106487,39.55761314157666,7104961
1999-10-29,36.02049255371094,38.803927417817796,35.70707355557555,38.505434548624635,9664484
1999-11-01,33.140045166015625,36.042877037794845,33.140045166015625,35.81900888217982,5284390
1999-11-02,33.811649322509766,34.31162109206728,30.4909277762809,32.32665122771686,12590113
1999-11-03,32.66244888305664,34.32653947079775,31.267001801175574,34.177296049617595,8408594
1999-11-04,33.39376449584961,34.028059619944365,32.23710833179856,32.6923077328857,5429905
1999-11-05,34.87129592895508,35.36380762771662,33.13258034134291,33.13258034134291,10562921
1999-11-08,34.87129592895508,34.87129592895508,34.87129592895508,34.87129592895508,0
1999-11-09,34.82653045654297,35.22203135277854,33.2818362588915,34.475802013442646,5810470
1999-11-10,35.2369499206543,35.73692471849248,34.62504104303959,35.07278033311074,3286061
1999-11-11,34.63996124267578,35.729455538927475,34.25938365399483,35.22201776369802,4364647
1999-11-12,34.30414581298828,34.61010159325336,33.5952293177954,34.32653202421255,3342639
1999-11-15,33.91611862182617,35.17724554839503,33.737022935328156,34.69966002203156,4287024
1999-11-16,33.60270309448242,34.4011676601677,32.75946312110599,33.72956031251735,6260623
1999-11-17,33.654945373535156,34.99815736843848,33.595246798564766,34.177306419043454,6764796
1999-11-18,33.684791564941406,33.87881043027966,32.617683349133614,33.61762993153146,3244001
1999-11-19,33.69225311279297,34.475791602815164,33.58031607182499,33.86388574959314,3820658
1999-11-22,33.25196838378906,33.72955382452023,33.02810030128896,33.65493212067487,3224057
1999-11-23,33.25196838378906,33.25196838378906,33.25196838378906,33.25196838378906,0
1999-11-24,35.804080963134766,35.91601503534364,33.53554429304083,33.91612192112993,11102866
1999-11-25,35.44588851928711,36.62493064702957,35.110083369656635,36.20704071845616,9221011
1999-11-26,34.714576721191406,35.74437227059618,34.55040719124793,35.445882486241125,3390836
1999-11-29,33.92357635498047,34.774276275742594,33.5504618855466,34.774276275742594,3673051
1999-11-30,32.6102180480957,34.01312839278153,32.3863499133735,33.66240303483362,6691520
1999-12-01,33.281822204589844,33.953429514771,32.83408300748092,33.132575805553536,4298734
1999-12-02,34.46833038330078,35.296644256822695,33.4310715328205,33.58031497396891,6174196
1999-12-03,33.781803131103516,35.07277952175502,33.52062262734529,34.908606967044285,4866446
1999-12-06,34.15491485595703,34.580264907892506,33.580315418965924,34.3116213625289,2859929
1999-12-07,34.12506866455078,34.89368405304229,33.92358673001689,34.341473756363285,4176452
1999-12-08,33.64746856689453,35.19216484967441,33.296740324926404,34.7742749955529,5758036
1999-12-09,32.916175842285156,33.938508634495,32.632606154808975,33.841497717387504,3530480
1999-12-10,33.080345153808594,34.319085990797845,32.9236356691266,33.50569522513845,6679512
1999-12-13,32.25202941894531,33.43107162131281,31.938613438160505,33.281825208804634,2540257
1999-12-14,31.222232818603516,32.371422737673406,30.90135378278166,32.10278217309692,5249934
1999-12-15,32.4982795715332,33.28182090771874,31.050596984703045,31.640116524219476,2872260
1999-12-16,31.93861198425293,32.98333088232308,31.662505390940538,32.79677510340378,1979041
1999-12-17,31.311782836914062,32.6848470509574,31.192388661356713,32.22964468709918,3325110
1999-12-20,30.610321044921875,31.63265364522372,30.431225372018613,31.117755813850103,2797616
1999-12-21,30.117809295654297,31.34162377977544,29.96109983982147,31.043133963898356,3666940
1999-12-22,32.51321029663086,32.528133452582246,30.744645485918706,31.625194874063375,7156268
1999-12-23,32.70723342895508,33.856426513259166,32.35650505211627,33.431076404970995,5249391
1999-12-24,31.796833038330078,33.13258186950483,31.610274262649448,32.5355991350638,3917526
1999-12-27,30.617788314819336,32.08785732842974,30.30436935868687,31.93861388479922,2495279
1999-12-28,30.31929588317871,31.102837341854233,30.155126310453674,30.893892358681136,4363238
1999-12-29,30.834197998046875,31.30432353157335,30.610329828163866,31.192389446631847,1441638
1999-12-30,30.087963104248047,31.192383557919776,29.864094976628397,30.893890740450487,976613
1999-12-31,30.087963104248047,30.087963104248047,30.087963104248047,30.087963104248047,0
2000-01-03,32.34904098510742,32.42366568520913,30.953593556400065,30.953593556400065,3528277
2000-01-04,31.07298469543457,32.684839877813644,30.744642614557012,32.38634707701586,3544397
2000-01-05,31.826679229736328,32.50574668991745,28.953693971905775,28.953693971905775,5849540
2000-01-06,33.14750671386719,34.31162285239441,32.08785861329263,32.08785861329263,10274966
2000-01-07,35.804080963134766,35.804080963134766,33.2967500211473,33.43107328456984,11477451
2000-01-10,38.632286071777344,38.669598414775656,37.01296781980308,38.654672289190536,8978430
2000-01-11,35.54290008544922,38.80392318450381,35.54290008544922,38.80392318450381,6303356
2000-01-12,35.85630798339844,36.714473952223685,34.17729432657236,35.8189986154665,4897855
2000-01-13,35.13993453979492,36.56523405197115,34.56533808533299,36.26674122979689,2952315
2000-01-14,35.67721939086914,36.26673896412878,34.77428088842421,35.065310629121626,5347397
2000-01-17,37.408470153808594,38.52035366079119,36.259280244161516,36.259280244161516,7738816
2000-01-18,37.01297378540039,37.68458121279449,36.57270054510973,37.46071306065144,4134762
2000-01-19,37.38608932495117,38.49050992803344,36.20704699288877,37.46071402489635,6371852
2000-01-20,35.177242279052734,37.31145825072381,34.8638263422921,37.31145825072381,2911586
2000-01-21,34.654884338378906,34.89367858513735,33.65493788652475,34.341468374990725,3633756
2000-01-24,31.886369705200195,35.20709069456331,31.886369705200195,34.32653849151392,5871546
2000-01-25,29.34172821044922,30.580468700746728,29.34172821044922,29.901398418465654,3684802
2000-01-26,29.34172821044922,29.34172821044922,29.34172821044922,29.34172821044922,0
2000-01-27,26.998567581176758,28.804444318545958,26.998567581176758,28.35670517958349,9020093
2000-01-28,26.147872924804688,27.162745539303163,25.1255372470837,25.521040975336234,13942903
2000-01-31,26.81947898864746,28.162690668552756,25.379256404424112,25.543425961610495,14875954
2000-02-01,26.162796020507812,27.595555607723444,25.685210481757487,26.84932653225844,6294485
2000-02-02,26.87917709350586,27.89404975399126,26.617999578529812,27.461236631943425,4676810
2000-02-03,26.468751907348633,27.1254331373677,26.379204061759943,26.864252663808518,2037576
2000-02-04,26.707542419433594,26.856788824434823,25.78968074238174,26.715005482424797,4201025
2000-02-07,26.53591537475586,27.23737214023834,26.17026383385966,26.58069079115112,2468149
2000-02-08,26.953800201416016,27.595555297688446,26.341891415700797,26.71500594924137,3504831
2000-02-09,27.408998489379883,28.655202232515038,27.162744154275444,27.75972679137838,4440835
2000-02-10,27.028423309326172,27.59555671643385,26.864253737998112,27.59555671643385,1445348
2000-02-11,25.334484100341797,27.580634561735273,24.931520249932102,27.446314268587003,4107804
2000-02-14,23.55099105834961,25.371791062459007,23.312198321400533,25.371791062459007,3657229
2000-02-15,24.744958877563477,25.22254585939982,23.28235013832923,23.588304507464073,5135881
2000-02-16,24.60317611694336,25.640433394365203,24.498703637284834,25.640433394365203,1652627
2000-02-17,24.827043533325195,25.67028338820486,24.416616713494076,24.625560168957808,1841955
2000-02-18,23.013708114624023,24.92405604227481,22.84207550189508,24.774808160731713,2747217
2000-02-21,24.856897354125977,24.856897354125977,22.386877378036974,22.386877378036974,3511793
2000-02-22,26.84932518005371,26.84932518005371,25.41656566499573,25.95385271136585,3318248
2000-02-23,25.080768585205078,28.953697900469926,24.81212649291896,28.341791985333394,6547748
2000-02-24,25.40910530090332,26.10309586250826,24.767347265652464,25.506113232790785,2448914
2000-02-25,27.29706573486328,27.44631214401114,24.856896600930874,26.035938776751998,4658556
2000-02-28,27.020959854125977,27.46123301071219,25.98370111070354,27.46123301071219,3399023
2000-02-29,24.864360809326172,27.371690349912413,24.864360809326172,26.87171854007528,4357555
2000-03-01,23.521141052246094,25.670283045653182,22.9838570393764,24.92405409462588,7644786
2000-03-02,21.909290313720703,24.439008852269517,21.75258232229452,24.32707329940878,6852856
2000-03-03,20.163118362426758,21.17799118738954,20.163118362426758,20.446685114041667,6378720
2000-03-06,20.707857131958008,21.782426606051054,20.312354969708927,20.879489725344772,8897556
2000-03-07,19.715375900268555,20.83471948551641,19.401959934076324,19.401959934076324,5675894
2000-03-08,19.028846740722656,20.013868630076196,18.655730700646625,19.998943988473155,3117111
2000-03-09,20.5511531829834,20.5511531829834,18.83482542903224,19.103467478557295,3438151
2000-03-10,19.31241226196289,20.894418232988198,18.99153322990666,19.40196010609239,3519688
2000-03-13,17.96173858642578,19.909396146186737,17.84234145355748,19.685528007541073,3513948
2000-03-14,19.40196418762207,19.40196418762207,17.8796549736241,18.32739280297849,4396990
2000-03-15,20.178041458129883,20.789948846578508,19.401962997643448,20.148192172304828,4038499
2000-03-16,21.700347900390625,21.797358816730547,19.99894464382009,20.297437485662247,5782750
2000-03-17,21.700347900390625,21.700347900390625,21.700347900390625,21.700347900390625,0
2000-03-20,21.700347900390625,21.700347900390625,21.700347900390625,21.700347900390625,0
2000-03-21,22.31971549987793,22.83461335879736,20.18549937768277,21.342155280022578,5317329
2000-03-22,21.871976852416992,22.909235589151066,21.26753117786615,22.834612391277716,3838207
2000-03-23,20.32728385925293,22.01376235549524,20.2228128574149,21.93914063574874,2233876
2000-03-24,20.18549919128418,20.424293432391693,19.581053496704143,19.581053496704143,1619042
2000-03-27,20.20042610168457,20.566079081735165,19.872085468741687,20.14819059831266,1540735
2000-03-28,19.924318313598633,20.446677695121046,19.42434366181678,20.036250875194042,2961249
2000-03-29,20.133268356323242,20.87949756163439,19.849701614820827,20.18550386592129,4678469
2000-03-30,18.91691017150879,19.946705849580546,18.52886954111057,19.931781209949847,4667469
2000-03-31,20.342206954956055,20.43175479442795,18.13336916087604,18.551257592929314,5272686
2000-04-03,21.297386169433594,21.774973278439997,20.148193070392228,20.595930892243068,8754650
2000-04-04,19.595977783203125,21.04366338735012,19.595977783203125,21.04366338735012,3347962
2000-04-05,19.931781768798828,20.297434707262106,18.693041101165345,18.879598359038713,2701614
2000-04-06,19.20794105529785,20.297436927073758,18.34231480874264,19.864623803796153,3187158
2000-04-07,20.7153263092041,20.745175593864463,19.252715817293684,19.521359379236955,5058623
2000-04-10,20.842185974121094,21.618264439619768,20.16311694543912,20.745176537304392,6369645
2000-04-11,20.588464736938477,21.043665554984003,19.73030157375142,20.446681386975605,2863634
2000-04-12,20.18549919128418,20.89441736634875,19.998941933160054,20.89441736634875,2430692
2000-04-13,19.252714157104492,20.140728070951894,18.58110828112478,19.103467746672404,4579675
2000-04-14,19.252714157104492,19.252714157104492,19.252714157104492,19.252714157104492,0
2000-04-17,19.67060089111328,20.297434274325607,17.760254432979078,18.96914579472905,7003338
2000-04-18,18.155759811401367,20.44668275422898,18.103522820486695,20.133266750670817,6960991
2000-04-19,18.588571548461914,19.073620159467787,17.312518438964297,18.648268627807795,5853793
2000-04-20,18.312467575073242,18.80497779476831,17.611010879918776,18.364703079826256,5326231
2000-04-21,18.312467575073242,18.312467575073242,18.312467575073242,18.312467575073242,0
2000-04-24,18.760204315185547,19.401960920762455,18.282617278590415,18.50648541283188,4159664
2000-04-25,19.021387100219727,19.16317047822239,17.91696787929342,18.51395067988177,5104143
2000-04-26,19.991483688354492,20.22281490524812,18.506486953112887,19.103469684431452,10018921
2000-04-27,19.282564163208008,20.148190405251757,19.03630831948988,19.998943989215803,3536924
2000-04-28,19.058696746826172,19.484046820422808,18.76766696726929,19.349726526383055,2827168
2000-05-01,19.058696746826172,19.058696746826172,19.058696746826172,19.058696746826172,0
2000-05-02,18.85721206665039,19.178091083689026,18.133369255370585,18.954221483842687,3808097
2000-05-03,19.00645637512207,19.178090472273524,18.357236784488773,18.65572808928547,1807378
2000-05-04,19.53628158569336,20.140727296476943,19.028845295219142,19.252713416776494,2822957
2000-05-05,21.073516845703125,21.52125464300269,19.484047591015557,19.84970059587966,6507661
2000-05-08,21.566022872924805,22.759989603990775,20.782482994825187,21.595872152612618,8401080
2000-05-09,21.618261337280273,22.01376209203627,20.610851792453452,21.34215622397916,3798600
2000-05-10,21.461549758911133,21.834664232659645,20.976499754652416,21.77496567918275,1647717
2000-05-11,20.6033878326416,21.342155295191684,20.386981292226864,21.342155295191684,1785675
2000-05-12,19.267641067504883,21.342158989437458,18.969149696966515,20.745176248360718,3645602
2000-05-15,19.446733474731445,19.752686371910148,18.655729026247325,18.954221831517657,1597886
2000-05-16,19.849699020385742,20.431757070838785,19.26763948445031,19.551206188889424,2281853
2000-05-17,19.991483688354492,20.595929483692846,19.77507711401795,20.148191692462678,2404657
2000-05-18,19.513893127441406,20.670549005367118,19.379571368413256,19.849696782270662,3259980
2000-05-19,19.521358489990234,19.872085340549322,19.334801212102345,19.34226279018631,1337876
2000-05-22,19.431812286376953,19.834776159593012,19.267641214314565,19.267641214314565,919367
2000-05-23,19.237789154052734,19.69298995456365,18.954222465050144,19.551205124580047,1233654
2000-05-24,19.364652633666992,19.834776669340254,18.96915032900277,19.252717066188303,2188491
2000-05-25,18.148296356201172,19.513895901246183,18.00651299981432,19.40196182888629,6283897
2000-05-26,17.722942352294922,18.357237321986354,17.23789378211285,18.349775744751998,5599246
2000-05-29,18.342313766479492,19.140779822838553,17.73040646327807,17.73040646327807,7691929
2000-05-30,18.327390670776367,18.484100155479098,17.394604253759184,17.924426819786348,4760007
2000-05-31,18.551258087158203,19.252713210744567,18.37962546633901,19.178091494678863,5226587
2000-06-01,18.260231018066406,18.65573181596818,18.058749087121072,18.506486876497647,1636440
2000-06-02,17.737863540649414,18.790046738741346,17.24535348907012,18.372158386913927,8010542
2000-06-05,17.78264045715332,18.35723685234072,17.745329600971644,18.193067302562714,5962560
2000-06-06,17.797565460205078,18.058745915257518,17.760254603261394,17.909499516518345,3959252
2000-06-07,18.148296356201172,18.610958773136655,17.909502083985473,17.969202137521833,4133666
2000-06-08,19.230327606201172,19.401960232493057,18.178144144530485,18.207993426101446,9955795
2000-06-09,20.07356834411621,20.775023568597323,19.04377247107899,19.10346955542171,14566134
2000-06-12,20.483989715576172,21.267531060706645,19.87954404435513,20.297433950143795,9419033
2000-06-13,20.985641479492188,21.244067597233332,20.392784588405995,20.674012254132546,5471078
2000-06-14,20.3167781829834,21.190862794704675,20.248370508645262,21.046448946945716,3451724
2000-06-15,19.97474479675293,20.50679710084187,19.837932471104462,20.29397708703177,2026184
2000-06-16,20.111555099487305,20.293973519002925,19.609905958861546,19.769521319416615,4324058
2000-06-19,20.438386917114258,20.902031454122362,20.00514393634736,20.14195774812251,3320690
2000-06-20,20.537200927734375,20.810827102088044,20.40038708403628,20.674014771432468,1634264
2000-06-21,19.853134155273438,20.750020343073214,19.777126466550794,20.750020343073214,1551766
2000-06-22,19.792329788208008,20.012751348849367,19.640314397061342,19.868337483781342,1547148
2000-06-23,19.632707595825195,20.369979775223246,19.48069375856609,19.625107584831234,3841307
2000-06-26,19.169065475463867,19.4730947015412,19.001848568948017,19.4730947015412,1520133
2000-06-27,19.260272979736328,20.172362089678554,19.07785606557324,19.153862230533207,5363918
2000-06-28,19.290678024291992,19.663114928080503,19.229871875669996,19.427491858691482,2053283
2000-06-29,19.207067489624023,19.754319720309415,18.857432186687777,19.321078244929964,4050203
2000-06-30,18.773826599121094,19.30587731147163,18.644612791837183,19.001846603794476,1598653
2000-07-03,19.108261108398438,19.49589803664348,18.796630352955816,18.9866488110467,2378722
2000-07-04,18.743425369262695,19.275477689861,18.62181457747302,19.153865385028812,2983490
2000-07-05,19.199466705322266,19.594705115174005,18.773826737520935,19.56430204418216,3074738
2000-07-06,19.731517791748047,20.141957713322203,19.024648701694304,19.609905514824696,5847703
2000-07-07,19.617507934570312,19.91393713945034,19.473094094511417,19.883535579528463,2541097
2000-07-10,19.93674087524414,20.499196231070353,19.46549474139662,19.46549474139662,4457831
2000-07-11,20.20276641845703,20.78042178114722,19.716318762004732,19.921538748864112,4410730
2000-07-12,20.12675666809082,21.084450346064315,20.012745912224077,20.65880887952523,6211382
2000-07-13,20.027952194213867,20.598007621703747,19.913939898281846,20.217970670043826,3510483
2000-07-14,19.33628273010254,20.111558102730807,19.245073506724523,20.0659534910418,2920399
2000-07-17,19.260272979736328,19.381885264539893,18.773826866606584,19.191866826055453,1732505
2000-07-18,18.918245315551758,19.381889994960925,18.872639184577345,19.153866905302017,3103549
2000-07-19,18.918245315551758,19.25267766734219,18.865039171443364,19.153866905302017,1474879
2000-07-20,18.515399932861328,19.146261362486293,18.378586118579538,19.146261362486293,1548771
2000-07-21,17.81613540649414,18.811832331834864,17.74012771886461,18.713021581395246,3457041
2000-07-24,16.15917205810547,17.633714980762573,15.961552092407107,17.5273057430442,4129084
2000-07-25,16.41759490966797,16.81283328602795,15.353492054250216,15.953950385894071,4359449
2000-07-26,15.756335258483887,16.105969139116475,15.110272126691465,15.20148135982412,7162833
2000-07-27,16.143972396850586,16.265584697555287,15.520710868781457,15.657524707074243,2168072
2000-07-28,15.817137718200684,16.2579807289621,15.687925424641419,15.999556141843572,2821172
2000-07-31,14.06896686553955,15.855140411229094,13.91695302927286,15.59671583044618,9136453
2000-08-01,14.41860294342041,14.715032133973825,14.068967621229913,14.236184514451455,5685626
2000-08-02,14.950652122497559,15.201476679871792,14.403399918264792,14.456604531357886,4833987
2000-08-03,14.4566068649292,15.353494499972552,14.220983803696395,15.049465280429127,7398974
2000-08-04,14.205779075622559,14.593417416062131,14.137372932679938,14.388197474192244,3249402
2000-08-07,13.93215560913086,14.342595570006111,13.772540236906297,14.213383269923588,3052810
2000-08-08,14.023361206054688,14.21338113492056,13.916951982583663,13.985358128106762,4288547
2000-08-09,14.281789779663086,14.456606692291103,14.122174403482825,14.122174403482825,2681549
2000-08-10,14.084168434143066,14.433802187786563,14.061365377620819,14.258985310964814,1294714
2000-08-11,13.81054401397705,14.190580921791554,13.75733939157828,14.023364016614524,1679063
2000-08-14,13.240488052368164,13.863748008250637,13.042868082476156,13.863748008250637,4340522
2000-08-15,13.240488052368164,13.240488052368164,13.240488052368164,13.240488052368164,0
2000-08-16,13.612923622131348,13.818143583837058,13.392500612700003,13.498911355484266,2836525
2000-08-17,13.749734878540039,14.198177848131719,13.453307244255058,13.673727210886689,4379566
2000-08-18,13.620526313781738,13.901754004256793,13.453310912393981,13.521717075412385,2688302
2000-08-21,13.825746536254883,14.030966541623666,13.567320391652624,13.742138834228339,2519399
2000-08-22,14.038562774658203,14.13737350104361,13.71933207736927,13.86374589218845,3069410
2000-08-23,14.563017845153809,15.049465511724941,14.137376326034365,14.441405550250428,7352004
2000-08-24,14.319792747497559,14.707431167233343,14.137375824654265,14.46420658605251,2050351
2000-08-25,14.532612800598145,14.874646577108043,14.17537748928687,14.365395917782994,3700802
2000-08-28,15.923547744750977,16.174372309388485,14.555414168466987,14.578217226911576,15875930
2000-08-29,15.520708084106445,16.11356643063068,14.89744818090304,15.961551082023906,6929853
2000-08-30,15.125469207763672,15.558712180936975,15.011458456470432,15.35349222339229,2770700
2000-08-31,15.216680526733398,15.543512804658146,14.82144209114347,14.97345745600204,4594668
2000-09-01,15.216680526733398,15.216680526733398,15.216680526733398,15.216680526733398,0
2000-09-04,14.897448539733887,15.581514598856916,14.753034711600087,15.383896153950314,2678742
2000-09-05,15.36109447479248,15.52070985249465,14.82144219531517,15.04946524420567,4770955
2000-09-06,15.505509376525879,15.877944742616602,15.254683273543732,15.277486334288616,4726254
2000-09-07,15.551112174987793,16.029958284979166,15.429499888116732,15.505509080453432,4284848
2000-09-08,15.186277389526367,15.733531187660075,15.064665098153911,15.657523505552291,2447411
2000-09-11,14.72263240814209,15.429500050409493,14.502210892390966,15.353493883357908,3246475
2000-09-12,14.517410278320312,14.8974471094624,14.441402609483479,14.593417947157146,4522221
2000-09-13,14.509809494018555,14.7454325228939,14.47180641418537,14.631421770352192,1348328
2000-09-14,14.342597961425781,14.699831849094863,14.213385639798984,14.59342259189783,1119215
2000-09-15,13.886552810668945,14.35019745169564,13.833346670965181,14.35019745169564,2058220
2000-09-18,13.992963790893555,14.312194581825036,13.719336101772974,13.764940716626404,2153606
2000-09-19,13.612923622131348,14.023362032500597,13.438105216750401,13.772538979786658,2848407
2000-09-20,13.878948211669922,14.129772777464726,13.688929784618365,14.129772777464726,946717
2000-09-21,13.567319869995117,13.992962915327167,13.37730140985024,13.85614907932758,1145485
2000-09-22,13.06567096710205,13.529315543728005,12.944058679576962,13.483712448948392,1965077
2000-09-25,13.149276733398438,13.45330740770565,13.073269064821634,13.225284401975241,1016095
2000-09-26,12.541219711303711,13.22528657112951,12.465212786781619,13.134077353877606,2988797
2000-09-27,12.746439933776855,12.921256836573546,12.450010746237334,12.68563379140544,1346543
2000-09-28,12.366402626037598,13.073270223865833,12.313196496795674,13.073270223865833,1406915
2000-09-29,12.389205932617188,12.59442592860958,12.313198246501038,12.533619779716659,1789682
2000-10-02,12.389205932617188,12.389205932617188,12.389205932617188,12.389205932617188,0
2000-10-03,12.427209854125977,12.61722831409469,12.03197064034814,12.320799849412833,2703399
2000-10-04,12.814846992492676,13.065671590968526,12.495616235538819,12.61722777234953,1975185
2000-10-05,12.541219711303711,13.187283487129045,12.495615859198919,13.012466577250722,1377702
2000-10-06,12.27519416809082,12.602026455602699,12.123180311815505,12.602026455602699,1684449
2000-10-09,12.153581619262695,12.374003129936373,12.123179304446614,12.343600058599158,845522
2000-10-10,12.031970977783203,12.358803282790635,11.864755575624963,12.092777885286518,1997410
2000-10-11,11.83434772491455,12.153578375716798,11.720336994348301,12.0091645819273,1236822
2000-10-12,11.841951370239258,12.085174422126117,11.712738320120678,11.743141390736815,931855
2000-10-13,11.781147003173828,12.237191618051101,11.43911392027649,11.712740083985869,2388000
2000-10-16,11.644333839416504,12.145983096148976,11.553125365069592,11.773546916479766,1184607
2000-10-17,11.37830638885498,11.667134811626612,11.294698698738738,11.492317906996863,1710718
2000-10-18,11.454315185546875,11.522721346587245,11.28709903247311,11.492319028636643,1020311
2000-10-19,11.241493225097656,11.629131652949063,10.641034797299744,11.530321664775657,2217375
2000-10-20,11.104680061340332,11.537921553029609,10.869056261360818,11.393507722466516,3484208
2000-10-23,10.50422191619873,10.960266477916132,10.222994259951399,10.960266477916132,2925853
2000-10-24,10.420614242553711,10.641035015337737,10.359808094739526,10.633435003382163,1839601
2000-10-25,10.899460792541504,10.990670017656223,10.5118230988464,10.701842317835398,2820687
2000-10-26,11.036273956298828,11.097079346141085,10.793050127366262,11.02107241970797,678988
2000-10-27,10.929862022399902,11.089477371835228,10.869055130276427,11.089477371835228,752171
2000-10-30,10.747446060180664,10.990669901392435,10.71704374198526,10.945066045838718,617140
2000-10-31,10.663837432861328,10.755045892549576,10.610632056739178,10.648635896826429,1276325
2000-11-01,11.226292610168457,11.370706453871874,10.580229562937724,10.937464166240428,3296034
2000-11-02,11.758343696594238,11.933161364093197,11.325101424965236,11.355504497573751,4537323
2000-11-03,13.149276733398438,13.346896671698124,11.553121745453875,11.84955089638237,11596107
2000-11-06,13.506512641906738,13.932154092518978,12.6932343332439,13.187281932208094,11975827
2000-11-07,13.286091804504395,13.605322529943697,13.012465684562452,13.232885674903033,4452890
2000-11-08,13.080873489379883,13.666130397661059,13.01246732901014,13.521716551856926,2919319
2000-11-09,12.617227554321289,12.928857537556874,12.2295898890667,12.928857537556874,2285976
2000-11-10,12.031970977783203,12.99726635505998,11.948364033225321,12.617228667943229,7481477
2000-11-13,11.41631031036377,11.89515717696219,11.104680338243055,11.89515717696219,2861385
2000-11-14,11.781147003173828,12.009169310612464,11.461916226672477,11.46951623894991,3950000
2000-11-15,11.917960166931152,12.389206322644247,11.857154772645217,12.009169393141907,5245435
2000-11-16,11.940760612487793,12.389204391757165,11.864753692345925,11.978764450819284,3257773
2000-11-17,11.77354621887207,12.01677006358776,11.674736981140802,11.872355456603339,2804880
2000-11-20,12.594423294067383,12.890852451391144,11.606327363856606,11.70513733513821,11823252
2000-11-21,12.67043399810791,13.13407862788175,12.328400156757185,12.46521399590597,6608897
2000-11-22,12.32079792022705,12.966860885568872,12.23718947806286,12.966860885568872,2768425
2000-11-23,12.708436965942383,12.951661566579721,12.047172352523301,12.206788496691555,5119803
2000-11-24,13.331696510314941,13.476110338955436,12.769241217990906,12.769241217990906,11864540
2000-11-27,13.612923622131348,13.757337445103193,13.24048677890751,13.529314424851199,7603858
2000-11-28,13.992963790893555,14.289391517877057,13.544519168022756,13.544519168022756,9348480
2000-11-29,13.263289451599121,14.220983191963253,12.883252565257004,14.122173964644455,13947934
2000-11-30,13.362100601196289,13.742137499177655,13.073271408818268,13.339297540013694,6868250
2000-12-01,13.118875503540039,13.498912386614075,13.027667801514406,13.301293933675874,5385277
2000-12-04,13.483713150024414,13.90935315240848,13.263290110903306,13.362100856176182,9438810
2000-12-05,13.75733757019043,14.106971358046994,13.666128361260322,13.75733757019043,8153661
2000-12-06,13.93215560913086,14.35779710607713,13.742137164764255,14.205781745366924,12292739
2000-12-07,14.760638236999512,14.82144439238396,13.772542751129958,13.772542751129958,28909292
2000-12-08,15.148276329040527,15.543514815768717,14.851847085733752,14.851847085733752,28130027
2000-12-11,15.2014799118042,15.475107585137703,15.087469137769792,15.323092211063534,12017339
2000-12-12,14.821439743041992,15.338290388636192,14.471805972300716,15.201476581938346,12986287
2000-12-13,14.943050384521484,15.079862663243182,14.74543046308511,14.897445787266935,5131372
2000-12-14,14.76823616027832,15.56631297240439,14.66942542536187,15.026660744577768,15935602
2000-12-15,13.878948211669922,14.737832651855015,13.696531308482355,14.66942498924778,10079653
2000-12-18,14.258989334106445,14.365398584426615,13.37730166500139,13.37730166500139,8106821
2000-12-19,14.198177337646484,14.639020281143667,14.152574251736157,14.410998799424021,11023745
2000-12-20,14.106974601745605,14.274191523233295,13.924556141940853,14.213385369965044,5589164
2000-12-21,14.076568603515625,14.44140393436092,13.498911780402612,13.833344040923949,9780791
2000-12-22,13.225284576416016,14.251384333131869,13.088470771173204,14.129772061804925,8172061
2000-12-25,13.225284576416016,13.225284576416016,13.225284576416016,13.225284576416016,0
2000-12-26,12.6932373046875,13.491314265761206,12.61722885829197,13.225288107722472,7056065
2000-12-27,12.890852928161621,13.042866761175011,12.61722606178271,12.693234491331566,2876769
2000-12-28,13.202483177185059,13.308892402723691,12.97446016594061,12.99726322358611,3326337
2000-12-29,13.39250373840332,13.445709878734425,13.149280639743703,13.225288330900622,5815156
2001-01-01,13.536918640136719,13.780141730387848,13.232887886019718,13.445709413901618,5809249
2001-01-02,14.251387596130371,14.289390683100182,13.521716827187436,13.529316839364423,10470175
2001-01-03,15.45230484008789,15.7335325313838,14.289390987125882,14.289390987125882,36091475
2001-01-04,15.999556541442871,16.387193431802146,14.897448987013478,15.497907376938144,41068816
2001-01-05,15.741131782531738,16.303587137925014,15.589116412684259,16.113568682136865,30784984
2001-01-08,15.391495704650879,15.94634945427011,15.057063452706346,15.657521806641947,12693599
2001-01-09,15.0570650100708,15.794337253212174,14.9734573166976,15.47510650302147,13680696
2001-01-10,14.236186027526855,15.201479867476948,13.856149106492053,15.064666031209143,21037569
2001-01-11,14.251387596130371,14.456607594460722,14.061369135196431,14.236186058733958,10890197
2001-01-12,13.970160484313965,14.433806637416705,13.757340465070046,14.327395871273493,11189710
2001-01-15,13.58252239227295,13.840947003848676,13.453310086485088,13.840947003848676,5205786
2001-01-16,13.69653034210205,14.015761034938096,13.498910405129887,13.666127274875564,11787527
2001-01-17,13.240488052368164,13.886551068990103,13.004864998633465,13.75733876827418,10162693
2001-01-18,13.818146705627441,13.863749806938305,13.1644820796049,13.286094384547235,9190421
2001-01-19,13.878948211669922,14.122172766642906,13.711732843168166,13.894149746355733,8044560
2001-01-22,14.52501106262207,14.669424884585844,13.86374657807045,13.985358854689274,12603712
2001-01-23,14.411005020141602,14.745437377112554,14.3425988487056,14.525015810215823,6260905
2001-01-24,14.494606971740723,14.692226907316059,14.160174747655281,14.585816172775493,6563638
2001-01-25,14.251387596130371,14.593421431028437,14.152578359574907,14.593421431028437,5303239
2001-01-26,14.251387596130371,14.25138759613037,14.25138759613037,14.25138759613037,0
2001-01-29,14.441408157348633,14.555418947881652,13.628129570967582,14.137378878246357,7809415
2001-01-30,14.494606971740723,14.897446853123267,14.39579776047408,14.563014629037827,9963904
2001-01-31,14.281789779663086,14.821442053994891,14.099372855332366,14.563017447425391,13928260
2001-02-01,13.764937400817871,14.167775798753766,13.605322043801559,14.167775798753766,9085073
2001-02-02,13.726934432983398,13.939754406397306,13.650926759249083,13.719332909088878,5896589
2001-02-05,14.715033531188965,14.829042790556503,13.688932040372084,13.749738189135373,21206795
2001-02-06,15.58911418914795,15.885543361548482,14.882246602786456,14.882246602786456,21873197
2001-02-07,15.93114948272705,16.55441095649887,15.817138717270018,16.174374062947205,33101707
2001-02-08,16.09836769104004,16.3339907657723,15.54351384184551,15.809539991578218,19158109
2001-02-09,15.99195671081543,16.4023967046911,15.589116729065177,16.151572095873476,24830189
2001-02-12,15.041862487792969,16.219976181617557,14.753034829222612,16.219976181617557,17359623
2001-02-13,14.93545150756836,15.338291431491283,14.608620772243125,15.155873010158139,15614093
2001-02-14,15.285085678100586,15.475105628184954,14.829041126591054,14.897448792794947,16059465
2001-02-15,15.885546684265137,16.067965140218803,15.41430051942733,15.41430051942733,25685699
2001-02-16,16.493608474731445,17.063663941670235,15.915951481451284,15.915951481451284,58092350
2001-02-19,17.04085922241211,17.284082298417967,16.432799262833896,16.698825400584216,25882588
2001-02-20,16.66082000732422,17.2764799494228,16.57721231534806,17.02565687349432,21081852
2001-02-21,16.09076690673828,16.87364385448717,15.976756126757698,16.87364385448717,13408531
2001-02-22,15.634721755981445,16.37959400495507,15.505509454584335,15.976754051495737,11514215
2001-02-23,14.441408157348633,16.17437762040412,14.388203525244599,15.733534484836625,23018275
2001-02-26,14.859445571899414,15.110268635498235,14.076568771289915,14.44140410648357,17855379
2001-02-27,14.93545150756836,15.46750372341449,14.380597745576694,14.988657636978301,20000375
2001-02-28,15.64232349395752,16.13637120625479,14.669428094223903,15.110271180380463,33071978
2001-03-01,16.143972396850586,16.691224723936816,15.505510844235827,16.11356932167441,25505368
2001-03-02,14.563017845153809,16.56961314584764,14.380599402798738,16.44800085094426,18662306
2001-03-05,13.985358238220215,14.88984723613997,13.848544433054736,14.669424237963428,15493141
2001-03-06,13.985358238220215,13.985358238220215,13.985358238220215,13.985358238220215,0
2001-03-07,14.015761375427246,14.593418153721618,13.45330764415751,14.350193610000998,7240033
2001-03-08,14.030962944030762,14.365395179429717,13.939753739910474,14.137373682171098,5875209
2001-03-09,11.9331636428833,13.833347722047074,11.78874902041504,13.833347722047074,13395538
2001-03-12,11.31750202178955,12.237191235035922,11.188288956256567,12.138382000267201,6797745
2001-03-13,10.253396987915039,11.28709843957251,9.61493548362957,11.112280770542586,9601838
2001-03-14,11.332703590393066,11.629132052043909,10.337005932251826,10.489021303889395,5483231
2001-03-15,11.560725212097168,11.705139050146856,10.83105374067109,11.173087550238787,4702698
2001-03-16,11.104680061340332,12.100376096320556,10.838653946916844,11.401108490207791,6179884
2001-03-19,11.37830638885498,11.469514846847348,11.03627334747161,11.249094091481986,3604085
2001-03-20,11.119881629943848,11.55312312292355,10.990668577957313,11.47711620180554,4175507
2001-03-21,11.241493225097656,11.287098591545027,10.87665861525171,11.112280920161309,2634652
2001-03-22,10.732244491577148,11.401109060162108,10.641034517601039,11.173087529567066,2800560
2001-03-23,10.36740779876709,10.945064630649897,10.16218782748589,10.869056197164955,6637118
2001-03-26,10.215394973754883,10.595431911469028,10.108984207543022,10.443417287687621,2444489
2001-03-27,10.473817825317383,10.56502627487248,10.260997100994066,10.337004016203135,4392753
2001-03-28,10.633434295654297,10.92986348999786,10.603031223770737,10.899459661593152,5145185
2001-03-29,10.54222583770752,10.85385505498553,10.42821431813138,10.64103430829788,3451171
2001-03-30,9.926567077636719,10.671439401033684,9.84295862004181,10.63343555667236,4388860
2001-04-02,9.272904396057129,9.812556784623236,9.13609129558773,9.812556784623236,4100722
2001-04-03,8.938470840454102,9.40971703387628,8.748452360497668,9.196896245542518,7617598
2001-04-04,9.371712684631348,9.462921156734232,8.816858813398264,8.816858813398264,8589546
2001-04-05,9.371712684631348,9.371712684631348,9.371712684631348,9.371712684631348,0
2001-04-06,9.78215217590332,9.880961411760316,9.424917562655297,9.424917562655297,7693489
2001-04-09,10.025374412536621,10.154587458826274,9.668139856425062,9.84295675076644,5061164
2001-04-10,9.751747131347656,10.26099701461024,9.660538682560412,10.078578603993627,4548720
2001-04-11,9.62253475189209,10.184990043577804,9.561729367361535,10.0937808320003,3757557
2001-04-12,9.584532737731934,9.797353498594545,9.120887373616744,9.57693196925394,4685238
2001-04-13,9.584532737731934,9.584532737731934,9.584532737731934,9.584532737731934,0
2001-04-16,9.576930046081543,9.865757677202534,9.49332160961328,9.576930046081543,3540300
2001-04-17,9.994972229003906,10.337005280583478,9.40211458655611,9.57693149639725,7586069
2001-04-18,10.50422191619873,10.800650351750242,10.184990420388091,10.29140041464421,11444059
2001-04-19,10.50422191619873,11.089478775910235,10.352206557945502,10.717042661232108,7893191
2001-04-20,10.14698600769043,10.565026706232244,10.078579100340319,10.527023625336614,3328784
2001-04-23,10.428217887878418,10.565031001681973,9.576934609719835,10.108986280308246,3862509
2001-04-24,11.005871772766113,11.081878705343177,10.299003290236854,10.337006378264764,10130135
2001-04-25,11.264294624328613,11.43151074619431,10.945063914996018,11.097077745941846,7992251
2001-04-26,11.423911094665527,11.84195181841658,11.325101111423466,11.355504183190254,8187956
2001-04-27,10.914661407470703,11.378305960913119,10.511821481708134,11.378305960913119,8173611
2001-04-30,11.492321014404297,11.705141815959266,10.80825399015161,11.097081734498204,4750092
2001-05-01,11.492321014404297,11.492321014404297,11.492321014404297,11.492321014404297,0
2001-05-02,11.363103866577148,11.826749153725622,11.271894659982273,11.70513763478686,3171659
2001-05-03,11.081878662109375,11.423912505196121,11.021073267589193,11.325102509753815,1284591
2001-05-04,11.32509994506836,11.47711528824647,11.135081522616789,11.173086114932383,2190568
2001-05-07,11.165486335754395,11.537922471688265,11.112280957329217,11.40110939797328,1587596
2001-05-08,11.37830638885498,11.477116371244612,11.112280269711727,11.249094091481986,3130152
2001-05-09,11.591127395629883,11.841951984706942,11.41631048703713,11.629131235872036,6657605
2001-05-10,11.750743865966797,11.963565391206213,11.32510232853042,11.499919253455856,3556832
2001-05-11,11.446714401245117,12.145982087053886,11.401109789599882,12.001568240031851,7364679
2001-05-14,11.401107788085938,11.545522366276579,11.325100115354022,11.431510857178704,2197801
2001-05-15,11.271896362304688,11.477117108136335,10.945065592210439,11.355504814310173,4003723
2001-05-16,12.031970977783203,12.13078097312908,11.385908649683573,11.401110187429094,9239328
2001-05-17,12.5640230178833,12.769242247671741,12.077575362734148,12.077575362734148,9411884
2001-05-18,12.556422233581543,12.936459912121414,12.389206078675883,12.632429920593761,7716424
2001-05-21,12.503217697143555,12.84525155527837,12.40440845387529,12.548822312431032,4973047
2001-05-22,12.32079792022705,12.61722633849426,12.259991023950176,12.60962557102479,3221239
2001-05-23,12.267594337463379,12.465213563976052,12.176385871045873,12.465213563976052,1182316
2001-05-24,12.343600273132324,12.533618715771329,12.21438797422457,12.229589510157382,2103416
2001-05-25,11.98636531829834,12.450010636761174,11.864753791146,12.450010636761174,2796740
2001-05-28,12.206788063049316,12.343601139526351,11.940761922073948,12.009168838573066,2249901
2001-05-29,12.75403881072998,12.814844947693404,12.161181244899794,12.237188916104072,5924513
2001-05-30,12.860451698303223,13.210085531194846,12.647630183386875,12.92125784542218,6240835
2001-05-31,12.503217697143555,12.769243863132573,12.35880383858781,12.693237684029318,2425964
2001-06-01,12.259993553161621,12.693237388298833,12.191588144866675,12.61722894140263,2011630
2001-06-04,12.039573669433594,12.313199862316251,11.689939780460582,12.176387522396233,3450931
2001-06-05,11.925559997558594,12.389205347944271,11.879956144562259,12.161183056877892,3645748
2001-06-06,11.70513916015625,12.130779910170343,11.65193378270905,12.130779910170343,1379351
2001-06-07,11.233893394470215,11.81915029506468,11.0210726345703,11.81915029506468,1433904
2001-06-08,11.469515800476074,11.720341161242999,11.249095026783907,11.325101955343591,2884920
2001-06-11,11.31750202178955,11.659534337460297,11.302300484668024,11.629132019738448,1571106
2001-06-12,11.309901237487793,11.43151354242542,11.302301224950448,11.302301224950448,1757161
2001-06-13,11.142683982849121,11.401109348997243,11.097079372966304,11.401109348997243,1747445
2001-06-14,10.869057655334473,11.097079960295803,10.793050724694844,11.097079960295803,1339519
2001-06-15,10.397810935974121,10.823453204138184,10.002573254044222,10.823453204138184,4118261
2001-06-18,10.375008583068848,10.413012421611585,10.078579398956622,10.276199359378854,1458702
2001-06-19,9.926567077636719,10.473820166876045,9.850558632392836,10.337006327175285,2570288
2001-06-20,10.025374412536621,10.108982097732362,9.956967505677392,10.101382086824652,923057
2001-06-21,9.766950607299805,10.154588263857555,9.728946010621783,10.048177511418324,871155
2001-06-22,9.295705795288086,9.842958900098104,9.242500411668411,9.842958900098104,1225879
2001-06-25,8.946067810058594,9.22729540407253,8.908064735426201,9.22729540407253,1003112
2001-06-26,9.189292907714844,9.272901348396838,8.930867574855215,8.930867574855215,1419554
2001-06-27,9.478121757507324,9.690942513395663,9.204495611737444,9.348909452922724,1895370
2001-06-28,9.531326293945312,9.58453166734939,9.379311697883352,9.53892781809558,653883
2001-06-29,9.485723495483398,9.652939645327228,9.432518116185436,9.500924275904476,1093108
2001-07-02,9.675740242004395,9.85055714311517,9.57693101812488,9.65293869535614,399915
2001-07-03,9.196894645690918,9.690942305026756,9.09048389177414,9.690942305026756,5393371
2001-07-04,9.166489601135254,9.288101108642131,9.1208850021248,9.288101108642131,244699
2001-07-05,9.789751052856445,9.88095950244459,9.212095017061305,9.272901154467448,440148
2001-07-06,9.812553405761719,9.941766448426321,9.576930378600279,9.576930378600279,817593
2001-07-09,10.23819351196289,10.321801946529794,9.683340563193912,9.72894440734574,1266827
2001-07-10,10.960267066955566,11.23389321347463,10.3294055658636,10.35220711430587,2756099
2001-07-11,11.37830638885498,11.401108692483357,10.83105337133736,11.081877198207225,2849858
2001-07-12,11.279494285583496,11.461911911554568,10.94506209739002,10.94506209739002,2016436
2001-07-13,10.648636817932129,11.401109890663896,10.565028362508057,11.401109890663896,1554495
2001-07-16,10.466217041015625,10.793049296023412,10.375008585017051,10.641033941823919,923114
2001-07-17,10.686639785766602,10.861456694445959,10.329405200355692,10.413012892408695,782422
2001-07-18,10.793048858642578,10.945064206681755,10.755045021632784,10.831052695652373,665441
2001-07-19,10.747446060180664,10.838655284330535,10.4890214381318,10.4890214381318,390329
2001-07-20,10.838655471801758,11.142684711184211,10.610633164004302,10.671439314489286,1103388
2001-07-23,10.625832557678223,10.777847914041876,10.215393365059755,10.641034093314587,80159
2001-07-24,11.77354621887207,12.001568526010452,10.504223126815505,10.641035451968813,5423971
2001-07-25,11.340302467346191,11.507519359409944,10.952664821513398,11.24909401001437,4585796
2001-07-26,11.32509994506836,11.401107616657415,11.066675374707707,11.363103780862886,1030571
2001-07-27,10.58782958984375,11.309899514311304,10.5270242031605,11.135082609119827,1188035
2001-07-30,10.025374412536621,10.625832013327692,9.956967505677392,10.625832013327692,1030555
2001-07-31,10.747446060180664,10.853856065167628,9.956969143633323,9.956969143633323,1098117
2001-08-01,10.481417655944824,10.793048348164879,10.260996924755418,10.785448337643468,906890
2001-08-02,10.618234634399414,10.937465432495827,10.38261154222288,10.38261154222288,1637807
2001-08-03,10.549824714660645,10.762645438462172,10.504220868255441,10.641033163992118,419400
2001-08-06,10.884258270263672,10.945065171359843,10.572628292359045,10.633434436934058,854179
2001-08-07,11.24909496307373,11.325101891202944,10.891860358259194,10.945065737514483,1103884
2001-08-08,11.370705604553223,11.507519426125846,10.907060277821607,11.097078717929113,1752350
2001-08-09,11.423911094665527,11.522720321386446,11.097078829693697,11.241492664064797,809380
2001-08-10,11.629132270812988,11.834352269863128,11.461916115387174,11.568326121014065,3825709
2001-08-13,11.978764533996582,12.062372978906419,11.58352612564687,11.819149168417105,3137385
2001-08-14,12.130778312683105,12.199185217535371,11.553122274604963,12.016767561117067,2363155
2001-08-15,12.130778312683105,12.130778312683105,12.130778312683105,12.130778312683105,0
2001-08-16,12.5640230178833,12.693236078184169,11.948363058954456,12.161183056995888,3625146
2001-08-17,12.40440845489502,12.617229236399474,12.168785365744949,12.617229236399474,2100833
2001-08-20,11.796346664428711,12.442409639987678,11.712738220942295,12.161181995690846,1026219
2001-08-21,11.226292610168457,11.811549509936194,11.17308798765953,11.651934129367028,1655722
2001-08-22,11.226292610168457,11.226292610168457,11.226292610168457,11.226292610168457,0
2001-08-23,11.423911094665527,11.659533387815848,11.173087265631812,11.39350802289874,2797110
2001-08-24,11.370705604553223,11.537921741065293,11.279497146692611,11.537921741065293,733515
2001-08-27,11.667135238647461,11.857153685984194,11.416310646076198,11.5911275571043,1093191
2001-08-28,11.119881629943848,11.689936942673999,11.081877034603151,11.689936942673999,926203
2001-08-29,11.41631031036377,11.598727984181943,11.135082653445131,11.135082653445131,2364940
2001-08-30,11.37830638885498,11.667134811626612,11.271895638589225,11.461914835492362,1387998
2001-08-31,11.477117538452148,11.591128311667635,11.18828908630705,11.355505240066332,974536
2001-09-03,11.53032398223877,11.583529371179662,11.340305492542631,11.537924752087468,679306
2001-09-04,11.69753646850586,11.971163340130975,11.530320341159827,11.553122643505345,2259534
2001-09-05,11.629132270812988,11.933162263286377,11.560726108810423,11.849553807312859,1065362
2001-09-06,11.484718322753906,11.82675217843941,11.264297530152074,11.264297530152074,1225227
2001-09-07,11.340302467346191,11.477116288125625,11.264295545656529,11.401108609914829,621769
2001-09-10,11.370705604553223,11.537921741065293,11.332702521748631,11.401108676013806,489619
2001-09-11,11.37830638885498,11.507519442749114,11.340302549474353,11.507519442749114,362196
2001-09-12,10.618234634399414,11.173089281193642,10.337006926345884,10.337006926345884,1514058
2001-09-13,10.777849197387695,11.097079970720719,10.724643816325116,11.074278421072265,682119
2001-09-14,10.20019245147705,10.777848571323608,10.017774769237148,10.717043181591093,1317785
2001-09-17,9.683341979980469,10.154588076173434,9.561729693726212,9.561729693726212,1047541
2001-09-18,9.926567077636719,10.337006327175285,9.576932466033792,9.576932466033792,1267495
2001-09-19,10.770245552062988,10.922260129405032,10.002571142138596,10.169788009387966,1782872
2001-09-20,10.793048858642578,11.127481111286583,10.489019675606409,10.580228127908823,1451198
2001-09-21,10.481417655944824,10.641033007315556,10.352205372743956,10.641033007315556,490589
2001-09-24,10.443418502807617,10.69424239644854,10.367410803812586,10.641037007152018,519499
2001-09-25,10.800650596618652,10.846255205128552,10.489020618176657,10.489020618176657,1034166
2001-09-26,10.61063289642334,10.899460590900835,10.435815974708811,10.641035214377908,637299
2001-09-27,10.36740779876709,10.709440832062048,10.306601657196031,10.557426991176644,1079582
2001-09-28,10.496620178222656,10.717042443205589,10.41301248940543,10.504221702501814,718585
2001-10-01,10.23819351196289,10.983066386723134,10.20019043458987,10.861454874783211,753491
2001-10-02,10.23819351196289,10.23819351196289,10.23819351196289,10.23819351196289,0
2001-10-03,10.717042922973633,10.899459844290378,10.36740834697325,10.48902063654596,4899624
2001-10-04,10.451017379760742,10.990669675316619,10.337005851918597,10.990669675316619,1885862
2001-10-05,10.686639785766602,10.762646709767408,10.580229033035856,10.64103442093227,762362
2001-10-08,10.61063289642334,10.709442131948416,10.20019290404272,10.565028284709667,609208
2001-10-09,10.61063289642334,10.739845206424198,10.565028284709667,10.565028284709667,345576
2001-10-10,10.382610321044922,10.71704337495306,10.35220724736953,10.71704337495306,738149
2001-10-11,10.641035079956055,10.945065820873227,10.580229688293823,10.61063276238554,2851099
2001-10-12,10.815851211547852,11.081876558821223,10.747444304609564,10.86905582708987,2448606
2001-10-15,11.203490257263184,11.279497941268948,10.717043349189854,10.869057204159004,2435988
2001-10-16,11.62153148651123,11.74314302942485,11.180688414102372,11.287099176107859,2193177
2001-10-17,11.575926780700684,12.085175221104056,11.492318330978767,11.689937546527586,2077747
2001-10-18,11.507521629333496,11.735543952423441,11.401110858848257,11.537923950093711,966547
2001-10-19,11.667135238647461,11.933161367527354,11.469515266635245,11.55312371633272,2542673
2001-10-22,12.837650299072266,12.837650299072266,11.895158033843524,11.895158033843524,5402576
2001-10-23,13.179680824279785,13.377299264883197,12.936457778988927,13.210083894071417,3256572
2001-10-24,12.244790077209473,13.30889296918128,12.161181636194604,13.286091423607402,2365227
2001-10-25,12.488014221191406,12.647629593411887,12.130779636573864,12.457611905571296,2356659
2001-10-26,12.488014221191406,12.488014221191406,12.488014221191406,12.488014221191406,0
2001-10-29,12.571621894836426,13.164479495491944,12.389204229751735,12.769241095054932,1813076
2001-10-30,12.16118335723877,12.465213338343364,11.955963365862555,12.419607971178301,1544048
2001-10-31,12.890852928161621,13.07326983038612,12.14598000205266,12.161181536658216,4986395
2001-11-01,12.723637580871582,13.438106767351588,12.617227582329926,12.982063700309876,4917033
2001-11-02,12.640028953552246,13.042867369835125,12.548819741662534,13.035267358698766,4877848
2001-11-05,12.282793998718262,12.830046983207183,12.130778650370429,12.754039309033267,5715480
2001-11-06,12.640028953552246,13.027667347562407,12.168782871830967,12.465212053951415,10788694
2001-11-07,12.655233383178711,13.187285727842676,12.594427228012249,12.693237986679039,11336915
2001-11-08,13.210081100463867,13.346894885593453,12.556417507740873,12.76923819475485,11913285
2001-11-09,13.886552810668945,14.023365140095754,12.936460465016083,13.301295865225082,12627471
2001-11-12,13.559720993041992,13.939757945147667,13.415307132806943,13.901754855154124,6290362
2001-11-13,13.635727882385254,13.75734018406489,12.966863249232194,13.590123269255391,6704628
2001-11-14,14.274188041687012,14.669424915445317,13.863746607235049,14.061366557156365,2810568
2001-11-15,14.319792747497559,14.43380502644724,13.985360461416246,14.22098351791401,6951436
2001-11-16,14.319792747497559,14.319792747497559,14.319792747497559,14.319792747497559,0
2001-11-19,15.376297950744629,15.65752565665868,14.365399422434834,14.441407114984921,11419731
2001-11-20,15.064663887023926,15.733529922756322,14.540213192207158,15.58151457076209,11628664
2001-11-21,15.399097442626953,15.589114360356724,14.593419114588729,14.905048312186066,9805057
2001-11-22,15.763933181762695,16.113566982490397,15.429499403374054,15.497907069111031,6858341
2001-11-23,15.68792724609375,15.961553400285313,15.528311863395137,15.824741079710735,3043527
2001-11-26,15.459904670715332,16.098367734402064,15.28508774551309,15.672726196291727,5473139
2001-11-27,15.193881034851074,15.657525690855406,15.049467175211776,15.505511818465775,5719483
2001-11-28,15.566312789916992,15.71832813951233,14.996257498497767,15.072265173295436,4695351
2001-11-29,15.870343208312988,16.083164714270918,15.535910926278557,15.855141672173136,6067136
2001-11-30,15.870343208312988,15.870343208312988,15.870343208312988,15.870343208312988,0
2001-12-03,16.21237564086914,16.371991000288336,15.68032494715256,15.877943387179299,2892956
2001-12-04,16.805233001708984,16.97244989032594,16.265582280141672,16.265582280141672,4533498
2001-12-05,16.387189865112305,17.38288645304455,16.20477147661696,17.38288645304455,4241165
2001-12-06,16.394794464111328,16.87364055419855,16.12876835415991,16.72162520192853,4188960
2001-12-07,15.528312683105469,16.60761733282003,15.39910036772309,16.341591176598524,3428914
2001-12-10,15.581515312194824,15.885544517608029,15.353493786395495,15.353493786395495,3112263
2001-12-11,16.022357940673828,16.47840249392277,15.543511840631455,15.748731813941367,3649239
2001-12-12,16.136371612548828,16.569614697183457,15.97675621706529,16.105968535976483,2578262
2001-12-13,15.429499626159668,16.402394878526085,14.593419707242676,16.402394878526085,2709170
2001-12-14,15.794336318969727,16.03755937305152,14.897448753784323,14.988657966455836,2973747
2001-12-17,15.794336318969727,15.794336318969727,15.794336318969727,15.794336318969727,0
2001-12-18,16.197175979614258,16.318788272493318,15.368696016981561,15.999557516728146,4025004
2001-12-19,15.429499626159668,16.41759641412688,15.35349346119795,16.41759641412688,1569530
2001-12-20,14.95825481414795,15.437102469981838,14.83664403198905,15.429500945010561,2942301
2001-12-21,14.821439743041992,14.897447413429685,14.608619778998563,14.608619778998563,1081549
2001-12-24,14.570619583129883,14.897451907878757,14.289391874372193,14.654227289259104,807271
2001-12-25,14.570619583129883,14.570619583129883,14.570619583129883,14.570619583129883,0
2001-12-26,14.65422534942627,15.117871460774186,14.441405349348393,14.745434569334945,1332829
2001-12-27,14.373000144958496,14.821443236378402,14.16017861771204,14.821443236378402,1188202
2001-12-28,14.669424057006836,14.760633259325367,14.13737340289956,14.213381071498334,1251271
2001-12-31,15.178678512573242,15.254684687320799,14.669427760901392,15.02666313699322,1718509
2002-01-01,15.315486907958984,15.657520658734992,15.140670027417087,15.657520658734992,1325320
2002-01-02,15.079869270324707,15.262287739267574,14.935455405599573,15.201481582953285,1860851
2002-01-03,15.285085678100586,15.551111792568001,15.201477989453885,15.353493344304479,2117219
2002-01-04,15.391495704650879,15.687924876186193,15.247081880836799,15.35349262424166,1436018
2002-01-07,15.148276329040527,15.88554716139111,14.988660931808235,15.627122520737407,3203094
2002-01-08,15.133075714111328,15.35349727860613,14.905052623404995,15.35349727860613,2352437
2002-01-09,15.429499626159668,15.657522660171606,15.133071951507539,15.292687318794766,2914513
2002-01-10,16.21237564086914,16.394794059086614,15.497906528935088,15.497906528935088,5206177
2002-01-11,16.949647903442383,17.360087833613456,16.273181868450475,16.524006438337487,12365133
2002-01-14,17.823734283447266,18.044155807011858,17.299283541772244,17.32968661488752,8829273
2002-01-15,17.626113891601562,17.97574922416357,17.101663162322026,17.86173845919712,7711633
2002-01-16,18.910640716552734,19.389486857463964,17.276480801850543,17.899742299267434,15650125
2002-01-17,19.868337631225586,20.468796161147043,18.48500210065293,19.153866800576733,21785790
2002-01-18,19.33628273010254,20.506796557659776,18.705421204634913,20.506796557659776,8977595
2002-01-21,17.724925994873047,19.047455206586562,17.572910621213182,18.933444432862885,10970153
2002-01-22,18.348180770874023,18.8802329139863,17.686917866544427,17.686917866544427,12204637
2002-01-23,18.865034103393555,19.252672495154187,18.41659108376821,18.545803376674346,13813962
2002-01-24,18.454593658447266,18.84983205044469,17.97574758152025,18.697816702352533,8024381
2002-01-25,18.500202178955078,18.68261912223708,18.097362177759717,18.68261912223708,3187418
2002-01-28,17.76293182373047,18.24177805511218,17.55771179413221,18.24177805511218,4284033
2002-01-29,18.135364532470703,18.24177377243394,17.664118425059854,17.762927653472424,4232111
2002-01-30,18.31778335571289,18.659815656654697,17.88454032292732,18.127763393355426,8414752
2002-01-31,19.009450912475586,19.10826166346539,18.48500013447531,18.553406297201555,8070162
2002-02-01,19.21466636657715,19.68591240794212,18.804226461264705,19.07785407350107,8158467
2002-02-04,19.381885528564453,19.746720874902763,19.191867087491538,19.30587784952683,5673718
2002-02-05,18.887836456298828,19.305877936364972,18.7358226105821,19.039851815057844,2824475
2002-02-06,20.537200927734375,20.78042402571069,18.50020237566423,19.123462415314954,20857112
2002-02-07,21.145259857177734,21.76852142248583,20.24837211197776,20.67401518987576,19469390
2002-02-08,20.552400588989258,21.358079013326083,20.423188282706985,21.26686979252364,7875595
2002-02-11,22.323373794555664,22.574198406218837,20.9020353371593,21.40368456048565,16251136
2002-02-12,22.0649471282959,23.33427009354344,21.684908726830145,22.6502039969897,30389035
2002-02-13,21.41888427734375,22.10295037907061,21.28207045178145,21.28207045178145,9261600
2002-02-14,21.684906005859375,22.270162801116534,21.601298324548956,21.874925939270152,10565817
2002-02-15,21.13005828857422,22.026944455231135,20.993244452098658,21.96613830568644,12863952
2002-02-18,20.985641479492188,21.570899871973026,20.80322455648195,21.145256854517022,3775858
2002-02-19,20.788021087646484,21.63930401733679,20.68161034317465,21.25166563328191,8823074
2002-02-20,20.833627700805664,22.011741475381978,20.52199696133197,22.011741475381978,4525430
2002-02-21,20.940034866333008,21.578496259193315,20.84122414021342,20.97803794427295,8145896
2002-02-22,20.810827255249023,21.26687189122316,20.55240261718211,20.712018012816678,3018119
2002-02-25,21.472087860107422,21.966135492318,20.67401103215513,20.67401103215513,10822243
2002-02-26,22.323373794555664,22.475389169212875,21.608904559751664,21.76851994662051,13103079
2002-02-27,21.806520462036133,22.627400362290633,21.510091272934837,22.490588054276394,8311324
2002-02-28,21.494892120361328,22.178959788442924,20.521998268556683,21.890132091677437,13264082
2002-03-01,21.84452247619629,22.019339359254502,20.757616586634818,21.43408257457403,6774747
2002-03-04,21.13765525817871,22.482985827558792,21.023642987672186,22.482985827558792,3032057
2002-03-05,19.967145919799805,21.950938371884195,19.77712744511242,20.978044447223503,9096470
2002-03-06,19.18426513671875,20.41558497063676,19.009448235338457,20.141958845224618,15061253
2002-03-07,19.678314208984375,19.974741879965542,19.381885024960965,19.381885024960965,9145554
2002-03-08,20.286373138427734,20.491593115428774,19.83793010140565,19.83793010140565,7750693
2002-03-11,20.491594314575195,20.902034292595786,20.31677739897697,20.582803534811408,6539122
2002-03-12,19.723920822143555,20.605605426656126,19.55670391559119,20.582803877738364,3177128
2002-03-13,19.81513214111328,20.081158329849096,19.305882829756456,19.305882829756456,2944487
2002-03-14,19.5719051361084,20.134358968424078,19.427491293851098,19.83032974719595,1906616
2002-03-15,19.76952362060547,20.065952830301857,19.457892874179972,19.73152053530389,4436384
2002-03-18,20.73481559753418,21.73811390737215,19.79992495348477,19.883534154666094,6390931
2002-03-19,19.93674087524414,20.9780423768949,19.7999270422761,20.856430080923307,2822524
2002-03-20,19.5719051361084,20.0659528097344,19.397088220424045,20.0659528097344,2181342
2002-03-21,18.553407669067383,19.761926215859546,18.3557891785605,19.60991082851381,6991315
2002-03-22,18.743425369262695,18.95624690271902,18.48500073453681,18.697820754950627,4856395
2002-03-25,18.743425369262695,18.743425369262695,18.743425369262695,18.743425369262695,0
2002-03-26,17.85413932800293,18.83463476163033,17.7933331750582,18.697820917504696,4005508
2002-03-27,18.743425369262695,18.91064228840695,17.93774687583448,17.975751477615795,8328727
2002-03-28,19.153860092163086,19.28307237382026,18.492597149973886,18.75102171328824,5881800
2002-03-29,19.153860092163086,19.153860092163086,19.153860092163086,19.153860092163086,0
2002-04-01,19.138660430908203,19.60230650380451,18.849832771526472,18.849832771526472,4214645
2002-04-02,18.75862693786621,19.22987310681462,18.62181460775007,19.15386541617092,6692485
2002-04-03,19.009450912475586,19.207070901412735,18.62181397297026,18.773829349075758,3451823
2002-04-04,19.01704978942871,19.27547591337984,18.941043618956044,19.15386361975578,1979767
2002-04-05,19.465492248535156,19.68591375023404,19.077855374332284,19.22986921178662,7449754
2002-04-08,19.397085189819336,19.799923580224636,19.305875983788734,19.533898998865244,4309567
2002-04-09,19.739118576049805,19.98994315051218,19.328678638391775,19.45789093116519,8270928
2002-04-10,20.179964065551758,20.286373304093658,19.701116439944034,19.79992566703678,9528180
2002-04-11,20.134357452392578,20.41558510389636,19.853131313931055,20.217966654542735,3144257
2002-04-12,20.689212799072266,20.82602662956123,20.15716203992215,20.15716203992215,12412594
2002-04-15,20.385183334350586,20.81082484441509,20.126758726220917,20.217967945458103,5209778
2002-04-16,20.111555099487305,20.674010379951604,20.020345889729494,20.59800270515343,2239830
2002-04-17,19.495899200439453,20.499197687397768,19.427493035616845,20.225570002022312,4626447
2002-04-18,19.549104690551758,19.761924703506388,19.32108162698345,19.533903152980535,5744453
2002-04-19,19.64790916442871,19.868332179263362,19.480693791853746,19.69351528263924,2308321
2002-04-22,19.153860092163086,19.761919935253804,19.02464781050591,19.761919935253804,4224283
2002-04-23,19.60230827331543,19.875934422006804,19.07785752455597,19.2906775261954,8208861
2002-04-24,19.685916900634766,19.89113690012601,19.57190612603795,19.685916900634766,4417269
2002-04-25,19.989944458007812,20.065952139034902,19.6099075659147,19.761922927968875,6771256
2002-04-26,19.84553337097168,20.324381071284712,19.777127205088046,20.126761073226113,2151566
2002-04-29,19.70111656188965,19.989944233506517,19.60990734568149,19.989944233506517,1897927
2002-04-30,19.625106811523438,19.91393445267276,19.571902197535554,19.571902197535554,1998506
2002-05-01,19.625106811523438,19.625106811523438,19.625106811523438,19.625106811523438,0
2002-05-02,19.84553337097168,19.97474569010411,19.761925666775845,19.761925666775845,1804085
2002-05-03,19.967145919799805,20.065955163507034,19.913939778540104,19.913939778540104,1989045
2002-05-06,20.423189163208008,20.560001487267655,20.035550714606632,20.187566089164513,4672119
2002-05-07,21.266868591308594,21.335274746525457,20.29397483016156,20.369980996828165,11642832
2002-05-08,21.16046142578125,21.631707606796265,21.031249104899647,21.42648759332473,6754338
2002-05-09,21.21366310119629,21.662106123506426,21.08445080751657,21.662106123506426,3364556
2002-05-10,21.297273635864258,21.798922855366246,21.023645963567297,21.282072098514426,6980461
2002-05-13,21.692508697509766,21.905330187085827,21.456885662000225,21.586099465763933,5379610
2002-05-14,22.315771102905273,22.460186457802575,21.738115735485543,21.776118820642285,11353186
2002-05-15,21.472087860107422,22.452583113330096,21.373278636273756,22.346173878297954,5225892
2002-05-16,21.038843154907227,21.738112215508476,20.841224723224048,21.662104544460284,4058224
2002-05-17,20.636005401611328,21.20606068241501,20.37758082515382,20.978039175310403,4667020
2002-05-20,20.149559020996094,20.6360066469566,20.088752878620745,20.55999896898742,2379228
2002-05-21,19.746723175048828,20.027950863724975,19.457893961062336,19.913938575366974,5253258
2002-05-22,18.78902816772461,19.746721949637525,18.583808179674865,19.69351732793662,10270332
2002-05-23,18.865034103393555,18.96384332584622,18.40898955963373,18.84983256816682,5561851
2002-05-24,19.290678024291992,19.511099556525515,18.948644194814477,19.001848818337514,6342410
2002-05-27,19.153860092163086,19.457889257187396,19.001844753129884,19.001844753129884,2391789
2002-05-28,18.15816307067871,18.92583824913711,18.05935385864252,18.241770749090712,6169364
2002-05-29,18.8270320892334,18.986647461642285,17.823733733472032,18.241773706344393,10547016
2002-05-30,18.348180770874023,19.077852843415034,18.287376151784112,18.697814517590547,6703016
2002-05-31,18.40899085998535,18.545804686690055,17.86173857925121,18.393789323684828,6448098
2002-06-03,19.03225326538086,19.260274807989898,18.55340560503403,18.95624558016371,6406878
2002-06-04,19.070255279541016,19.366684478704588,18.735822996426197,19.00184761016953,6926785
2002-06-05,20.491594314575195,20.886832755889753,19.229871307101345,19.229871307101345,29710907
2002-06-06,21.426481246948242,22.19415644516259,20.848825980447398,22.04214110500863,28347612
2002-06-07,20.826025009155273,21.55569568890501,20.696812713601584,20.940037282213,10767580
2002-06-10,21.38848114013672,21.71531341035661,21.18326115893675,21.18326115893675,14825523
2002-06-11,23.6686954498291,23.851113829168597,21.282064065055266,21.282064065055266,55773347
2002-06-12,23.341873168945312,24.003137804730976,23.083448535069653,23.866325475287393,26306607
2002-06-13,23.88152313232422,24.246358473288083,23.227858615272172,23.547089349485272,26876323
2002-06-14,23.38747787475586,23.714310187676574,23.129053239867513,23.714310187676574,18072802
2002-06-17,23.220260620117188,23.714308299916468,23.151854460572757,23.638300615399103,9295665
2002-06-18,23.015043258666992,23.661106381334957,22.68061092161309,23.41028175028389,15090163
2002-06-19,22.384174346923828,23.106244926417453,22.156151341958545,23.106244926417453,10363553
2002-06-20,22.84022331237793,22.954234080645122,21.943335676794092,22.194160274807338,10104784
2002-06-21,22.741411209106445,23.09864654224716,22.346174306203416,22.954232709330526,6279545
2002-06-24,22.558988571166992,22.80221156811446,22.437376316172312,22.80221156811446,5842689
2002-06-25,22.80982208251953,23.531891348595387,22.589400539969404,23.531891348595387,14304886
2002-06-26,22.17136001586914,23.106252367744084,22.042147694630586,23.106252367744084,7978005
2002-06-27,22.82501792907715,23.25825938069597,22.31576729403341,23.25825938069597,12481884
2002-06-28,23.623096466064453,23.82831643504527,23.189854981790376,23.35707035619417,16654412
2002-07-01,23.904325485229492,24.04873932162207,23.6459008846367,23.851120865414007,11215881
2002-07-02,24.109546661376953,24.69480356053401,22.802219031413866,22.802219031413866,26648411
2002-07-03,24.193151473999023,24.322363765301326,23.729506924901887,24.132345333846835,10958500
2002-07-04,24.603595733642578,24.89242495015746,23.957532650475628,24.17795419076838,20505535
2002-07-05,24.633995056152344,24.915222704446172,24.421175073658944,24.778408885887547,9271572
2002-07-08,25.006437301635742,25.112848072317764,24.694806515445393,24.77841422160284,12902871
2002-07-09,24.413576126098633,25.082440728005203,24.352771491141816,25.082440728005203,10284218
2002-07-10,24.079147338867188,24.474385845494414,23.904330394380683,24.018341181994906,8879093
2002-07-11,23.995532989501953,24.428774467763876,23.889122244422072,24.003133000486557,8897242
2002-07-12,23.661100387573242,24.32996489224622,23.51668505054773,24.01833418557355,9150986
2002-07-15,22.893428802490234,23.70670726089088,22.73381341825312,23.70670726089088,9610250
2002-07-16,22.969438552856445,23.3342739657641,22.513393908461236,23.106252400087776,10495771
2002-07-17,22.870628356933594,23.220262216711433,22.5817991359081,22.65020681319854,6064365
2002-07-18,23.14425277709961,23.29626814509328,21.282071327867843,21.282071327867843,5054834
2002-07-19,23.19745635986328,23.41027786551757,22.992237891831547,23.144251739970866,4320719
2002-07-22,22.315771102905273,23.03024181340791,22.20176184743505,22.954234130052054,6228180
2002-07-23,22.399377822875977,22.57419471865366,21.890128670525428,22.042142507308256,8976155
2002-07-24,21.654504776000977,22.460184641372614,21.563297076392594,22.30056776271289,6803292
2002-07-25,21.631702423095703,22.726208394981732,21.456885528552288,22.726208394981732,19069360
2002-07-26,20.18756675720215,21.631706811121063,19.913939073943197,21.631706811121063,16020098
2002-07-29,19.678314208984375,20.263569539761562,19.19946660001048,20.263569539761562,9542635
2002-07-30,18.971446990966797,20.179965395271683,18.73582392488273,20.07355312363336,10095297
2002-07-31,19.321081161499023,19.488296557711433,18.469798104104736,18.773828848204424,11183673
2002-08-01,19.03225326538086,19.883536313728108,18.865036357903133,19.670714795120094,10699799
2002-08-02,18.804231643676758,18.963847038283298,18.43179622727567,18.568608558056976,6188583
2002-08-05,20.081151962280273,20.202764241549858,18.834630638893625,18.834630638893625,15555339
2002-08-06,20.27877426147461,20.491595790689733,19.625111162113118,19.76952501470214,15012346
2002-08-07,20.430789947509766,20.750020733102847,20.309179156310144,20.67401455599402,9933977
2002-08-08,19.260272979736328,20.445988217444317,19.07785606557324,20.36998053944209,11107145
2002-08-09,19.275476455688477,19.647911845826943,18.880238003332757,19.229871844296387,17423099
2002-08-12,19.853134155273438,20.04315262055881,19.43509262382013,19.457894173915687,11391881
2002-08-13,20.233169555664062,20.392784933389095,19.974743433551144,20.29397570204357,12323407
2002-08-14,20.050748825073242,20.293973382794942,19.860730395874256,20.10395344055377,7099252
2002-08-15,20.050748825073242,20.050748825073242,20.050748825073242,20.050748825073242,0
2002-08-16,20.24077033996582,20.491594946833292,20.141961104849063,20.491594946833292,5900315
2002-08-19,20.10395622253418,20.36238235087443,20.020348525768828,20.354780825872634,6257424
2002-08-20,20.48398780822754,20.521990881422443,20.07354644729636,20.217961756737534,8525820
2002-08-21,20.430789947509766,20.734819195072582,20.248371491146575,20.506797637661098,9551940
2002-08-22,20.20276641845703,20.67401253836262,20.1419602722702,20.67401253836262,5477220
2002-08-23,20.27877426147461,20.36998348828109,19.86073424150862,20.28637578689639,7071104
2002-08-26,20.74241828918457,21.00084289236408,20.14955988854151,20.293975239421933,16570923
2002-08-27,20.689212799072266,21.13005736398115,20.628408165230656,21.016045082052496,11592569
2002-08-28,20.46879005432129,20.643606946759682,20.240767033939363,20.643606946759682,6368179
2002-08-29,20.620805740356445,20.78802263698924,20.28637346013316,20.369981151928403,4686845
2002-08-30,21.206064224243164,21.418885745258848,20.56760268728095,20.67401344778879,5943721
2002-09-02,21.342878341674805,22.01174296192088,21.282072192008354,22.01174296192088,8663605
2002-09-03,21.228870391845703,21.479693523025485,20.886836510989188,21.479693523025485,3314105
2002-09-04,21.2896728515625,21.418885157828488,20.87163134612517,20.97804210371461,5534862
2002-09-05,21.677310943603516,21.98894170831782,21.282072478493586,21.98894170831782,12550662
2002-09-06,21.023645401000977,21.57850074290136,20.902034618498913,21.510093070136406,5729523
2002-09-09,20.924835205078125,21.22886592995717,20.53719830042083,21.0920521037616,6868141
2002-09-10,20.924835205078125,20.924835205078125,20.924835205078125,20.924835205078125,0
2002-09-11,21.2896728515625,21.34287747383603,20.97804210371461,21.28207132664206,3742319
2002-09-12,20.864030838012695,21.41888620167731,20.803226200897797,21.282072363823264,5643352
2002-09-13,20.940034866333008,21.236462505565534,20.521993443783266,20.521993443783266,5569752
2002-09-16,20.727216720581055,22.931430394896093,20.636007503233373,21.434085885462107,4371165
2002-09-17,20.73481559753418,20.940037081857618,20.4003833319356,20.826024809890765,6141931
2002-09-18,20.521991729736328,20.742413194678832,20.400379469618542,20.742413194678832,3041069
2002-09-19,20.04314613342285,20.63600288749136,19.807523131165297,20.63600288749136,7129565
2002-09-20,20.12675666809082,20.27877050489908,19.541499840729852,19.898735156357333,3707852
2002-09-23,19.518695831298828,20.210363369875452,19.480692752207815,20.210363369875452,5448247
2002-09-24,19.56430435180664,19.739121274108413,19.305879730936827,19.442693566537425,4562997
2002-09-25,19.678314208984375,19.754320373004834,19.093057365164945,19.31347735908341,7418888
2002-09-26,19.761924743652344,19.86833550686706,19.571906280147296,19.68591705564183,2961306
2002-09-27,20.423189163208008,20.52199840014941,19.708719928870853,19.83793224072383,19790769
2002-09-30,20.12675666809082,20.331976633867843,20.0203459231955,20.141958203075866,7212204
2002-10-01,19.6555118560791,20.020347206055863,19.579504176283464,19.784724155210537,6843792
2002-10-02,19.6555118560791,19.6555118560791,19.6555118560791,19.6555118560791,0
2002-10-03,19.792329788208008,19.868337483781342,19.647914410097368,19.685919014405343,2065922
2002-10-04,20.027952194213867,20.17236605427953,19.807530641207713,19.807530641207713,4517133
2002-10-07,20.271169662475586,20.324375789262017,19.921535885202477,19.921535885202477,3256567
2002-10-08,20.14196014404297,20.331978593145948,19.98234476783985,20.293975508542292,5199456
2002-10-09,20.438386917114258,20.58280073968917,20.21796542133093,20.30917462918103,6180406
2002-10-10,20.795621871948242,21.04644645101001,20.09635426549862,20.43838805749962,6701382
2002-10-11,21.22126579284668,21.380881177323317,20.902035023893404,21.206064255608787,11296176
2002-10-14,21.616497039794922,21.81411695798955,21.320067919023938,21.586095488499208,8346939
2002-10-15,21.616497039794922,21.616497039794922,21.616497039794922,21.616497039794922,0
2002-10-16,21.38088035583496,21.8521264790611,21.2820711241063,21.692511100717145,6197131
2002-10-17,21.540491104125977,21.654501848002255,21.099649662007174,21.28206654960081,3996840
2002-10-18,21.464488983154297,21.738115122476813,21.358078229456858,21.517693603481852,3523883
2002-10-21,21.38848114013672,21.662107277389236,21.327674995626754,21.662107277389236,1533038
2002-10-22,21.08445167541504,21.56329778807139,20.99324245975413,21.434085489072913,2121968
2002-10-23,20.795621871948242,21.18326027041886,20.757618789744686,21.05404797527607,3619573
2002-10-24,20.620805740356445,20.864028804234568,20.55999959612634,20.864028804234568,3526618
2002-10-25,20.088754653930664,20.628408458681726,20.02034849423425,20.628408458681726,5852536
2002-10-28,20.18756675720215,20.44599138945977,19.951943675361523,20.369983699665617,5973377
2002-10-29,20.620805740356445,20.712014956701605,20.0811534798777,20.278771935583244,4619919
2002-10-30,20.544797897338867,21.01604399834728,20.012747165624273,20.97043939053592,17710083
2002-10-31,22.00414276123047,22.1637581462163,21.054050463437452,21.26687047240442,24737875
2002-11-01,22.292970657348633,22.75661527919426,22.057347583809396,22.194161420618695,17054979
2002-11-04,22.53619384765625,22.635003078210822,22.27776772761199,22.558995395844864,2690499
2002-11-05,22.232162475585938,22.764214723726667,22.14095325938313,22.65020395999431,4750363
2002-11-06,22.232162475585938,22.232162475585938,22.232162475585938,22.232162475585938,0
2002-11-07,22.034542083740234,22.46018354223796,21.75331444835103,22.15615284828089,9509733
2002-11-08,21.882526397705078,22.118149425349884,21.68490644969499,21.966134080726736,4382932
2002-11-11,21.78371810913086,21.92053192512576,21.59369967677016,21.745715027875605,3330579
2002-11-12,22.209360122680664,22.30816934679611,21.814121713176633,21.89012939058938,5769527
2002-11-13,22.140953063964844,22.49818840108502,22.072546908937653,22.49818840108502,5494769
2002-11-14,22.300569534301758,22.38417874239466,22.057346460953678,22.057346460953678,4988477
2002-11-15,23.904325485229492,24.459179283176688,22.422181011499784,23.10624862278569,21359469
2002-11-18,24.109546661376953,25.05203891998515,23.942331269070586,23.942331269070586,27375497
2002-11-19,24.109546661376953,24.109546661376953,24.109546661376953,24.109546661376953,0
2002-11-20,23.72950553894043,24.527583812261515,23.531885594988136,24.17034851625343,13979907
2002-11-21,24.23116111755371,24.443981139392918,23.76751647183945,23.790318022626945,12073489
2002-11-22,24.65679931640625,25.371268488696103,24.337567057558076,24.383173179007272,18319605
2002-11-25,24.55799102783203,24.892423322571585,24.39837413577856,24.436378734093147,7473759
2002-11-26,25.394067764282227,25.584087705496977,24.62639404072529,24.62639404072529,19456720
2002-11-27,24.80121421813965,25.644897240331307,24.641598838382823,25.424474200378572,12387938
2002-11-28,25.796907424926758,25.93372275762373,24.900021368539246,24.900021368539246,22940365
2002-11-29,25.720903396606445,25.918521861700675,25.082440364899778,25.918521861700675,11841396
2002-12-02,25.606891632080078,26.20734852893736,25.46247779480632,25.94892392676772,9152160
2002-12-03,24.839216232299805,25.812111518711557,24.740407003958047,25.53848386832195,13908018
2002-12-04,24.877220153808594,25.06723859378844,24.557989416729217,24.778409415106946,10762409
2002-12-05,25.082439422607422,25.416871706155415,25.014034779231977,25.082439422607422,8523054
2002-12-06,25.637296676635742,25.812113599735365,25.082441319577764,25.242058218361493,10145984
2002-12-09,24.96843147277832,26.35936689705104,24.808816081111857,26.35936689705104,10142247
2002-12-10,24.474380493164062,24.778409697994366,23.965131310290904,24.717605067462138,20290480
2002-12-11,24.42877769470215,24.92282537827133,24.05634230728873,24.763209996088094,13470708
2002-12-12,23.957529067993164,24.47437975984809,23.75991062033943,24.47437975984809,8806876
2002-12-13,24.9304256439209,25.044436409286376,24.147548796529467,24.32236570690115,15619974
2002-12-16,24.48198127746582,25.538482694483754,24.322364398887277,25.38647036622784,13785522
2002-12-17,23.98033332824707,24.68720249194719,23.76751333450035,24.626396347150322,14793456
2002-12-18,24.04874038696289,24.51238650191447,23.851121922000484,24.018337313423693,11307661
2002-12-19,24.132347106933594,24.322365552349396,23.942330174560112,24.322365552349396,7273603
2002-12-20,24.25396156311035,24.45918156301621,24.05634308848228,24.155152325796315,7439667
2002-12-23,24.056344985961914,24.443981953558165,23.904329598840306,24.322369643860878,7551408
2002-12-24,24.375572204589844,24.443978362222975,23.896726075073204,24.2159568280843,11028129
2002-12-25,24.375572204589844,24.375572204589844,24.375572204589844,24.375572204589844,0
2002-12-26,24.23116111755371,24.83921961970217,24.11714882448867,24.588394995827112,17662314
2002-12-27,24.7556095123291,24.907623366584456,24.170352617796407,24.383174132013227,17002608
2002-12-30,24.527587890625,24.808814049601413,24.337567925630864,24.778410976245738,7907468
2002-12-31,24.535188674926758,24.763210219231127,24.360371754148762,24.6948040585483,6799357
2003-01-01,24.71000099182129,24.801210197766213,24.322362623076426,24.322362623076426,4460733
2003-01-02,24.466777801513672,24.915222332461653,24.398371649776784,24.824013121450992,4800428
2003-01-03,24.497182846069336,24.76320744696187,24.405973633341596,24.466778262117842,3939402
2003-01-06,23.91193199157715,24.595998232338143,23.752316585834336,24.55039361454839,7973888
2003-01-07,23.706707000732422,24.09434543894175,23.486286983096317,24.09434543894175,11465006
2003-01-08,24.17034912109375,24.360367546204927,23.562289252912684,23.77511073634081,13942882
2003-01-09,24.839216232299805,24.915223912963583,24.17035166854317,24.246359349206948,18702848
2003-01-10,24.953227996826172,25.2040525965478,24.504784932501064,24.88482183800841,13379940
2003-01-13,24.489580154418945,26.298555222075233,24.398370946039087,26.298555222075233,8216589
2003-01-14,24.633995056152344,24.79361042128295,23.88152283668551,24.307162801672305,16822099
2003-01-15,24.573192596435547,24.778412598501006,24.481984883439484,24.763211060827917,5185596
2003-01-16,24.565587997436523,24.846815635358922,24.49718184720109,24.573188008332824,7914038
2003-01-17,25.287662506103516,25.35606866681744,24.542790211183554,24.542790211183554,18705076
2003-01-20,24.900020599365234,25.46247588308453,24.85441599422241,25.234452857370407,9354445
2003-01-21,25.416873931884766,25.576490832574247,24.930427756695,24.998835432145476,12621543
2003-01-22,25.090036392211914,25.796903914978685,24.945622580968788,25.796903914978685,9638700
2003-01-23,24.869617462158203,25.432072744359683,24.588389821057465,25.234452789274066,13892134
2003-01-24,24.11714744567871,24.93042742363092,23.873924361333227,24.93042742363092,8211512
2003-01-27,23.425479888916016,24.00313524733758,23.14425222140125,24.00313524733758,7532727
2003-01-28,23.205055236816406,23.744707437875043,22.650201501374056,23.334267522556907,16235016
2003-01-29,23.17465591430664,23.516688223667618,22.802219018221095,23.39507744198127,5473619
2003-01-30,22.954235076904297,23.39507814551045,22.885827402541057,23.106250449886566,8449464
2003-01-31,23.349468231201172,23.516683590466418,22.771811458090653,22.95422986424411,5799204
2003-02-03,23.843515396118164,23.97272767503738,23.258258622804842,23.69910158361774,6742545
2003-02-04,24.35276985168457,24.451577565967842,23.881523749457894,23.904325296901373,9391678
2003-02-05,24.07154655456543,24.322369674063694,23.82072192202459,24.15515426106485,8049492
2003-02-06,24.770809173583984,24.9228230163299,24.018335431995915,24.018335431995915,9808365
2003-02-07,24.9304256439209,25.143247151442626,24.71000412479456,24.9304256439209,10288289
2003-02-10,24.48198127746582,24.968427385270616,24.322364398887277,24.945625838640677,4840844
2003-02-11,24.527587890625,24.839217122957084,24.413575609020047,24.808814049601413,3707826
2003-02-12,24.30716323852539,24.59599241622894,24.117144799188928,24.53518627355451,4625294
2003-02-13,24.30716323852539,24.30716323852539,24.30716323852539,24.30716323852539,0
2003-02-14,24.101945877075195,24.459179712035635,23.934728977085264,24.459179712035635,3245410
2003-02-17,24.618793487548828,24.808811923213927,24.36036889921781,24.36036889921781,4178899
2003-02-18,24.497182846069336,24.90762127725967,24.413573644547785,24.778408982416494,6098070
2003-02-19,24.6415958404541,24.869617351496064,24.573188176707756,24.626394305515156,6257669
2003-02-20,24.519989013671875,24.748010575421034,24.345172079519514,24.626399781907995,4010069
2003-02-21,24.489580154418945,24.611192432258754,24.322363272389207,24.55038629333885,3563794
2003-02-24,24.770809173583984,25.04443530096044,24.62639534210635,24.656798413263985,6001859
2003-02-25,24.550390243530273,24.839217936830416,24.481984082759823,24.626397929409894,4451888
2003-02-26,24.32996940612793,24.74800942084597,24.200757092962082,24.626398633006474,8074811
2003-02-27,24.80881690979004,24.998836896691422,24.063944552785077,24.17035532179794,7777312
2003-02-28,24.80121421813965,25.447275749039957,24.641598838382823,25.143248039357065,15852828
2003-03-03,24.649198532104492,25.295261567708334,24.48958315440785,24.869620056169833,5545158
2003-03-04,23.744709014892578,24.618793517403574,23.64589979135704,24.481981211905826,10916894
2003-03-05,23.683902740478516,23.74470888171079,23.296265859686127,23.683902740478516,7728045
2003-03-06,23.516687393188477,23.699105828839564,23.3722735548192,23.623098147318277,8318285
2003-03-07,23.501487731933594,23.74471233220721,23.303869257253734,23.69910771965591,13670087
2003-03-10,23.554689407348633,23.90432319096168,23.379872515542107,23.547087883508958,7947639
2003-03-11,23.303865432739258,23.699103830276872,22.60459784779783,23.410276177895362,13026760
2003-03-12,22.984642028808594,23.379880552193345,22.908634329495627,23.379880552193345,4933590
2003-03-13,22.88582420349121,23.091045684852013,22.596996548240533,23.091045684852013,6450833
2003-03-14,22.88582420349121,22.88582420349121,22.88582420349121,22.88582420349121,0
2003-03-17,22.82501792907715,22.992234803919317,22.437379566645898,22.80221487144125,6503742
2003-03-18,22.82501792907715,22.82501792907715,22.82501792907715,22.82501792907715,0
2003-03-19,23.265865325927734,23.46348379343826,22.878226889825886,23.09104840734442,8483791
2003-03-20,24.1855525970459,24.307163370010322,23.030240419109077,23.25066193097508,7729965
2003-03-21,24.466777801513672,24.62639467730344,23.942328620807913,24.17035013529235,5288429
2003-03-24,24.101945877075195,24.717605830201894,24.018336670559062,24.641598148388287,5459138
2003-03-25,24.033536911010742,24.12474612426898,23.71430617764916,24.018335375467704,4028474
2003-03-26,23.896726608276367,24.291963539457633,23.835918947962288,24.17035275795662,5098966
2003-03-27,24.177949905395508,24.337565266552314,23.752309951005493,23.9119253121623,8941489
2003-03-28,23.88152313232422,24.21595540212091,23.65350009857039,24.21595540212091,4313262
2003-03-31,23.661100387573242,24.01833418557355,23.433077365724152,23.911924955086153,3202844
2003-04-01,24.177949905395508,24.360368325598834,23.638297681857317,23.699103821925092,4003828
2003-04-02,24.375572204589844,24.504784508137917,23.94233068450941,24.124747609211884,5204962
2003-04-03,24.778411865234375,25.021636460806054,24.19315495170366,24.6263980060445,8138726
2003-04-04,25.196455001831055,27.362665873639195,22.665408726258356,27.362665873639195,6537494
2003-04-07,25.424476623535156,25.690502786165087,25.105245833596246,25.105245833596246,6054367
2003-04-08,24.907621383666992,25.42447207828996,24.816413683591854,25.42447207828996,6631420
2003-04-09,24.76321029663086,24.94562874307845,24.527588739533012,24.702405660857412,5510732
2003-04-10,24.497182846069336,24.976028943326597,24.208353672431496,24.702402818185625,4646830
2003-04-11,24.459177017211914,24.778407732615033,24.063938628369442,24.626393898778495,2800168
2003-04-14,24.459177017211914,24.459177017211914,24.459177017211914,24.459177017211914,0
2003-04-15,23.706707000732422,24.459180815057497,23.486286983096317,24.32236698162319,4566958
2003-04-16,23.91193199157715,24.094348949693522,23.7143119811549,23.75991659894465,3817093
2003-04-17,23.493886947631836,23.820719236987802,23.319070028451293,23.820719236987802,4026434
2003-04-18,23.493886947631836,23.493886947631836,23.493886947631836,23.493886947631836,0
2003-04-21,23.44828224182129,23.67630378312056,23.04544226900554,23.471085303776654,5357609
2003-04-22,23.554689407348633,23.668700160606424,23.1898540890984,23.410275584816475,2472955
2003-04-23,23.250661849975586,23.80551563338477,23.182254182813995,23.699104883499615,2655176
2003-04-24,22.726207733154297,23.539487555728723,22.57419390187165,23.417875280268888,15898421
2003-04-25,22.93903350830078,23.04544275620072,22.657805825188593,22.809821197963405,6193775
2003-04-28,23.463483810424805,23.5622930442516,22.817420758482267,22.817420758482267,4608971
2003-04-29,23.311466217041016,23.661099998416983,23.220257009801504,23.569890791177475,3871881
2003-04-30,22.916229248046875,23.273464598874007,22.802218480946248,23.2582630623911,7671207
2003-05-01,22.916229248046875,22.916229248046875,22.916229248046875,22.916229248046875,0
2003-05-02,22.931428909301758,23.167051948997457,22.665404312168693,23.030239644881533,6744496
2003-05-05,23.341873168945312,23.455885460871638,23.068246997015642,23.14425468728569,8006017
2003-05-06,24.25396156311035,24.35277231346684,23.334272326172883,23.334272326172883,12350804
2003-05-07,24.474380493164062,24.55038817263221,23.86632208350346,23.86632208350346,10567832
2003-05-08,24.033536911010742,24.550387606431844,23.86632153307956,24.474379928716644,6364912
2003-05-09,23.782711029052734,23.942327900037323,23.676300286077065,23.866320226483275,2662586
2003-05-12,23.97273063659668,24.261559810321156,23.683902975914453,23.820716795047097,2748887
2003-05-13,23.85112190246582,24.170352661323562,23.729509608408634,24.09434497753782,3109357
2003-05-14,23.630699157714844,23.866322208781785,23.52428840590087,23.782713004406798,8557751
2003-05-15,24.11714744567871,24.261562806899008,23.645902814324486,23.86632434918607,4217948
2003-05-16,23.87392234802246,24.48198227717155,23.7903146562423,24.30716385602037,10935690
2003-05-19,24.62639617919922,24.983630007881022,23.97273164013317,24.018336248419796,14607030
2003-05-20,24.816415786743164,24.930426556281006,24.398374281047897,24.398374281047897,7664026
2003-05-21,25.02164077758789,25.553693159149216,24.793617679900457,25.067245397125376,12763478
2003-05-22,25.242053985595703,25.386469322804512,24.710001780314716,25.234452461669996,10798332
2003-05-23,26.10854148864746,26.283358402821253,25.26485847790048,25.310463087646994,17076145
2003-05-26,26.328962326049805,26.792609962882143,26.00213306187912,26.00213306187912,12853876
2003-05-27,25.568889617919922,26.602591157102157,25.325666527370117,26.602591157102157,12727226
2003-05-28,25.242053985595703,25.827309293145735,24.801210989170116,25.827309293145735,14154853
2003-05-29,25.971723556518555,26.26815273379041,25.143245191052625,25.386469752113516,32531208
2003-05-30,26.100940704345703,26.5721868387204,25.979328408238064,26.344165296560977,10859664
2003-06-02,26.268156051635742,26.967426753008407,26.032532984868325,26.283359101664505,13268475
2003-06-03,26.154144287109375,26.351765773466436,25.7741073899311,26.298558126472038,6356328
2003-06-04,26.328962326049805,26.52658382086417,26.16934845648991,26.26815617781228,6435558
2003-06-05,27.659086227416992,27.788296991050846,26.61778346474616,26.75459877764374,21912706
2003-06-06,27.567882537841797,27.955520958393507,27.05863182644369,27.955520958393507,9883458
2003-06-09,27.94032096862793,28.160744026445833,27.37786557491346,27.82631018999574,8404398
2003-06-10,27.33226203918457,28.350760531228936,27.13464356110416,28.198748179527055,10952681
2003-06-11,27.438669204711914,27.811107608498222,27.01302920535078,27.362663034638945,9905161
2003-06-12,28.031522750854492,28.115130431237404,27.37785830264742,27.742695118228355,10739537
2003-06-13,27.78830337524414,28.24434947953644,27.666694106850954,28.122737185058494,9486595
2003-06-16,27.947917938232422,28.039127151486714,27.453870302668395,27.803504107100924,7027698
2003-06-17,28.6243896484375,28.730798905188475,28.122740389596284,28.122740389596284,14326308
2003-06-18,29.908912658691406,30.053326510105812,28.510377244537167,28.73079727129629,23475650
2003-06-19,29.43006706237793,30.06092707319101,29.224844040738198,29.650487082081224,15359211
2003-06-20,29.627685546875,29.70369171982276,29.034827109194026,29.3768594265862,11955460
2003-06-23,28.86760902404785,29.779698144884293,28.745996737791717,29.779698144884293,14452086
2003-06-24,28.426761627197266,28.806798450253353,28.21394015898231,28.745992316477654,20863134
2003-06-25,29.24004364013672,29.331252852517377,28.548377562189,28.593980655337088,13142441
2003-06-26,29.70368766784668,29.870903041172262,29.034823148459918,29.597278435018477,17774134
2003-06-27,30.881807327270508,31.14783347393058,29.414864271090764,29.521273519320847,41021308
2003-06-30,30.711233139038086,31.222958199518917,30.587178204756054,31.013616269634262,11443537
2003-07-01,31.005855560302734,31.38577136387271,30.40884060202972,31.005855560302734,17614843
2003-07-02,31.84322166442871,32.09908567285946,31.168676989852244,31.24620976057605,19020981
2003-07-03,31.657148361206055,32.25416037752976,31.49432549908828,32.25416037752976,10812819
2003-07-04,31.757944107055664,31.94402651620488,31.32375490590605,31.913012781346676,9283877
2003-07-07,32.80464553833008,32.96746837704621,31.944018471339074,31.975032198386696,22029602
2003-07-08,32.696102142333984,33.24659507799502,32.51777396658995,33.10703174959378,11422648
2003-07-09,32.502262115478516,32.913194766076515,31.79670369145049,32.72711240582811,21319502
2003-07-10,33.246604919433594,33.64202623531446,32.16112713522454,32.61082480980838,9514419
2003-07-11,33.572235107421875,33.998670003321365,33.184565055872206,33.184565055872206,11964618
2003-07-14,33.7583122253418,34.01417623336861,33.347382676112176,33.72729849972838,10165166
2003-07-15,33.29310989379883,33.95214925715625,32.758125434630706,33.79708062691962,13469028
2003-07-16,34.26228713989258,34.42510999098382,33.238840243264356,33.26209976860177,14786980
2003-07-17,33.76606369018555,34.890305750488615,33.53346231037995,34.43285719336803,19701493
2003-07-18,34.975608825683594,35.26248355599963,33.10703671534502,33.18457259538976,29438101
2003-07-21,33.448184967041016,35.433054555815275,33.21558352031305,35.433054555815275,51941960
2003-07-22,32.26190948486328,33.53346610193978,31.96727753868351,33.169055586047044,35665410
2003-07-23,33.076019287109375,33.29311540538031,32.44799354583139,32.64183013743236,31321219
2003-07-24,33.045005798339844,33.45593542436141,32.60306244090921,33.3396347032936,22830800
2003-07-25,34.510398864746094,34.69648125136368,33.12254134333586,33.18456880554172,29054378
2003-07-28,35.56486129760742,36.11535423226142,34.890313443208036,35.02987677135397,31060900
2003-07-29,35.71992492675781,35.87499355464424,34.642201821527514,35.23921372374204,21028228
2003-07-30,36.022315979003906,36.38672656374669,32.858924528209855,35.82072517455153,19261908
2003-07-31,35.02987289428711,36.09208762502902,34.67321658292579,35.89825414952866,18456890
2003-08-01,36.999237060546875,37.18531942082908,34.68872213753718,35.51058435201804,29370972
2003-08-04,37.49545669555664,37.704798596434756,36.596061633497726,36.73562495865958,23732692
2003-08-05,36.21614074707031,37.74356130012964,36.061072122189934,37.68153385017749,22745010
2003-08-06,35.92151641845703,36.898444247703985,35.440805164336005,35.99129808014061,28797546
2003-08-07,37.332637786865234,37.67378881668242,36.30143358006638,36.80540437714776,23335098
2003-08-08,38.10797119140625,38.44136795788585,37.48769978860411,37.65051952699338,25408149
2003-08-11,38.34058380126953,38.64296693175271,37.456697025138,37.57299775426767,26557084
2003-08-12,38.084716796875,39.542355870095626,37.80559323894843,38.61194709720502,22022051
2003-08-13,38.46463394165039,38.59644306456467,37.4954572038717,37.99167687897044,18468569
2003-08-14,39.44931411743164,39.65865601115322,38.34833139616713,38.75926097984091,33828741
2003-08-15,39.44931411743164,39.44931411743164,39.44931411743164,39.44931411743164,0
2003-08-18,40.20915222167969,40.37972619744545,38.06921097274137,39.54235855370107,18009978
2003-08-19,39.782718658447266,41.04652447025164,39.38729431857045,40.402990256434045,12592247
2003-08-20,40.05408477783203,40.71312426131213,39.58887880232936,40.147125972932564,13874318
2003-08-21,40.48827362060547,40.84492998895763,39.97654859495565,40.31769964101049,13624666
2003-08-22,40.66659927368164,40.968982364875444,40.092846820823276,40.70536720730935,10413618
2003-08-25,39.99205017089844,41.55823562483712,38.79027214076387,40.93796418849372,21054294
2003-08-26,41.92264938354492,42.17851341590777,39.751697644712124,40.00755859021038,27075446
2003-08-27,42.628204345703125,43.08565291270194,42.038943594109895,42.17850689449824,19853134
2003-08-28,42.473140716552734,43.03138472309558,41.71330593840279,42.597195626198804,21063875
2003-08-29,43.58187484741211,44.31069276503835,42.349083119612644,43.04689039865964,16826456
2003-09-01,43.44231414794922,44.19439471996449,42.806537368478736,44.19439471996449,14011483
2003-09-02,44.45801544189453,44.96974046327164,42.535173368053236,43.7136889799455,18590877
2003-09-03,43.02362823486328,44.79915863287468,42.73675358668887,44.79915863287468,22312965
2003-09-04,42.527408599853516,43.791213973770475,42.10097067348771,43.17093950383326,19887439
2003-09-05,43.94628143310547,44.25641868168538,42.88406675873166,43.21746352923901,21648505
2003-09-08,44.98524856567383,45.31864540209132,44.302949570776676,44.4114960858064,20110645
2003-09-09,43.86100769042969,45.2643705758807,43.729198557588575,45.2643705758807,13633923
2003-09-10,44.543304443359375,44.73713794353865,43.27949878600273,44.19439920405304,14173096
2003-09-11,44.27193069458008,45.17132570187536,44.08584833027116,44.45800997202451,13282048
2003-09-12,43.37255096435547,44.659616473870564,43.054659374974314,44.50454778232678,12258287
2003-09-15,41.80635070800781,43.419058498062974,41.41092642129603,43.419058498062974,12904995
2003-09-16,43.643917083740234,43.868764354230024,40.93797711096696,41.83737236665676,18000157
2003-09-17,43.38804626464844,44.69837100340944,43.03138989994106,44.19440018749096,13252711
2003-09-18,41.41868591308594,43.248490047245404,41.26361724292579,43.248490047245404,19211749
2003-09-19,42.33357620239258,42.783273693707955,40.19363833211796,41.86061918789255,31657506
2003-09-22,42.19402313232422,43.18645946287037,41.74432556474229,42.79878935887663,23738343
2003-09-23,44.915462493896484,45.57450189762898,41.945911162113305,41.945911162113305,42131872
2003-09-24,45.884639739990234,46.16376020807583,44.67510742207077,45.434942222669484,24534766
2003-09-25,45.225608825683594,46.65998862833902,44.74489748971344,45.74508501419866,28497353
2003-09-26,46.81504821777344,47.0786664677684,45.28763049509771,45.41943653323043,29200060
2003-09-29,47.41981506347656,47.760966100178976,46.53592837140843,46.83055726876447,20658005
2003-09-30,47.67567825317383,48.032334605318326,47.0631578563993,48.032334605318326,14089253
2003-10-01,48.590576171875,48.92397298113059,46.83055402707418,47.60589415177177,21592715
2003-10-02,48.590576171875,48.590576171875,48.590576171875,48.590576171875,0
2003-10-03,49.39693069458008,49.57525886394036,48.53630357666152,48.84644086549011,12217114
2003-10-06,52.90922164916992,53.4054412900468,49.46671023804453,49.621778875818556,27805340
2003-10-07,53.81637954711914,54.94062195034038,52.6688745293305,52.72314778959112,43114951
2003-10-08,54.09549331665039,54.70025948279009,52.96349684954329,54.118755928320844,31966617
2003-10-09,55.27401351928711,56.173408640853765,53.60703240600223,54.165279569856274,32874708
2003-10-10,57.6853141784668,65.88841536588875,55.824496795454486,65.88841536588875,43046444
2003-10-13,59.941566467285156,60.24394959294644,57.08056116784148,57.662064804217,34308868
2003-10-14,57.103816986083984,60.47654384935785,55.20422837713644,60.445533206849525,34725378
2003-10-15,58.848323822021484,59.12745045490823,56.43701964083642,57.654299949889584,42840746
2003-10-16,59.70120620727539,60.70914782389933,58.972385079857126,59.23600333402275,34067523
2003-10-17,59.56938552856445,61.09680915293854,59.096428542642265,59.54612909364944,26863032
2003-10-20,56.70838165283203,59.94930511287293,56.30520631450149,59.08092698618188,27501975
2003-10-21,56.142391204833984,59.39106296211807,55.45233499460779,56.770413786184214,66888727
2003-10-22,57.08054733276367,57.840378978376435,56.30520728094511,56.75490784481331,43381265
2003-10-23,55.995079040527344,58.52269036241128,55.55313878233945,56.995266448443175,37993587
2003-10-24,58.29784393310547,58.91811237871731,54.63048182199192,56.28970871156837,51717559
2003-10-27,56.816925048828125,60.16639482034881,56.42150393502899,59.25925190200208,49830288
2003-10-28,56.21992111206055,58.27457516977987,55.382553551185126,57.0650428765756,65948423
2003-10-29,56.5688362121582,57.60778849772928,54.52193611184628,57.14258561322105,102866082
2003-10-30,56.499061584472656,57.43722167495553,56.134650966541344,57.04955461413893,45987582
2003-10-31,58.07299041748047,58.42964677950901,56.52231004572773,56.78592830189215,35587552
2003-11-03,60.60059356689453,60.848703380588944,58.35986338770838,58.53819154458514,44999342
2003-11-04,59.15071105957031,61.25188428917426,58.615726540481134,61.25188428917426,40555052
2003-11-05,59.41433334350586,61.220877808919184,58.56145726712304,60.305974269277066,56797061
2003-11-06,58.73201370239258,60.243928809095955,58.32883839851432,59.856261909832085,38549036
2003-11-07,57.770599365234375,63.88803610923932,57.165839412856094,59.2980230872558,39898586
2003-11-10,57.61553192138672,58.119505734454464,55.87101525718193,57.065039063318665,19719402
2003-11-11,57.14257049560547,58.228047721437754,56.63859672156615,57.90240208419682,22664751
2003-11-12,58.104000091552734,58.7707936806976,57.13482343493205,57.53025077056215,28231738
2003-11-13,58.25906753540039,59.352299135971485,57.778356293197135,58.22805689415942,46518797
2003-11-14,56.6463623046875,58.414141796515196,56.212176266106454,58.01096640052021,27452160
2003-11-17,59.941566467285156,60.24394959294644,57.08056116784148,57.37519008852042,35651117
2003-11-18,59.5151252746582,61.47674147251058,58.8638400014753,60.166410547841096,44657033
2003-11-19,58.708770751953125,59.36005598432048,58.25131592686782,58.925863771499124,37217521
2003-11-20,58.31334686279297,60.53082093618649,58.0109699277086,58.91811308042118,33417789
2003-11-21,59.949310302734375,60.46103217948543,56.94874218008187,58.31334002514701,43833171
2003-11-24,61.01927947998047,62.197794962745824,60.181911916177924,60.437775942264544,48169238
2003-11-25,63.32204818725586,63.57790605908885,60.80994530463172,61.655067136430084,45227416
2003-11-26,63.32204818725586,63.32204818725585,63.32204818725585,63.32204818725585,0
2003-11-27,63.112693786621094,64.26019854475992,62.67850162905234,63.89578804137365,39987324
2003-11-28,63.353065490722656,64.01210501082525,62.8645999610173,63.422847162642014,33329797
2003-12-01,65.83414459228516,66.05123759520238,63.771736369655926,63.771736369655926,33343876
2003-12-02,65.9039306640625,66.7335503127304,64.68665016824471,66.21406798500425,25740346
2003-12-03,65.86515808105469,66.81882637240196,65.48524530951916,66.40014258171952,20445957
2003-12-04,65.89617919921875,66.6637651699697,65.20612292436577,65.84189976886879,15944363
2003-12-05,64.29896545410156,66.91186651290579,63.965571752399775,66.15978287264595,22502100
2003-12-08,64.43853759765625,64.97352213860114,63.298786849777194,64.35324752284056,22962674
2003-12-09,65.6480712890625,65.88842693563095,64.6246212400056,65.36119658883914,17803722
2003-12-10,65.29917907714844,66.40015899216782,64.81071350500905,65.74887362055887,18723919
2003-12-11,64.53157806396484,66.05900204600562,64.05862096729344,65.74886472677933,22056936
2003-12-12,65.0898208618164,65.40771236436399,63.430594032687445,64.80294617597075,25418884
2003-12-15,65.74110412597656,66.15978792276486,65.08981890583135,65.27590127926273,16381569
2003-12-16,65.15959930419922,65.74885705510881,64.39201338725833,65.74885705510881,20456315
2003-12-17,65.68684387207031,66.46218416128262,64.88049293468015,65.26815999242106,26523681
2003-12-18,67.22200012207031,67.68720912442542,65.33017199300205,66.05899305050508,23129552
2003-12-19,67.47785949707031,68.02059815097427,66.83432855023787,67.45459688775054,17175132
2003-12-22,67.07469940185547,68.22995862655597,66.85760018669666,67.29954664815389,8480075
2003-12-23,66.91187286376953,68.38501729697997,66.65600882383083,67.14447429144859,16647247
2003-12-24,66.82658386230469,67.73373314901221,66.60173663511284,66.98940362954056,13820945
2003-12-25,66.82658386230469,66.82658386230469,66.82658386230469,66.82658386230469,0
2003-12-26,68.01285552978516,68.30748442936499,66.93513224155821,67.57866329797763,8008308
2003-12-29,69.43948364257812,69.73411255347702,68.38502292712207,68.38502292712207,11094011
2003-12-30,68.60210418701172,70.07525466232818,66.6947677114771,69.78062580201065,14002424
2003-12-31,70.09850311279297,71.2227513496844,68.7804245080558,69.16034338869316,22499517
2004-01-01,70.4706802368164,71.00566474096011,70.01323159774154,70.2845978648887,10841713
2004-01-02,70.77305603027344,71.3855763364,70.40864552782998,71.02116583395653,8896230
2004-01-05,70.53270721435547,72.10665007429047,69.87366780007613,71.02117266562696,11173815
2004-01-06,70.4706802368164,72.10665056476677,69.54802258105767,71.3313104352659,12316117
2004-01-07,69.23014068603516,70.50944856738982,67.93531822242488,69.99772664959386,19653588
2004-01-08,72.06787109375,72.40902515580723,69.62555028092714,69.62555028092714,10254369
2004-01-09,72.31597900390625,73.88216744606342,71.48636573994925,73.64181185517523,12626318
2004-01-12,72.51756286621094,76.60360752317524,71.48635894943084,76.60360752317524,14054149
2004-01-13,76.59587097167969,77.13085547156422,68.92775363293892,71.64144097772278,24967927
2004-01-14,78.9063720703125,79.6894662896434,76.1229034481191,76.75868016264742,25280555
2004-01-15,76.06864166259766,79.86005874160244,75.46388161887977,79.86005874160244,23836208
2004-01-16,75.5956802368164,77.98372815137253,74.4791921468392,76.13841896046365,27493985
2004-01-19,78.82108306884766,79.27853782115135,75.254520179583,75.98334116314449,22054327
2004-01-20,75.76627349853516,80.45708662441164,74.67304774249499,79.4103737573746,30656570
2004-01-21,71.18399047851562,75.97559441429522,70.24583062075884,75.67321134195335,35131367
2004-01-22,65.48524475097656,73.54878321131964,63.267770902666086,71.33130936300915,49115428
2004-01-23,72.30824279785156,72.85873576782129,66.46993168599101,67.91981979494892,38291614
2004-01-26,72.30824279785156,72.30824279785156,72.30824279785156,72.30824279785156,0
2004-01-27,79.16999053955078,80.3252432787559,72.920745169042,72.920745169042,45520887
2004-01-28,80.34078216552734,82.39543677420089,77.43325753373159,79.39486784750866,71988043
2004-01-29,82.0155029296875,83.81429311981445,79.2397817750364,79.2397817750364,58963876
2004-01-30,80.69742584228516,82.4962160730875,80.02287796230186,82.1085428907473,48738740
2004-02-02,80.69742584228516,80.69742584228516,80.69742584228516,80.69742584228516,0
2004-02-03,79.0226821899414,81.51927647680229,77.68134077613514,81.0230630051377,38171461
2004-02-04,84.41905975341797,84.72919705912562,79.08471661643486,79.08471661643486,37513852
2004-02-05,80.17017364501953,85.52777185441818,69.78061668383481,70.52493985389785,54428358
2004-02-06,82.4962158203125,82.86838059252361,79.10022616477788,81.24016434439726,39442025
2004-02-09,84.06241607666016,84.4113182830669,81.87595237187573,82.96143001873928,31095905
2004-02-10,82.83737182617188,84.41906917494025,80.67417082288438,80.67417082288438,31875754
2004-02-11,84.10893249511719,84.4810973064241,82.5117328970879,82.5117328970879,21138189
2004-02-12,84.53071594238281,85.92107573675158,83.28095635607731,85.92107573675158,24123000
2004-02-13,86.53032684326172,86.78027998084518,69.03367562797999,69.03367562797999,25660233
2004-02-16,87.50670623779297,88.32685954974103,85.96012893313805,86.69435851945127,25440707
2004-02-17,87.37393188476562,87.70199699398991,86.22571333187688,87.14741414389034,21805917
2004-02-18,88.03004455566406,89.09233923241959,87.48327359038194,87.48327359038194,20554311
2004-02-19,84.95250701904297,88.7330391044037,84.36668320772337,88.12377985279265,31168503
2004-02-20,86.2491226196289,87.17081693253493,83.12472120322506,84.98373967280962,33918580
2004-02-23,82.32019805908203,87.17083032392377,81.41412101156357,86.10072385613633,21815513
2004-02-24,82.16397857666016,83.48403816116245,79.91440652599056,82.14054313732956,36589626
2004-02-25,77.78980255126953,82.33581081525085,77.27427891865923,82.17177519704215,55448842
2004-02-26,77.55548095703125,80.29714745658262,77.19617487419964,77.87573419419729,43481323
2004-02-27,79.49259948730469,80.21121154376816,76.75093340437479,78.25065201222424,40642105
2004-03-01,81.70311737060547,81.93744686324169,80.00031642321338,80.76579940006059,20470561
2004-03-02,81.70311737060547,81.70311737060547,81.70311737060547,81.70311737060547,0
2004-03-03,83.89801788330078,84.67130650032189,81.72655781752626,81.8593461967189,34923978
2004-03-04,81.46098327636719,84.04642595618705,80.78142395581139,83.73399075141316,23281798
2004-03-05,83.27313995361328,83.64806967472369,81.31258006048459,81.99213318295105,21421970
2004-03-08,83.5074691772461,84.81191138318458,82.81229243064136,83.73399310352539,13978576
2004-03-09,81.30477905273438,84.34325763317746,80.24248425467054,84.01519874830366,28927504
2004-03-10,78.76618957519531,80.43774346187483,78.36783063664906,80.43774346187483,32771217
2004-03-11,76.00890350341797,78.50061063822244,75.64178560839731,78.11006352369608,30323768
2004-03-12,76.43851470947266,76.83687366322788,74.51700760383557,75.43870208891562,32850447
2004-03-15,73.4312744140625,77.45394151054609,72.19713231687996,77.45394151054609,38288347
2004-03-16,71.6816177368164,74.62636693587272,70.22876956302888,72.52520659775126,40942198
2004-03-17,73.00167846679688,74.00148496638367,71.70504790150424,72.93919017184787,23671355
2004-03-18,70.61930847167969,73.42346334545988,70.16627305696785,73.28286314522683,28778050
2004-03-19,71.36135864257812,72.93137146259527,70.48652259599899,70.61149917408173,26762307
2004-03-22,67.90106201171875,70.736457279676,67.51832678343706,70.29904559021122,23060283
2004-03-23,67.45586395263672,69.43985958538501,66.41699835914481,67.17466350952762,25595207
2004-03-24,68.46347045898438,68.79934110626893,67.01843429907358,67.3308757265455,21949062
2004-03-25,70.213134765625,71.23637653195985,68.47128084092347,68.69779853875725,26161463
2004-03-26,72.8532485961914,73.23599008649144,71.11920661042456,71.42383619626429,16924463
2004-03-29,73.88431549072266,74.2045687594134,70.68961327642752,73.4078446043957,16875989
2004-03-30,73.34534454345703,76.5478580576558,73.11101504480784,74.24360969481089,17629100
2004-03-31,75.8995590209961,76.37602991241461,73.11102755843439,73.6421749275897,16765845
2004-04-01,77.28211212158203,77.61798282402964,75.38403402519941,75.38403402519941,15297509
2004-04-02,77.55548095703125,78.06319904866548,76.21979775619312,77.48518085915613,16316251
2004-04-05,79.55509185791016,80.83609845825988,77.79761446601248,78.42249725145032,17864594
2004-04-06,78.21161651611328,80.73457128570429,77.01653333258041,80.73457128570429,19581413
2004-04-07,77.77420043945312,79.20361942719352,76.43852322472796,79.17237216952178,12503013
2004-04-08,78.47718048095703,79.26609273321304,76.40726151795303,78.11006259032322,24497716
2004-04-09,78.47718048095703,78.47718048095703,78.47718048095703,78.47718048095703,0
2004-04-12,77.977294921875,80.02377898964464,77.40709462171215,79.04740162625576,11237354
2004-04-13,79.7503890991211,80.20342457085049,76.11826863261187,78.11007602847847,19402334
2004-04-14,79.7503890991211,79.7503890991211,79.7503890991211,79.7503890991211,0
2004-04-15,79.69569396972656,81.00012981887572,76.3994449712029,80.15654114790115,23485482
2004-04-16,79.48480224609375,80.92202662248363,79.06300786521426,79.91440844027056,17440048
2004-04-19,76.22761535644531,79.5785413325215,75.86049743268973,78.46156393396382,18334858
2004-04-20,76.87592315673828,77.30552934593759,75.50899889626524,76.82124668388708,16596509
2004-04-21,80.06281280517578,80.43773627045418,76.26665752031764,76.70407548600441,23344398
2004-04-22,82.04681396484375,82.35925541550898,79.44575365959838,81.23447241271106,24182604
2004-04-23,81.04698944091797,82.46859616903758,80.66424797188662,82.09366651197776,17271307
2004-04-26,81.04698944091797,81.04698944091797,81.04698944091797,81.04698944091797,0
2004-04-27,75.1965560913086,79.67226472685199,74.70446162504724,79.67226472685199,22018247
2004-04-28,75.71208953857422,77.23523144780212,73.9311764449647,74.82944169540056,33961914
2004-04-29,74.7747573852539,76.43850554226894,72.64235644795303,72.64235644795303,26384340
2004-04-30,73.79839324951172,76.03233551460269,72.79858065798912,74.98566448234821,21407066
2004-05-03,72.7126693725586,73.86088163704153,70.37717333445202,73.86088163704153,32002316
2004-05-04,74.11864471435547,75.11064555193205,73.46252077169567,74.7982040983805,28351625
2004-05-05,75.32154083251953,75.53244114933842,73.19695135409,74.98567015190807,20083551
2004-05-06,75.71208953857422,76.70408411097004,74.75914781372893,76.54786650117121,30274883
2004-05-07,74.47794342041016,76.23542097961956,73.68121934802777,76.23542097961956,29710380
2004-05-10,71.58006286621094,73.39221698632733,67.57301930672031,72.17369848838757,29333874
2004-05-11,66.96377563476562,70.92395545468439,65.97958643139722,70.92395545468439,28309591
2004-05-12,68.8149642944336,69.87726514107507,66.69818063383367,66.69818063383367,34642066
2004-05-13,69.53358459472656,71.67380394487046,64.39394586797539,65.97957618088508,34439171
2004-05-14,64.71417999267578,70.5958714585453,61.285148848859976,70.5958714585453,38386061
2004-05-17,58.254486083984375,65.00319581457232,46.866035303819075,62.48804707175877,30088566
2004-05-18,62.683326721191406,65.30001671687022,57.598358742366884,57.598358742366884,34828670
2004-05-19,65.7530517578125,74.20456290179123,63.7378154172801,63.7378154172801,25355486
2004-05-20,65.7452392578125,67.90888758743911,64.84697404260271,67.48709321596684,26870562
2004-05-21,65.6046371459961,66.39354309926163,63.08168304310938,65.30000756994878,21509038
2004-05-24,69.47108459472656,69.78352600409315,66.23733000187354,66.5653950366075,21284340
2004-05-25,67.05748748779297,69.67417745919454,66.08892838707574,69.67417745919454,24151127
2004-05-26,65.93270874023438,68.37755763545289,65.24533755273218,67.17465650242482,25232061
2004-05-27,64.21429443359375,65.4406186511853,63.77687637566943,65.36251294839678,27002790
2004-05-28,60.44156265258789,63.90184118772872,59.51986826059508,63.90184118772872,34222102
2004-05-31,57.28592300415039,59.34021840343129,54.677044845668064,58.566923534062205,28509507
2004-06-01,61.746009826660156,62.78486905588871,58.27010738144457,58.27010738144457,46484710
2004-06-02,61.332027435302734,62.25372190547941,60.31659120406944,60.92585045497075,25972083
2004-06-03,58.59817123413086,63.956521570400454,58.098264943755744,62.495861765458486,28457584
2004-06-04,61.06644821166992,61.3945070446494,57.95767001349125,57.95767001349125,27771274
2004-06-07,61.8319091796875,63.33162142188938,61.08205616838397,62.003750365203,32374667
2004-06-08,63.534732818603516,64.04245096717221,61.65227846937105,62.800496944499834,32646795
2004-06-09,64.41736602783203,64.96413695454657,63.20665942007811,63.894030539820946,27917462
2004-06-10,63.378509521484375,64.05025082398747,62.17560845661076,64.05025082398747,24469719
2004-06-11,61.47262191772461,64.33145333214347,61.23829239156521,63.425376261848626,26638391
2004-06-14,60.535301208496094,61.43356642665731,59.67608883648224,60.76963072457324,22469344
2004-06-15,61.894412994384766,62.45680755881005,60.61340626299204,60.61340626299204,22910443
2004-06-16,60.89461135864258,62.95671870122081,60.496246179055376,62.48805341820076,21815628
2004-06-17,62.83174133300781,63.2379121015697,59.95728625959334,61.08207546120644,22690859
2004-06-18,62.08188247680664,63.11293614531004,61.39451129127209,62.488053249369536,26215046
2004-06-21,61.04301071166992,63.56596503750425,60.77744017292728,62.33182921954394,30795697
2004-06-22,60.81413650512695,62.31358079626151,60.49057737015479,61.46915994873209,23861758
2004-06-23,58.55709457397461,61.58754124680505,58.17828716889022,60.99565860381215,27313576
2004-06-24,58.71493911743164,59.188445322685645,57.302306825690145,58.71493911743164,38834158
2004-06-25,60.00129699707031,60.924637786835376,58.46239568079521,59.18844014100234,31153192
2004-06-28,60.66420364379883,60.98776910428209,58.57287648678901,60.34063818331556,35093158
2004-06-29,60.2222785949707,61.34291596979579,59.26737344240069,60.73524791199225,35800832
2004-06-30,60.02497482299805,61.71382328615586,59.70930820334434,60.64842802207282,38268236
2004-07-01,61.47705841064453,61.75326822094644,59.51989306705702,60.56161030748013,37765998
2004-07-02,60.81413650512695,61.82428950697286,60.08809217701113,61.350783429318504,34185965
2004-07-05,59.62248992919922,61.63489742199085,58.97536525351085,60.76679859358905,24411889
2004-07-06,60.75101852416992,61.03512727544592,59.03061222018882,59.22001595973165,29972692
2004-07-07,61.95846176147461,62.54245185191432,60.62474939812961,60.751012260883876,42028585
2004-07-08,62.266239166259766,64.46015135036362,60.64841815510271,62.34515266637283,60331606
2004-07-09,65.57291412353516,65.8175598668862,50.191809012350014,54.45337799848937,31421860
2004-07-12,67.09602355957031,67.45904583220559,64.59432440808851,65.82544560534683,29528885
2004-07-13,63.95509719848633,67.06446458008847,63.60786011544168,66.76457686583642,22881397
2004-07-14,62.850250244140625,64.31812478481149,62.58981926849265,63.607865342780315,32540220
2004-07-15,64.27075958251953,64.87053491259154,62.66083103639094,62.8186643344382,29859531
2004-07-16,65.30458068847656,65.95959795046464,63.78146462592243,65.2966880814267,29813573
2004-07-19,64.34178924560547,65.9438254024446,63.781476876671675,65.17043145400544,24447442
2004-07-20,63.39478302001953,65.80177751330105,62.89759890267295,65.80177751330105,20815021
2004-07-21,63.68675994873047,64.5469661466159,62.82655375084504,63.694652555820426,19133108
2004-07-22,63.213260650634766,65.02837196050089,62.83445317276961,65.02837196050089,29950159
2004-07-23,64.5232925415039,64.6969110401505,62.31358884835243,63.292171553381074,32229111
2004-07-26,66.09376525878906,66.63829863570204,63.94719589806729,64.744267586115,23703542
2004-07-27,65.34403228759766,67.20649260290912,65.05992987581722,66.29104451614734,24233890
2004-07-28,65.24934387207031,66.25159821980655,64.65745485192782,65.65971548358738,27111030
2004-07-29,63.986656188964844,66.27528004716265,63.7735809046213,66.13322566831783,40329566
2004-07-30,66.78034973144531,67.46693751028543,64.71270007077962,64.72848528691755,45983073
2004-08-02,67.064453125,68.09038526524932,66.4567851915038,67.15915184640998,31910044
2004-08-03,67.50640869140625,68.64283138554165,66.14902434374308,66.29107246756628,37523782
2004-08-04,67.23017883300781,68.40605794329775,66.60672568645707,67.50638867291586,35056379
2004-08-05,68.80854797363281,69.27416161443357,67.6405612833662,67.86942179942595,33614855
2004-08-06,67.11180877685547,69.19524368241014,66.57516797607289,68.80065097705831,31144039
2004-08-09,67.27752685546875,67.45903797063336,65.69127617861213,67.0644515951952,24243617
2004-08-10,68.44551849365234,69.01372970374454,66.80402572619832,67.5537480651351,37685223
2004-08-11,66.56729125976562,68.76910324578833,66.18059107027322,68.50077963937724,36748948
2004-08-12,64.56275939941406,67.06445851757667,64.09713951059287,66.44889792714594,34325587
2004-08-13,63.24482727050781,64.69691623087999,62.7397506637964,64.69691623087999,47072696
2004-08-16,62.13998794555664,63.13434986190488,61.08248515663295,63.13434986190488,29383819
2004-08-17,62.266239166259766,65.81754147294878,61.9032169571873,63.13433165496179,29490556
2004-08-18,60.9404182434082,62.50299742057058,60.632637972446155,62.50299742057058,24054086
2004-08-19,62.54246139526367,62.77921451042877,60.84572654729791,60.92464634699422,26279226
2004-08-20,60.35643005371094,62.32938089368917,60.024971949839426,62.32938089368917,34038598
2004-08-23,58.8648796081543,61.08246969067418,58.517636316532716,60.451123964019324,27272591
2004-08-24,60.23804473876953,60.50636822589484,59.03060161455048,59.172649680744094,27877442
2004-08-25,60.47481155395508,60.908861025653515,59.53569170326973,60.608973328031226,17062687
2004-08-26,60.545833587646484,61.319227448905096,60.22226809254133,60.782586682237415,27546769
2004-08-27,59.50412368774414,60.90886350060145,58.89645565945934,60.82994369783388,21675651
2004-08-30,61.40604019165039,61.66646482679785,60.45902152408537,61.208743850417264,16318427
2004-08-31,61.650691986083984,61.87165988838476,60.64053864088282,61.55598696800939,17967334
2004-09-01,61.97425079345703,62.226789127974236,61.16140009864417,61.95057925204849,20189353
2004-09-02,60.99567413330078,62.17154711223411,60.79048516565842,62.1557618953561,14154247
2004-09-03,60.55371856689453,61.08246665927551,60.064427224000255,60.96409012689286,15499460
2004-09-06,61.84797668457031,62.100514998909816,60.806265563805006,60.90885689753414,18950209
2004-09-07,61.89533233642578,62.810780584018325,61.72170753236086,62.810780584018325,16096448
2004-09-08,63.00017166137695,63.292172985262305,62.28201983003251,62.45564461652972,28510514
2004-09-09,62.321495056152344,63.43423346848506,61.81641837973669,63.165916197082254,16845529
2004-09-10,62.45564651489258,62.581909379211325,61.25608960659622,62.18732300389818,21621437
2004-09-13,62.15574645996094,63.26059825641862,61.958456433675344,62.66082300323813,16327361
2004-09-14,61.66646194458008,62.34515705363276,60.78258418008747,62.34515705363276,21475990
2004-09-15,60.916748046875,62.47932097453516,60.46691339973731,61.698034510705085,24885550
2004-09-16,61.40604019165039,61.776955050956275,60.553726532803545,61.00355490146401,15982536
2004-09-17,64.03400421142578,64.34967079627049,61.51652015241712,61.87164977330962,30358987
2004-09-20,64.8784408569336,65.78599664609575,64.08136902750866,64.10504057092409,39344034
2004-09-21,65.31248474121094,65.75442054206806,64.74427348934962,64.83897222269789,19481497
2004-09-22,65.11518096923828,65.65971433380916,64.58642653581317,65.50187475096581,20260772
2004-09-23,64.72848510742188,65.41507288435805,64.23919367989186,64.71269989132772,24295764
2004-09-24,64.9731216430664,66.23580678983602,64.39702417624541,64.82318096312339,24588599
2004-09-27,64.66533660888672,65.75440317435614,64.2628576725775,65.26511185213751,18829158
2004-09-28,62.534568786621094,64.23919624294123,62.321493496543006,64.04979249402523,31468481
2004-09-29,62.400413513183594,62.660844480565245,61.20086259567037,62.660844480565245,23652840
2004-09-30,63.647308349609375,64.34178242267079,62.305703282013134,62.692403357188255,31843473
2004-10-01,65.88858032226562,66.51992613854793,63.023858892260705,63.607855343302774,16898814
2004-10-04,66.63829803466797,67.85363393309976,66.3778671181688,66.6067276040992,21626739
2004-10-05,68.99002838134766,69.34515791022258,66.62249190492689,67.15913250082151,28264473
2004-10-06,67.4195785522461,68.97425873859298,67.09601308707877,68.97425873859298,16250823
2004-10-07,67.82205963134766,68.29556579146583,66.81980534469238,67.69579048412642,20331095
2004-10-08,66.8671646118164,68.1850919618058,66.47257189730139,67.94833884666633,13432134
2004-10-11,65.64392852783203,67.73525585225707,65.35982607876386,67.20650142359166,7600471
2004-10-12,64.23128509521484,66.29104162976425,63.92350487755281,66.11742314768449,14848145
2004-10-13,64.23128509521484,64.23128509521484,64.23128509521484,64.23128509521484,0
2004-10-14,64.19184875488281,64.69692543343685,62.87392136619541,64.24709073110915,15107827
2004-10-15,63.5762939453125,65.40719078879502,63.2921914295737,64.19185463268374,18820386
2004-10-18,64.05767822265625,64.84685728308727,63.71044119556509,64.52329807853909,11842226
2004-10-19,65.69917297363281,66.29105571647905,64.23919135199652,64.5548642428223,10334382
2004-10-20,64.94156646728516,66.98553829160369,64.60221574195336,66.29105790881951,23628971
2004-10-21,64.64956665039062,66.05430638163338,64.39703460726977,64.87054082851651,14922663
2004-10-22,64.64956665039062,64.64956665039062,64.64956665039062,64.64956665039062,0
2004-10-25,62.021602630615234,64.67324241215736,61.72960127183148,64.2391929618847,13287230
2004-10-26,63.65520095825195,64.03400842570363,61.93478842318478,62.345160037629086,17923551
2004-10-27,64.56275939941406,64.99680885594465,63.03175053140986,63.90774205254368,12242329
2004-10-28,65.99906158447266,66.51203082482631,64.71269846357552,64.71269846357552,15042096
2004-10-29,65.77808380126953,67.7825985298785,65.39138377722767,66.30683189387824,27272121
2004-11-01,65.62814331054688,65.97538661931009,64.30232350304556,65.97538661931009,17083117
2004-11-02,66.19635772705078,66.74089111330717,65.8175502538489,65.8175502538489,11383317
2004-11-03,66.2121353149414,66.60672167446008,65.51765502741054,66.29104881649151,12018059
2004-11-04,65.92802429199219,67.23806503570313,65.22565770604156,66.76455890729393,13373944
2004-11-05,66.37784576416016,66.75665310558186,65.18618807201581,65.9832594964535,14575730
2004-11-08,67.81417083740234,68.89535125677021,66.6146201552718,66.6146201552718,25815136
2004-11-09,67.1039047241211,68.09038003533381,66.65407640608963,68.09038003533381,10263032
2004-11-10,67.69580078125,67.94833911410576,67.13548842464064,67.71158599803447,8799393
2004-11-11,68.0824966430664,68.42184107922623,67.55374846907664,67.8694150815364,9698524
2004-11-12,67.90887451171875,68.8006448981713,67.2380719990284,68.65859053136808,1793325
2004-11-15,67.90887451171875,67.90887451171875,67.90887451171875,67.90887451171875,0
2004-11-16,69.38463592529297,70.06332470900276,67.71157293485918,68.50075193082007,12415365
2004-11-17,70.24483489990234,70.55261514419112,69.41619916431397,70.23694857705821,12593265
2004-11-18,70.21326446533203,70.86828164512805,69.4477633685471,70.3947755529344,9498597
2004-11-19,68.79275512695312,71.02613691478979,68.65859336209907,70.78937753238199,9783771
2004-11-22,68.05880737304688,68.81642219694892,66.76455814143121,68.81642219694892,7417301
2004-11-23,70.08700561523438,70.52105502471055,68.37448579898074,68.63491670145105,9938371
2004-11-24,72.32828521728516,72.92016801473028,69.88182794261336,70.3947972230151,16453322
2004-11-25,73.70933532714844,74.41170824664235,72.09152051281524,72.62026864129865,17357468
2004-11-26,73.70933532714844,73.70933532714844,73.70933532714844,73.70933532714844,0
2004-11-29,77.3395767211914,78.12875588312426,73.08590059849865,73.23584130878618,19436984
2004-11-30,76.32941436767578,77.95512815093379,75.70596749056095,77.95512815093379,13188556
2004-12-01,75.67440795898438,77.15017497826366,74.51431386948731,76.7240180940387,19059336
2004-12-02,77.37113189697266,78.36549991356068,75.92693551777442,75.92693551777442,13640853
2004-12-03,77.7657241821289,79.36775385376122,77.33956736058553,77.33956736058553,13705775
2004-12-06,78.17609405517578,79.37564470139041,77.71837309740766,78.60225086727026,15804281
2004-12-07,77.85252380371094,79.20202134002028,77.33956090948561,78.44441276709469,15117371
2004-12-08,76.31362915039062,78.27079458802713,76.12422543540103,78.20766001636393,11084628
2004-12-09,77.33168029785156,77.6236753794169,74.65636263099927,75.76121465998716,23924816
2004-12-10,76.321533203125,77.93934820422122,75.96639725680876,77.49740613630165,9212881
2004-12-13,76.09266662597656,76.850281601613,75.19300355535105,76.3609901674954,16885246
2004-12-14,76.92131042480469,77.33957467834946,75.91904971082238,76.39255593869014,9580928
2004-12-15,78.0735092163086,78.41285365914143,77.19751769710962,77.33957207425637,14354341
2004-12-16,79.09944152832031,79.86494281955565,78.28658458869884,78.28658458869884,16380823
2004-12-17,77.91566467285156,79.15467838033103,77.37902391450332,79.07575858871644,11187226
2004-12-20,77.98670959472656,78.23924795819373,76.90553522456683,77.57633789605474,7461470
2004-12-21,79.50981903076172,80.01489571278348,77.97092372660326,78.44442997403664,14203566
2004-12-22,79.48612213134766,80.63832323169542,78.60223821978325,80.29897258774902,15948241
2004-12-23,80.5752182006836,81.08028862278435,79.62819937688646,80.3384650657154,10955745
2004-12-24,80.83563232421875,81.44330030034139,80.22796434809611,81.14341261627591,6009285
2004-12-27,80.81195831298828,81.19076578146317,79.88072485730169,80.51207063809316,5080237
2004-12-28,80.5752182006836,81.72741972336016,80.07014149465846,80.93824051215806,11436529
2004-12-29,80.18061065673828,81.36438239705255,79.58872792854277,81.28546260531874,7343143
2004-12-30,78.4365234375,80.77249010920744,78.1918777485777,80.16482219052446,15272733
2004-12-31,79.74656677246094,80.14115947464079,78.64960735518017,78.64960735518017,7127202
2005-01-03,82.14566802978516,82.61128160009812,80.25952964215091,80.48049751607778,15380737
2005-01-04,82.04308319091797,83.0137734457694,81.75897443462334,82.63496595999234,9263718
2005-01-05,79.50192260742188,81.97205763847803,75.76121589147742,81.52222295464603,20087981
2005-01-06,77.84465026855469,80.40159140457207,77.21330445080086,79.07576518728904,15730697
2005-01-07,77.77362060546875,78.60225646648786,76.77135993714559,77.03968347213956,10121770
2005-01-10,74.9720230102539,78.4128414007776,72.64394278701221,78.4128414007776,8576881
2005-01-11,75.7848892211914,76.55039683420938,75.12987184261519,75.76121767975125,10674187
2005-01-12,74.75894165039062,78.76008486308469,74.1828441903279,78.76008486308469,16063264
2005-01-13,76.91342163085938,77.73416496201018,75.28771390205841,75.60338054700925,11250520
2005-01-14,76.25050354003906,77.49740362202533,75.28770592196487,76.65298255424146,9420040
2005-01-17,74.63268280029297,76.30574601507949,73.26740615900171,76.07688552086354,14567271
2005-01-18,73.89873504638672,75.27191038212158,73.55149805101766,75.1298560276876,12941111
2005-01-19,72.80178833007812,74.93257259333635,72.33617472059855,74.11182932063434,8911400
2005-01-20,74.5853271484375,75.28770007164839,71.81531105975249,73.30685673429296,14159340
2005-01-24,72.9596176147461,74.89310525278111,72.6044880017098,74.89310525278111,7988875
2005-01-25,75.50078582763672,75.91905008323323,72.14677289058109,72.5729297545373,9229575
2005-01-27,75.85591125488281,76.6214188158435,75.28770632402427,75.84012603904688,12519211
2005-01-28,77.65523529052734,77.8130685801736,75.8006611465889,75.8006611465889,15028393
2005-01-31,79.61241149902344,80.16483122927355,77.97091867277318,78.60225820045486,18842590
2005-02-01,77.7657241821289,79.9912070128895,77.3553525757339,79.707104559835,19039866
2005-02-02,76.63719940185547,78.50755900107728,76.25839820108176,78.08140215177367,11498101
2005-02-03,77.84465026855469,78.2550219081328,76.94498090727456,77.02390070547472,12649545
2005-02-04,77.4184799194336,78.83900473513883,76.9686515646052,78.12874546924779,12226768
2005-02-07,77.7578353881836,78.06561567905571,76.73979578787896,77.65524405253406,13874042
2005-02-08,77.70259094238281,78.44442066004109,77.18172910491069,78.03404276266204,13580545
2005-02-09,78.9100341796875,79.23359967591824,77.52897236179496,78.41285016574766,11249033
2005-02-10,78.9810562133789,79.86493395967868,78.13663521910013,78.94948578462377,13107713
2005-02-11,79.55716705322266,79.75446341429118,78.76798789287254,78.91793488678333,9121366
2005-02-14,80.23585510253906,80.93822807441244,79.47035383603782,80.02277982738063,12189410
2005-02-15,80.10960388183594,80.49630404753442,78.76011217452914,80.02279774434433,10614489
2005-02-16,77.63157653808594,80.49629826405696,77.18174181202006,80.48051304603814,11003921
2005-02-17,77.11861419677734,77.7341749159255,65.40719416529114,77.7341749159255,11148370
2005-02-18,75.54022216796875,80.65410315322741,75.14563584410287,80.33843660770357,10144173
2005-02-21,75.28771209716797,77.10282353977982,75.12987249455234,77.10282353977982,8936829
2005-02-22,76.28205108642578,76.47145478245524,75.14563519417118,75.60335607996744,7624398
2005-02-23,75.49288940429688,76.51093528846879,75.20878693732428,76.07688583808729,6189335
2005-02-24,74.46695709228516,76.04531530024128,74.19074723365843,75.60337324251498,14961227
2005-02-25,74.20652770996094,75.12986860045504,73.5515103596514,74.19074877765641,10858333
2005-02-28,75.12195587158203,75.60335456621407,72.65972044034298,75.12984847758216,12910829
2005-03-01,73.44890594482422,75.20877500714562,73.10166895316976,75.20877500714562,7763765
2005-03-02,73.16481018066406,74.09604367819117,72.64395460105148,73.86718317884277,8569523
2005-03-03,75.61915588378906,75.76121025420255,73.0780001352484,73.0780001352484,11474837
2005-03-04,76.92919921875,77.22908690045853,75.6033730489653,75.76121263971095,15121175
2005-03-07,75.6033706665039,77.79728938055948,75.03516575271104,77.79728938055948,9214034
2005-03-08,76.13213348388672,76.61353233398756,75.46922348892943,76.07689150796728,9349508
2005-03-09,73.91453552246094,76.39255692640911,73.17270573778391,76.39255692640911,14510881
2005-03-10,73.843505859375,77.02390018337583,73.42524161441965,77.02390018337583,9934937
2005-03-11,72.97541046142578,74.60901062260716,72.47822643760462,74.24598836456684,13519704
2005-03-14,73.3699951171875,74.1197174389694,72.63605801075006,73.0937852682761,8916013
2005-03-15,72.03627014160156,74.02499955974373,71.83108122957077,73.78824650643554,7928211
2005-03-16,72.10731506347656,72.99908553604008,71.60223840733677,72.44665951436814,6915925
2005-03-17,71.53121185302734,72.41509600913018,71.23132415675911,72.41509600913018,9198817
2005-03-18,72.75443267822266,73.07799816480744,70.47370790896201,71.65747335074487,14435163
2005-03-21,71.12873077392578,73.14113846641932,70.8682998427767,72.8886001433564,7375033
2005-03-22,68.5796890258789,71.0103611983244,67.56164930942687,71.0103611983244,12231893
2005-03-23,66.78822326660156,69.33727102014596,65.88066785669822,68.34290951412072,12970120
2005-03-24,65.67549896240234,67.85363240123537,64.79161490135746,67.2380718582742,14104558
2005-03-28,65.96749114990234,66.76456277810011,65.20987627338543,66.25948619375549,11792605
2005-03-29,64.3812484741211,66.84348455989854,63.607854571502216,65.97539192794822,16037167
2005-03-30,64.90210723876953,65.6439370293291,63.852497136891074,64.62589736139307,11378746
2005-03-31,65.29670715332031,66.60674205993209,64.44439331790976,65.32037869746111,19742676
2005-04-01,68.37449645996094,68.65859894445677,64.66535380892415,65.65972193054544,18612090
2005-04-04,67.13549041748047,68.50076717961328,66.69354832186434,68.26401405651421,13797952
2005-04-05,64.14449310302734,67.39590819286845,63.93930415148608,67.39590819286845,12242267
2005-04-06,65.06783294677734,65.64393046941666,64.14449210509174,64.39703041569875,11477775
2005-04-07,66.61461639404297,67.08022994686158,65.1862053068277,65.50187189088473,14158840
2005-04-08,66.71722412109375,67.50640334309004,66.10166344818722,67.08024643753355,10284740
2005-04-11,66.11743927001953,67.75893206984436,65.20199099989085,65.50187868459477,13238772
2005-04-12,66.4331283569336,66.92241990128414,65.48611570795839,66.44891357679654,5348983
2005-04-13,66.9697494506836,67.39590627334455,65.62814440586489,66.64619024283286,16356751
2005-04-15,64.72848510742188,66.6067310209948,64.34178501665666,66.54359644054178,16954312
2005-04-18,66.40943908691406,66.76457505302629,63.15013107864563,64.39703755451427,11268930
2005-04-19,65.54133605957031,67.39590397962988,64.87053355999068,66.60672493800224,9562272
2005-04-20,68.28768920898438,68.64281887972992,65.6597208479741,66.2121468748862,10024270
2005-04-21,69.36885070800781,69.52668399362285,67.09601243483064,67.8694062170129,10462942
2005-04-22,68.99002838134766,70.55260082196583,68.11404346690712,70.55260082196583,9852194
2005-04-25,70.12646484375,70.71046124312639,67.95622400365501,69.76344260248487,7036198
2005-04-26,68.57178497314453,70.22117028402899,68.22454794472355,69.9212826169521,7434976
2005-04-27,68.3666000366211,69.700312543526,67.7115826951795,68.0588197439566,12956709
2005-04-28,67.53006744384766,68.34292432800741,66.33051677838421,68.30346129037822,13344857
2005-04-29,65.26510620117188,67.23805653191556,64.87051990537616,67.23805653191556,9360958
2005-05-02,66.09376525878906,66.59094298942179,64.87053674168236,65.65971582201668,7982462
2005-05-03,66.9697494506836,67.71157915752364,65.73862834434676,66.4883506587817,9791165
2005-05-04,66.01484680175781,67.39590864931556,65.76230848551157,66.92240244831558,9502923
2005-05-05,66.33841705322266,67.5221826404526,66.03852935219615,66.45679361194566,7415475
2005-05-06,67.13549041748047,67.47483488487602,65.58869622478605,66.60673591089679,9568075
2005-05-09,68.99002838134766,69.32148637865036,67.08021273309777,67.08021273309777,8995348
2005-05-10,67.5774154663086,69.13210202001899,67.2222858382205,68.81642914485522,10037227
2005-05-11,67.75892639160156,68.49286346780178,66.95396841712387,67.44325980125735,8637477
2005-05-12,68.40606689453125,68.7059545959258,67.75104323260797,67.86941979147623,4960215
2005-05-13,68.26400756835938,68.72172855380035,67.96411988867514,68.50076066895622,6320900
2005-05-16,70.82093048095703,71.02611938148875,68.3429098824704,68.3429098824704,9400706
2005-05-17,70.49737548828125,71.7206038987086,69.45565818766174,71.34179646504282,15399941
2005-05-18,68.94270324707031,70.23695898624652,68.34292788313887,70.23695898624652,15104779
2005-05-19,68.77699279785156,70.07913515384948,68.34294325121061,68.98217551464279,6767791
2005-05-20,68.20088195800781,68.81644261407811,67.80629549976426,68.65860300364125,4236191
2005-05-23,68.33503723144531,69.17156572172226,67.86941733733275,68.20087546053281,3158456
2005-05-24,70.30797576904297,70.78937455356039,68.48497196028656,68.658590472941,8327469
2005-05-25,70.00019836425781,70.536845423072,69.47934280496119,70.20538731521167,5836489
2005-05-26,71.05769348144531,71.46806505611038,69.47144286368707,70.00019097496558,11571638
2005-05-27,69.59771728515625,71.57066809022778,69.21101721813511,70.67889141059507,9368347
2005-05-30,68.20088195800781,70.20539725273127,67.91677945671547,69.60562181448952,10767299
2005-05-31,68.3508071899414,69.03738853971684,68.12194045609397,68.18507502337562,6156642
2005-06-01,69.1873550415039,69.76345263228619,68.21666472274345,69.1321130650148,7624346
2005-06-02,68.9111328125,70.03177002879995,68.57968098272576,70.03177002879995,5950401
2005-06-03,69.19522857666016,69.41619642170735,68.18507549319335,68.50074833177673,4167679
2005-06-06,68.83220672607422,69.66873503954456,68.53231909890707,69.16365849529573,5722770
2005-06-07,68.81643676757812,69.11632446122117,68.53233429042254,68.85589352487303,3912762
2005-06-08,69.17156219482422,69.3688585370521,68.61124359918026,69.05318564627217,4756865
2005-06-09,68.7059326171875,69.74764977234172,68.37447458803402,69.28992261626519,6792615
2005-06-10,66.72511291503906,68.95849494988937,66.5514943758764,68.95849494988937,10034571
2005-06-13,66.91452026367188,67.30911301525293,66.18847563333019,66.75668693339412,6563737
2005-06-14,66.27528381347656,67.00132839741232,65.66761579066406,66.60673567105208,4888822
2005-06-15,66.68565368652344,67.15126730994407,66.17268441278297,66.27528203788539,2828567
2005-06-16,67.427490234375,67.71159274518531,66.15691211902053,66.92241351833488,6693315
2005-06-17,66.20423889160156,67.53795114120342,65.95170061978449,67.53795114120342,6470073
2005-06-20,65.33615112304688,66.51203029215247,65.16253260300296,66.35419070380462,6363467
2005-06-21,65.90436553955078,66.44100634143619,65.35983212947127,65.50188022519394,5851158
2005-06-22,67.15914916992188,68.01146276433697,66.13321707055894,66.29105036125982,12573999
2005-06-23,69.41136169433594,69.92358728556376,67.32178245800715,69.19183089171023,13060497
2005-06-24,70.04553985595703,70.47646341543967,68.54136990484515,69.27312615972718,7415673
2005-06-27,70.4032974243164,72.60670449339698,68.98856067632065,69.11052007106692,16547795
2005-06-28,67.8990478515625,70.88299332320615,67.4843807897475,70.49272072647966,7097592
2005-06-29,69.8829116821289,70.73662717408737,67.66324881339135,67.87464157758704,6683254
2005-06-30,69.18367767333984,70.57401956428896,68.638926293947,69.8829143624444,5828328
2005-07-01,69.60647583007812,70.37075146534416,69.05358649198088,69.5983443428574,5653856
2005-07-04,69.43573760986328,70.08619194065035,68.72024432011247,70.08619194065035,4451585
2005-07-05,72.10258483886719,72.598553776026,69.13489622917845,69.4357288916022,17206307
2005-07-06,72.05380249023438,73.45227601640339,71.43587413423823,72.11884792108212,10211589
2005-07-07,71.02120971679688,72.76929829288258,70.47645830923877,72.3546377399823,8285508
2005-07-08,70.75289154052734,72.34650116087724,70.00487241594436,71.54969958775926,5186207
2005-07-11,72.96443939208984,73.12704973409069,70.92364302123045,70.98056343875132,9812467
2005-07-12,76.05409240722656,76.81837465774609,73.01322638259316,73.01322638259316,17111593
2005-07-13,74.96459197998047,76.8996858306932,74.4767543909819,76.26549437534867,5302587
2005-07-14,74.07019805908203,75.76950413028972,73.7124514569691,74.7938292248493,7058376
2005-07-15,75.41989135742188,75.61502763939185,73.70432225809061,74.16777173703362,4092764
2005-07-18,76.19231414794922,76.4281014225203,75.49307733877711,75.5499912852558,4693237
2005-07-19,77.5257339477539,77.74526471372104,75.33859014711352,76.4118365633512,7604552
2005-07-20,76.4443588256836,78.05423174569802,75.83456191043622,77.6476961527896,6306304
2005-07-21,75.0052490234375,77.19239980943847,74.55806884674905,76.59885928044524,4654679
2005-07-22,76.68013763427734,77.07853518668169,74.88326024547513,75.08652800231799,5057209
2005-07-25,77.00537872314453,77.4850847601522,75.97278325134342,77.40377634783873,6304603
2005-07-26,77.73714447021484,78.05424019529305,75.94839802636528,76.46063008026977,5946905
2005-07-27,78.09486389160156,78.94857936717098,75.12717549586121,75.12717549586121,3769632
2005-07-28,78.09486389160156,78.09486389160156,78.09486389160156,78.09486389160156,0
2005-07-29,78.2005844116211,79.92428534255158,76.42810749310914,77.89162018871815,10905914
2005-08-01,81.47722625732422,81.92441278597705,78.17618520236648,78.65589120944684,13521170
2005-08-02,85.68077850341797,86.41253480299936,81.68050037378859,81.92441914031572,26654527
2005-08-03,83.03019714355469,85.84340780440054,82.31470371753764,85.69705393357151,19856213
2005-08-04,81.57479858398438,84.05464352941314,81.20078897011267,82.31468632349822,16318108
2005-08-05,81.753662109375,83.7050183531605,81.41217201521407,81.95692986842046,11347404
2005-08-08,77.81845092773438,82.72122759704357,77.26556143962745,82.11956212060646,12248565
2005-08-09,76.66387939453125,78.42823094362628,75.96464267020602,77.8916045503494,9844325
2005-08-10,78.21682739257812,78.52579153648841,76.96470784249067,77.15984411350465,7781998
2005-08-11,80.86742401123047,82.0382352167215,78.46888118708424,78.46888118708424,23248265
2005-08-12,81.2007827758789,82.1845891907732,80.00557710548618,81.63170630037074,16059496
2005-08-16,80.14379119873047,82.10327897165602,79.56652033239085,81.3064773670674,4969707
2005-08-17,80.3877182006836,81.66422579929377,79.02989572595803,80.1681874575151,10593683
2005-08-18,80.16007232666016,82.28217090640048,79.6803662526096,80.98126857950504,9300612
2005-08-19,79.78606414794922,80.97313859535025,79.35514052739772,80.493432512383,6291171
2005-08-22,77.56639099121094,80.44464008054766,76.95658762718097,80.44464008054766,6638125
2005-08-23,77.70460510253906,78.83476543230857,77.10293971473845,77.64769115905061,6229511
2005-08-24,76.97285461425781,77.97292415546752,76.10287594622297,77.97292415546752,6870332
2005-08-25,76.30614471435547,77.241168830858,75.53373095432997,77.241168830858,6228650
2005-08-26,76.85902404785156,77.89161303441412,76.59071082198807,76.59071082198807,5468547
2005-08-29,75.59063720703125,76.91593381309062,73.39536201045448,76.91593381309062,7129143
2005-08-30,75.90774536132812,76.41184591437053,75.28981690420177,75.4768217392299,3341126
2005-08-31,75.0377426147461,76.07033138462825,74.76942944518593,75.94024054327264,7231199
2005-09-01,76.31427764892578,76.8021152017134,75.28981360877935,75.64756028427487,4143231
2005-09-02,80.11942291259766,81.11136103707325,76.90781476807956,76.91594625750848,18042416
2005-09-05,80.56660461425781,81.29022944004878,79.84297331435145,80.3308173316172,5990786
2005-09-06,80.5584716796875,81.13574911664325,79.53400767816363,80.57473465726477,5669569
2005-09-08,83.13587951660156,83.3147528289508,80.66415967313075,80.66415967313075,10769459
2005-09-09,83.2822265625,83.85137244915953,82.70495566204518,82.93261142706315,7132467
2005-09-12,82.98139190673828,84.14407811613306,82.16832729857936,83.69689161052848,10064864
2005-09-13,83.79447174072266,84.47744561774637,83.03832093506861,83.03832093506861,6316141
2005-09-14,85.10350036621094,85.92469656133376,83.43671998398287,83.82699259685386,14465257
2005-09-15,84.62378692626953,85.36367464381873,84.33108572926805,85.20919579438711,5256326
2005-09-16,85.17668151855469,86.32310494797838,84.55875308789264,84.55875308789264,9376816
2005-09-19,85.84339904785156,87.2906487321531,84.96528886068235,85.12789922070365,8056088
2005-09-20,84.9408950805664,86.02227308209811,84.57501691197157,85.76209132466651,7854090
2005-09-21,84.17660522460938,85.20920067238804,81.79432512404816,84.94088744987626,8191244
2005-09-22,81.33087158203125,84.53434096550271,80.49341254284273,84.23350830210374,7610971
2005-09-23,83.32289123535156,84.72135837261513,80.24950577023377,81.79432675435086,9254978
2005-09-26,84.61564636230469,85.33927750037459,83.09521365034882,84.3229451966987,6342311
2005-09-27,88.80294036865234,89.35582977376308,84.92462188935981,89.27452136581476,18697869
2005-09-28,87.3069076538086,89.11191040487518,86.22552971127065,89.11191040487518,17988197
2005-09-29,87.15242004394531,88.70537238466915,86.67270757519914,87.30689889216795,8287966
2005-09-30,86.8759765625,87.61586428457687,84.23351486298431,86.99793593483982,9065681
2005-10-03,89.99000549316406,90.31523261779058,86.99792889482842,86.99792889482842,11198874
2005-10-04,92.49425506591797,92.99835554737375,89.77862283598583,90.09571850896978,13765379
2005-10-05,92.884521484375,93.746368548885,90.73802883674132,92.36416453503536,9602203
2005-10-06,90.33151245117188,92.28286908899962,89.92497685098823,91.06326876256402,9112620
2005-10-07,88.83545684814453,91.32343300936803,88.23378505207248,89.45338514478082,13422965
2005-10-10,87.67278289794922,89.38835216426517,87.20120835954025,89.38835216426517,6523770
2005-10-11,90.86812591552734,91.14457062169771,86.38001050321952,87.81100354160253,11333330
2005-10-13,87.93295288085938,91.45352436794124,87.48576639351273,90.73802469336378,9979121
2005-10-14,86.90848541259766,88.62405437771281,86.37999702179157,88.11995397392349,8961100
2005-10-17,85.66450500488281,88.29883512877531,84.36360291847174,87.01419601789942,13320430
2005-10-18,84.49369812011719,87.22559328949589,83.7619418727725,85.71329833980647,12317203
2005-10-19,81.9244155883789,85.17667429988855,80.5747309422307,83.19279829861986,20662055
2005-10-20,81.61544799804688,85.1604077741454,79.70474252389714,83.58306741460589,15155617
2005-10-21,83.39605712890625,83.5830619199904,81.18451911194335,82.0951486047432,13419161
2005-10-24,84.20912170410156,85.44497832771691,83.17652637249965,83.74567223318867,11704759
2005-10-25,84.58314514160156,85.12789662890879,82.85131281322995,84.50996821587947,14349049
2005-10-26,81.04630279541016,84.71322844998777,80.68042467358981,84.71322844998777,13995682
2005-10-27,78.74533081054688,81.30648412497398,78.10300799138511,81.24143869424728,16410682
2005-10-28,75.06214141845703,78.68841605118827,74.20842581388062,78.68841605118827,11971444
2005-10-31,76.7533187866211,77.38751013308175,75.15971540628166,75.6150334324279,10515225
2005-11-02,78.17617797851562,79.35512064105242,77.17610861608827,78.86728319091502,10810601
2005-11-04,78.17617797851562,78.17617797851562,78.17617797851562,78.17617797851562,0
2005-11-07,80.18446350097656,80.81865489689179,78.58272203331492,78.58272203331492,19801096
2005-11-08,81.50975036621094,82.22524361658004,79.84296366310433,79.84296366310433,16484804
2005-11-09,80.67229461669922,82.68056505238344,80.04623475960207,81.29022298550746,9763993
2005-11-10,81.0788345336914,81.5829350819655,80.23325027639564,81.3146283031958,6187931
2005-11-11,83.52615356445312,83.90828818559044,81.30648391158076,81.58292213585763,7844357
2005-11-14,83.52615356445312,84.95714656256992,82.41224975691766,82.93261320136548,8433355
2005-11-16,84.42864990234375,84.8351854535282,83.2578386504096,83.42044898641464,11131192
2005-11-17,86.33937072753906,86.98981866160136,84.6400642510252,86.34750221690575,12822811
2005-11-18,88.77855682373047,89.111909012193,86.68084640724798,86.83533174267414,11939758
2005-11-21,88.6484603881836,90.103847853972,88.28258226823944,89.59161589640429,9853744
2005-11-22,87.35569763183594,89.07939859210578,86.92477401029743,88.29885329520265,7493954
2005-11-23,89.4778060913086,90.57544067293193,71.71233317110463,86.92477727570142,8568193
2005-11-24,90.46160125732422,91.46167078301109,89.76236444339153,89.8436728563926,12371234
2005-11-25,93.29105377197266,93.56749197545015,89.81113321023115,90.54289586745632,11845342
2005-11-28,95.3806381225586,95.87660712882544,92.85201063427183,93.33984815202741,14535016
2005-11-29,93.7545166015625,95.15299031212606,93.09593719224313,94.9659854830458,10502633
2005-11-30,90.38031005859375,94.79525608183496,90.12012826672701,93.74639742410763,9613177
2005-12-01,93.14471435546875,93.48620451155195,89.11191028877124,89.11191028877124,14352039
2005-12-02,92.2828598022461,94.29926167422089,91.59988601885378,93.48619702979055,20438019
2005-12-05,90.38031005859375,92.68941375023635,89.61602766351432,92.3479300039986,6658800
2005-12-06,89.2338638305664,91.80314866234099,88.70537536474743,90.07132295143978,11128572
2005-12-07,91.14457702636719,91.40475877419506,89.58349301351531,90.18515844978074,9259612
2005-12-08,91.92511749267578,92.20156222337492,89.45340379091378,90.9006599343362,7043055
2005-12-09,93.689453125,94.13663962568471,92.03893593780589,92.30724265892522,11351965
2005-12-12,96.24249267578125,96.91733501350357,93.82768658085905,93.82768658085905,10303771
2005-12-13,101.7225341796875,102.40550792486856,95.61642143706489,95.61642143706489,28203762
2005-12-14,100.29155731201172,103.42185684257824,99.70614837641077,102.27543343815297,18894263
2005-12-15,99.38905334472656,101.21845061588422,97.68162193415381,100.32408393981316,9739952
2005-12-16,100.67369079589844,100.97452349270432,97.99870952964605,99.4053081022143,12630002
2005-12-19,101.332275390625,101.9258158008367,99.37279377851846,101.00705468613897,12547145
2005-12-20,102.87709045410156,103.58445219880738,100.83629420100664,101.30787517159163,12217855
2005-12-21,102.0396499633789,103.96661221306124,101.08023134609442,103.25925033952805,15857081
2005-12-22,103.34867858886719,104.07230987867675,101.69002967047598,102.12095325918715,12314520
2005-12-23,103.96659088134766,104.6739590838597,102.30794222007808,103.90154545497742,13112712
2005-12-26,103.6007308959961,104.62519492188278,101.16966818087616,103.58446791803208,13352611
2005-12-27,107.25138092041016,108.21893087999194,102.6087803602457,103.56819883183336,21134787
2005-12-28,104.38941192626953,107.64980248799368,103.8527854243351,107.48718564990386,14460754
2005-12-29,106.68224334716797,107.55222199277769,103.275499214153,104.72275528533149,18651635
2005-12-30,106.25131225585938,107.16194180610634,104.73087936864863,106.47896802489244,6462600
2006-01-02,103.99913024902344,106.84485992721983,103.78773096751794,106.84485992721983,5214819
2006-01-03,104.95854187011719,105.66590364311718,103.99099190111595,103.99099190111595,4765590
2006-01-04,107.19447326660156,110.41420604718523,105.68217178973318,106.10496387142642,5389473
2006-01-05,105.21871185302734,107.64978064893887,104.88535970339062,107.32455351285418,8171570
2006-01-06,105.22686004638672,107.21887414336234,103.77147242767361,105.45452231484659,10202258
2006-01-09,104.95854187011719,106.2513125173619,104.39752098597764,104.88536495157226,4413465
2006-01-10,103.49503326416016,105.45452138808587,103.2592459829305,104.88537543311111,6767019
2006-01-12,104.38941192626953,105.2756536241004,101.1452778690618,103.0966346073298,7638247
2006-01-13,104.67395782470703,106.78792444513877,104.39751314743039,104.90161357720719,14447306
2006-01-16,104.22677612304688,106.13748154117778,103.7470701336123,105.61711811256093,6369885
2006-01-17,102.3486099243164,105.6740457524521,100.99892519901702,105.04798584903055,5391148
2006-01-18,100.36471557617188,102.12093558230362,98.91745972118449,101.95831878226079,8405693
2006-01-19,104.2430419921875,105.04797514685008,101.21843919057015,101.64936273906164,5914864
2006-01-20,107.47090911865234,108.09696246405404,104.15359874988208,105.0479717703665,5451655
2006-01-23,104.85284423828125,106.93429164325899,104.26744180890144,106.93429164325899,7686533
2006-01-24,107.90184783935547,108.21894353764188,105.12929497011447,105.37321374200934,8152492
2006-01-25,109.9019775390625,111.22728071943155,108.30024258663082,108.62547623929227,10681321
2006-01-27,112.33302307128906,113.3249609020398,110.54427720183818,110.54427720183818,6766701
2006-01-30,111.90210723876953,114.44700403327374,111.30857335239662,113.01601751554017,8082884
2006-01-31,115.20316314697266,115.71539513850688,111.71511706993886,111.71511706993886,9321893
2006-02-01,114.95111083984375,117.44721884373952,113.50386126618604,115.12999063854183,12239924
2006-02-02,114.9348373413086,116.57722954030746,113.58515280493651,115.29258395772527,9475678
2006-02-03,116.8130111694336,119.3579077489199,113.50384541559357,113.50384541559357,20919921
2006-02-06,119.3010025024414,119.92706236769364,115.81295653149755,116.57723875123196,10430218
2006-02-07,124.34200286865234,125.2932963387383,119.09773686983283,119.76445415288003,18896256
2006-02-08,122.19552612304688,125.211997845409,121.79712199869564,125.01686800193104,12564465
2006-02-10,122.63459014892578,124.6265978623399,122.0166617012303,123.55334485702627,9814330
2006-02-13,128.70004272460938,129.7651642075009,121.95973748644931,123.26064625603492,13300469
2006-02-14,124.67536163330078,129.09842479809203,123.99238140884486,128.62685030523585,10586487
2006-02-15,125.2607650756836,126.95193325355712,124.39891801123645,125.86243042842266,10966881
2006-02-16,130.1716766357422,131.71649095776692,124.74039967520498,125.21197416461584,20014924
2006-02-17,125.75672149658203,132.04171349321473,125.30141002060665,129.60251342622243,19942697
2006-02-20,127.18775177001953,127.80568018727377,124.89490496092237,125.86244855732043,14437094
2006-02-21,129.06588745117188,130.0903512232839,127.66742707145515,127.8056494016788,8907544
2006-02-22,128.6837921142578,129.58628381159164,128.3504269601752,129.11470924033054,5407367
2006-02-23,127.69183349609375,129.73262995149807,127.12269403845539,129.2773183853874,12091226
2006-02-24,127.46414947509766,129.017108066138,126.06567618413153,127.65116072218272,8351698
2006-02-27,127.88699340820312,129.24480974813932,127.34223539500715,127.66746908428877,6301185
2006-02-28,132.72470092773438,133.73290187661684,126.85437502624085,129.24478653574508,18711401
2006-03-01,137.58682250976562,139.13976824158502,131.72461584352655,132.69217218496323,19397079
2006-03-02,140.4976043701172,144.0588337334008,138.38363750927797,138.38363750927797,20075958
2006-03-03,147.15658569335938,147.9777882116391,140.49758392901282,140.82281752073413,21409983
2006-03-06,150.7747344970703,153.15701442908275,147.97780047617692,147.97780047617692,15476171
2006-03-07,148.20547485351562,151.39268184816692,147.57941494939868,151.23007796663603,12892914
2006-03-08,143.0099639892578,149.360008505398,142.3920356619049,148.95347296291536,23180880
2006-03-09,142.4977264404297,144.31899834799205,137.13150151504743,143.09940471682071,27199878
2006-03-10,145.7012481689453,146.35170259749302,143.1156934339972,143.9125017274971,14757136
2006-03-13,144.51414489746094,147.1647381917519,143.8311775641471,147.1647381917519,10915464
2006-03-14,145.3109588623047,147.30296641958134,143.0994270068684,144.0913650411619,13908832
2006-03-16,149.449462890625,149.90477447522088,146.0264556725796,146.18907250203415,21760340
2006-03-17,152.5146942138672,153.48225065019653,149.6283137773703,149.92915293751318,20538092
2006-03-20,153.0757293701172,153.99449696403448,151.81547809235784,152.85620506966376,8581995
2006-03-21,147.441162109375,153.65297093312907,146.78257638579316,153.50663005964694,10922326
2006-03-22,149.1405029296875,150.07553358097263,145.7093769243596,146.83953742643152,15686002
2006-03-23,147.27044677734375,150.72598001633824,146.54682194233067,150.0755256344379,9413872
2006-03-24,147.83956909179688,148.75832358004982,146.16465101823076,147.28667974278622,8117325
2006-03-27,146.6280975341797,149.099823741211,146.0264321946328,148.62823630643715,7847316
2006-03-28,147.2297821044922,148.61199262103014,146.37605356186026,146.67689271858532,7109981
2006-03-29,146.9858856201172,148.12416461952844,145.86385665078515,147.64445855229846,5086583
2006-03-30,148.12416076660156,149.83160511776757,146.14028463604387,147.1647486570973,8797378
2006-03-31,151.53091430664062,152.3683800297112,147.50624137657815,148.3030496524419,7886924
2006-04-03,158.1085968017578,158.55577687393028,152.36836157024163,152.36836157024163,12825143
2006-04-04,156.5231170654297,158.3850336055002,154.48232073648268,158.05979997994828,7460854
2006-04-05,156.85646057128906,158.37689337399854,155.33602776857958,157.57195379083635,5212027
2006-04-07,150.83978271484375,158.38502638789214,147.97779686084615,157.8971889200244,13095006
2006-04-10,154.70184326171875,155.10024732697235,149.28682905555735,151.1812715263295,6198378
2006-04-12,146.88015747070312,154.48232196436507,146.02644185624507,154.48232196436507,7459795
2006-04-13,147.5143280029297,149.50633513853438,143.09939671530805,147.00209611683388,11937190
2006-04-17,151.1731414794922,152.04312006168544,147.1647322213289,147.1647322213289,11253750
2006-04-18,151.62033081054688,153.83186243459983,150.58773544084127,152.04311638525255,7075597
2006-04-19,150.20558166503906,153.66923264131796,148.95346212594328,151.73414587083974,4205059
2006-04-20,154.840087890625,155.73446105710119,148.22174199657866,150.51457591431932,12078890
2006-04-21,159.18182373046875,159.99489482024123,153.1814072553597,155.78321143581945,13962336
2006-04-24,156.0271453857422,160.15752724319026,154.66932922269956,159.99491041973485,6044791
2006-04-25,149.17300415039062,156.10845136440037,148.04284383573176,151.5796786176446,7452828
2006-04-26,155.92141723632812,156.92148654273603,148.05908511462496,149.1323248551635,6509367
2006-04-27,152.67733764648438,157.89722298564826,150.25439981153818,156.43369731806703,7244427
2006-04-28,150.8153839111328,152.02684605825496,126.02504243848104,150.90481732480686,8017717
2006-05-02,155.6938018798828,157.89721528917062,154.68560082505687,155.29539776172885,6438700
2006-05-03,156.1490936279297,158.5476234257063,152.88869091431744,156.2710400414228,7300123
2006-05-04,157.77520751953125,160.14123722996518,156.92149199992286,157.73456303170192,10217893
2006-05-05,157.48251342773438,159.799741275546,156.44991813374696,158.69397554460315,7999677
2006-05-08,156.69384765625,159.5233205507117,156.12470825117381,158.0597951766619,4615385
2006-05-09,160.37704467773438,162.25522423690347,154.3359704330948,157.2467454124525,15610434
2006-05-10,158.6533660888672,161.63731180831786,157.89721529770685,160.76733311885468,7827319
2006-05-11,155.61251831054688,158.87290914560262,153.66928642457037,158.71029229387997,4502584
2006-05-12,156.6206817626953,159.18182858226038,152.04312013282257,153.66924941370223,10706395
2006-05-15,149.21363830566406,159.3606850897495,146.53865104434,156.59626442128783,12570993
2006-05-16,151.32762145996094,152.20573149918016,141.55458314830148,150.4169854697483,13818622
2006-05-17,156.4662322998047,158.0598359937767,152.20577183052046,152.20577183052046,9701989
2006-05-18,142.78231811523438,156.08406047217264,140.82283660506485,156.08406047217264,16017702
2006-05-19,137.37542724609375,149.11609149837562,130.57820261817724,149.11609149837562,21237245
2006-05-22,123.87855529785156,149.2786947001629,111.87772233239049,138.38362754168458,20757316
2006-05-23,126.67550659179688,130.09036903543438,120.34985627617341,126.83811045696,13763459
2006-05-24,127.25277709960938,131.2286604152775,123.96799257925969,128.30163547289922,15309439
2006-05-25,131.30996704101562,134.61100138172654,119.11399170311925,123.96798478599995,14678182
2006-05-26,132.32630920410156,135.9444459306915,130.74082439426482,133.99308299894543,7748360
2006-05-29,133.93617248535156,135.684261121922,131.71649639168638,132.69218430949368,7915896
2006-05-30,128.23658752441406,134.45654161530533,125.21198463206737,134.12317649121565,6400611
2006-05-31,128.1471405029297,128.78946326980088,119.74005001795848,124.48834665211102,11711031
2006-06-01,120.74011993408203,131.06604727895592,118.87007203710755,128.78946385266653,12366172
2006-06-02,128.43983459472656,129.25290564580584,121.14665433836846,122.77278349229863,11566101
2006-06-05,127.78128814697266,132.17183906253715,124.72415901012367,129.43994359245946,14877477
2006-06-06,124.7078857421875,129.60253678397697,117.95944956639097,118.70746881072172,10646024
2006-06-07,121.19544982910156,126.18766597015858,118.1545967559005,124.10622497934267,8389761
2006-06-08,117.08133697509766,120.3173326396957,115.47960211927385,118.70746629563429,11806381
2006-06-09,123.12242889404297,125.03313468070608,116.5691217417861,116.5691217417861,9230446
2006-06-12,118.36598205566406,123.91108728450034,116.48780250540302,123.91108728450034,7494408
2006-06-13,112.91032409667969,117.76433111339618,111.4061539743521,116.48781679207028,13549490
2006-06-14,107.39775085449219,121.91096357899332,105.7390953820458,117.764331371993,14114202
2006-06-15,113.0404052734375,116.91872389148308,108.6661176499813,111.38988143549112,14374212
2006-06-16,117.82936096191406,122.77280102905712,115.12999161907035,115.12999161907035,12645746
2006-06-19,124.8948974609375,125.53722030639926,118.0570148888955,119.52054037722776,13312393
2006-06-20,123.29318237304688,126.62674356601445,120.65885160871146,123.58587715915165,11445124
2006-06-21,123.94361114501953,125.08190305835373,122.61018939430497,123.68342939635853,8716441
2006-06-22,126.88688659667969,129.83017422788097,125.21196854776873,125.21196854776873,9839211
2006-06-23,128.52403259277344,129.48316087535636,125.39030082842221,127.33337832731496,10720010
2006-06-26,120.80961608886719,128.6563367805401,119.58589788134974,124.25754030304323,7748026
2006-06-27,123.24880981445312,125.43166977856968,119.24691085324484,120.80135996574023,15257725
2006-06-28,122.62039947509766,123.52992546357689,119.39571881914495,122.37234812984015,9454278
2006-06-29,126.53136444091797,127.33339011322887,123.52992731713951,123.52992731713951,9294903
2006-06-30,131.44277954101562,135.73407546843686,127.34165015583713,127.72199640792694,16865020
2006-07-03,130.28521728515625,133.20396197265694,129.06976825657458,132.62517985609566,9288673
2006-07-04,131.9306182861328,134.0473371087064,131.4675926274973,131.4675926274973,10922540
2006-07-05,132.52597045898438,133.12129112677624,129.97930264730988,131.4676109005929,12125443
2006-07-06,132.02159118652344,133.50164341656745,130.14466727194346,131.96371955236498,9536530
2006-07-07,127.46569061279297,133.83235973823187,126.35772875011835,133.12128268478529,8123979
2006-07-10,130.14466857910156,130.9218997764043,125.5557047125885,128.49098826236553,7033109
2006-07-11,125.10090637207031,130.45056113132506,124.41462406899997,130.45056113132506,10211631
2006-07-12,127.34992218017578,127.81296099774647,122.1242924361968,124.41463925407288,11884036
2006-07-13,127.33341217041016,127.829514954306,125.02652632472993,127.34995068555436,8479089
2006-07-14,122.28140258789062,125.63837825777324,121.5455177894382,125.63837825777324,9400868
2006-07-17,114.98868560791016,122.33929172346237,114.26933921895389,122.33929172346237,8444173
2006-07-18,113.93030548095703,117.41130669788541,112.94636936733302,115.76589594869716,12155224
2006-07-19,109.0106201171875,115.75763558289984,108.3739532004872,115.59226361940706,11664744
2006-07-20,113.8724365234375,115.67495000970389,110.82139704008726,110.82139704008726,14831410
2006-07-21,111.2017593383789,119.06500664356919,109.97803434954129,113.24405521094201,5684097
2006-07-24,113.19441986083984,113.77321510046986,107.83649510435768,109.97801510606044,7660232
2006-07-25,116.04702758789062,117.03923298541984,114.14529618675788,115.09615530352158,14374327
2006-07-26,120.52023315429688,121.19823314677072,116.58447545861897,116.58447545861897,16190697
2006-07-27,122.1656494140625,122.95941902718371,119.31304562773565,120.38794362478802,12589127
2006-07-28,120.48713684082031,123.8606372537816,118.73423918013643,122.37232940991072,10020200
2006-07-31,122.71138000488281,123.86067509026755,121.54553323733764,121.87626402558273,4574759
2006-08-01,120.98324584960938,122.37233587749186,119.06497616013283,121.545502531954,4938506
2006-08-02,125.40685272216797,125.7624044059968,121.22304358723888,122.08295406470137,6727505
2006-08-03,127.15975952148438,130.47538880931594,125.67970754579889,128.16023415349463,12359252
2006-08-04,125.497802734375,128.8051625681774,124.61308457137505,127.82948259491084,4744659
2006-08-07,123.943359375,126.78769400061557,123.55474381180481,126.45695006688005,6890240
2006-08-08,126.86209869384766,127.33339363642796,124.02603344678597,124.02603344678597,3557171
2006-08-09,131.1947479248047,132.4598125366933,122.70310343726143,123.94336027879804,11189053
2006-08-10,130.5498046875,131.79833071843373,129.00361176362097,130.9714972579049,6416793
2006-08-11,130.62420654296875,134.1465539940881,130.3182835806925,130.9714889519161,9728858
2006-08-14,132.40191650390625,132.95590399099888,130.89706990819187,131.6329678614897,4837953
2006-08-16,135.19662475585938,136.42861201933408,133.4602524629133,133.89848345536433,6465267
2006-08-17,138.4957275390625,139.23988151732686,135.45295758299264,135.9325217244158,12739317
2006-08-18,140.55458068847656,141.70388883472285,138.0823231769087,138.90915665453025,15356587
2006-08-21,141.97669982910156,142.72086689356698,138.85952008322948,140.5628021580213,9427581
2006-08-22,139.7938995361328,143.04337525220947,138.92570653730877,141.39796425120767,6734404
2006-08-23,140.11636352539062,141.53853094258838,138.94224749289887,139.57064521199453,11536873
2006-08-24,142.23306274414062,142.87799894702508,138.6363178380769,140.39748521870527,12357374
2006-08-25,140.91009521484375,143.53944181701706,140.01710783725235,142.21650584463208,6324757
2006-08-28,140.91009521484375,142.21650584463208,139.23987686345947,139.23987686345947,2958593
2006-08-29,139.80213928222656,144.03556393520978,139.36392137305842,144.03556393520978,4219571
2006-08-30,141.2656707763672,142.2165431893498,139.80215708297467,139.80215708297467,4366854
2006-08-31,139.87655639648438,142.71262146663105,138.50400476860054,141.06721073082,9743991
2006-09-01,142.6878204345703,143.68002584288405,139.43006266497326,139.57062685349845,6378636
2006-09-04,148.36822509765625,148.6658920236393,143.87022318453108,143.87022318453108,7433071
2006-09-05,146.61532592773438,148.83126300809676,145.68926129454937,148.6658910316977,5287934
2006-09-06,146.4912567138672,148.31030841098433,146.01996186390252,147.17753901955862,4665319
2006-09-07,148.44265747070312,148.79819605156186,145.50737382086467,146.0200151315566,7294017
2006-09-08,148.74855041503906,149.79037134119574,147.75634502540615,148.682409533946,8234535
2006-09-11,140.14942932128906,149.1454456758983,138.14021063269433,148.9966122234827,9586057
2006-09-12,141.1995086669922,142.01807284061937,134.1548267486343,134.1548267486343,8239660
2006-09-13,143.9032440185547,145.4246288873802,141.72038460510868,141.72038460510868,7293412
2006-09-14,143.07644653320312,145.5238963772255,142.42324107983316,143.8702161854709,5065558
2006-09-15,143.81234741210938,144.69706582073752,141.7535129079575,143.37411625287865,4948776
2006-09-18,142.2495880126953,144.5316656973006,141.76175456938992,143.85366569741413,3995217
2006-09-19,137.4869842529297,142.94412661546858,136.27152221633818,142.21651114515782,6791613
2006-09-20,139.28126525878906,139.73602175640528,135.93255828824311,137.20589228269773,10539433
2006-09-21,140.14117431640625,143.83715056223284,138.61151968856393,143.83715056223284,6184351
2006-09-22,138.21461486816406,140.0501922558918,137.79292229894304,140.0501922558918,8256097
2006-09-25,140.17420959472656,141.7865431498066,138.57840138213453,138.57840138213453,9852747
2006-09-26,141.8775177001953,142.15037683133374,139.95924769327615,140.56283758383955,7337617
2006-09-27,140.94314575195312,143.2913769616815,140.56279955609028,142.2330177496797,4494704
2006-09-28,139.1737518310547,142.150381432655,138.5618926641297,142.150381432655,7909697
2006-09-29,142.49766540527344,143.25835810583257,139.35567667853087,139.35567667853087,6049973
2006-10-03,143.8454132080078,144.99472144043978,141.44757882520597,142.49765597209313,7603759
2006-10-04,145.54869079589844,146.4664861321956,143.911549119923,144.18440826051997,14836758
2006-10-05,147.78941345214844,149.1619650391332,146.01997709887812,146.01997709887812,11080892
2006-10-06,147.7067413330078,148.6658829428073,146.383805096617,148.00440824080874,3451442
2006-10-09,148.93873596191406,149.64154375118667,140.56283511227733,147.5082994465311,4938282
2006-10-10,150.50973510742188,151.31177403547068,149.98883775141002,149.98883775141002,4367955
2006-10-11,145.63134765625,151.57632299098702,144.50684750981944,150.22857929975402,4602286
2006-10-12,149.18678283691406,149.8895906050718,145.6727044933094,146.5160896162251,3812052
2006-10-13,150.84869384765625,151.72514260509382,148.41778333764557,149.82341168469117,5214344
2006-10-16,149.6746063232422,152.23781221091502,148.99659320106937,151.31174775558705,4343439
2006-10-17,148.72372436523438,150.8156352164914,145.91248049604224,145.91248049604224,3296415
2006-10-18,146.74758911132812,150.4766414408963,146.27629422335215,148.83123079308146,5972010
2006-10-19,147.07008361816406,148.33516147179742,145.73887804159605,148.33516147179742,3071633
2006-10-20,146.93780517578125,149.15372915719072,145.86290704729512,147.8390488976808,1899138
2006-10-23,145.37506103515625,147.83903619330718,145.06085561402483,146.35072799032156,2169867
2006-10-26,144.12652587890625,146.8054883763723,143.20873061107332,146.67319344436387,4098943
2006-10-27,146.6235809326172,147.32638872068566,145.10219576692919,145.1683366504955,4599108
2006-10-30,140.43881225585938,148.7485592211962,138.95050408329973,147.67367437466066,13694008
2006-10-31,136.88339233398438,140.5628294273554,136.2632639662932,140.39747064104125,15471313
2006-11-01,137.11492919921875,139.03318607919138,136.39556970162275,137.28028799863318,8052628
2006-11-02,137.19760131835938,139.653320252735,136.92474219591702,137.58621686129158,10948564
2006-11-03,134.84107971191406,138.4130291921662,133.48506673056042,137.5861958623467,13345577
2006-11-06,134.94032287597656,135.8994512047102,133.7910148320878,135.10568165621046,12595008
2006-11-07,135.3868408203125,137.40432900606237,135.02303298637815,135.60181518409013,7416644
2006-11-08,132.66650390625,136.41209498160552,131.05417017893265,136.41209498160552,9838887
2006-11-09,132.84014892578125,134.4194188423134,131.13685333435737,133.94811074364048,11336665
2006-11-10,135.30413818359375,135.84984325700967,131.79832906573006,133.12127838711362,12015800
2006-11-13,137.8673553466797,138.06579117703603,135.79198254680423,136.26327751960542,7055376
2006-11-14,137.16453552246094,138.88436979323276,135.3785603635397,138.88436979323276,5664872
2006-11-15,136.23019409179688,138.06578469058474,135.63487346109002,137.25547655821785,4562919
2006-11-16,134.6426544189453,137.5862065842893,133.94810278028018,136.75936002243103,6100873
2006-11-17,134.08042907714844,136.42866122139182,133.28667251986192,134.79978865116215,7297879
2006-11-20,132.64170837402344,134.1134779078086,130.35136151463536,134.1134779078086,8746077
2006-11-21,135.097412109375,135.91598942342765,132.9807064855408,133.45200139312007,3341146
2006-11-22,137.7350616455078,138.0823309355651,134.78323976100427,134.78323976100427,6285828
2006-11-23,135.99041748046875,139.47141908650264,135.27934039750627,138.1980852085604,7540032
2006-11-24,136.51133728027344,137.42913267918672,135.36202900918195,136.4286578738119,3421796
2006-11-27,137.01568603515625,138.04923769457673,136.39555767302497,137.1562502195867,2353757
2006-11-28,134.0142822265625,136.39557812778204,133.4685639190055,136.39557812778204,7876962
2006-11-29,133.93983459472656,135.9325277142193,132.7326549325983,135.24624532574592,6740270
2006-11-30,133.8075408935547,135.60178505927033,133.47681016370865,134.77495165085287,7454185
2006-12-01,139.3804473876953,149.32733465363398,133.98944585594018,149.32733465363398,10001085
2006-12-04,145.91249084472656,147.14447826161842,139.81866830271204,139.81866830271204,18491096
2006-12-05,146.01998901367188,147.45041233901404,144.36630893634893,146.84682246853058,6699838
2006-12-06,145.76368713378906,146.84684133732466,142.87800600826085,144.21749402183823,4822862
2006-12-07,147.62405395507812,148.16977220068551,144.39110393055677,145.52388670328895,3963218
2006-12-08,143.34104919433594,147.83905128958042,142.7539845758557,147.1775896880028,5872840
2006-12-11,138.81820678710938,143.83713190734565,134.7749617531214,143.83713190734565,6394422
2006-12-12,135.6431427001953,140.72820874909658,124.85288220223481,138.74379786859106,11916839
2006-12-13,139.09107971191406,141.3896962123332,132.5673072843843,137.52007884443697,6957223
2006-12-14,140.30650329589844,142.0511450803734,138.26422097482757,139.32256720243748,4875056
2006-12-15,141.92713928222656,143.20047317001547,141.08375408323502,141.8361906238435,4003144
2006-12-18,147.62405395507812,148.0044002422215,137.46219136654707,142.39842384310728,10275295
2006-12-19,142.44802856445312,148.13668392704113,140.2486304040286,147.57442721152051,7600284
2006-12-20,138.32208251953125,145.68095588016502,136.98260802920902,142.71260930455074,10803050
2006-12-21,142.9276123046875,143.70484343904664,138.08232818395882,138.08232818395882,4890273
2006-12-22,142.23306274414062,143.03510166118042,140.00886964558762,140.00886964558762,2948234
2006-12-26,146.2763214111328,147.4256296183577,140.89358817787286,143.85367931007914,5127072
2006-12-27,149.9474639892578,150.96447707898892,144.73837287521079,146.51607846835697,8199676
2006-12-28,149.33560180664062,152.95715379414324,148.1697553092076,150.4849097933521,9620655
2006-12-29,148.9304656982422,151.09678701388896,147.1858369538704,150.48492788166618,4262471
2007-01-02,153.7095947265625,154.4537619567057,148.0292081817744,149.17851630083285,4397705
2007-01-03,155.1565704345703,159.0840590051185,154.58605758443792,154.58605758443792,12146833
2007-01-04,156.62008666992188,163.44978148240216,155.61132955102002,162.06069123524694,9239625
2007-01-05,155.01602172851562,157.92649739956258,153.684816166831,157.09966385519564,7578079
2007-01-08,153.54425048828125,156.07437980775438,148.83126114457858,154.61913540239905,8149058
2007-01-09,150.66683959960938,154.45377751179066,149.1619928103546,153.62693080285095,6023636
2007-01-10,150.22862243652344,151.97325135702786,148.02922387341283,150.3030325836227,8956607
2007-01-11,151.86575317382812,152.4693430668842,149.17025204514235,150.48493216692736,6246930
2007-01-12,155.6444091796875,156.25626833236984,151.03063801326707,152.30397185841926,8533762
2007-01-15,156.8516082763672,157.4634674529891,154.32147900033152,157.05831336502388,4991739
2007-01-16,158.34817504882812,158.98484195319236,156.3720202845777,157.09964900928378,4501937
2007-01-17,159.53884887695312,161.15118289126727,156.60356535454045,159.4809640751456,6234427
2007-01-18,157.83554077148438,161.2338497739671,155.85938592023382,161.2338497739671,4936132
2007-01-19,157.21539306640625,159.53054765793863,153.79227671357376,158.4060473851498,7486262
2007-01-22,159.29904174804688,160.22509309077927,155.48729654495804,157.92647691094444,9403581
2007-01-23,157.174072265625,160.3739455672695,156.2728154166303,159.58017589277026,3187439
2007-01-24,151.48538208007812,158.5548579217283,149.9226508515687,157.92646036175063,10491951
2007-01-25,153.40365600585938,160.20854220255347,151.31174505499655,157.76110593713204,7573837
2007-01-29,148.74026489257812,153.61862508157833,148.19455988852195,153.2961636322544,6033431
2007-01-31,145.24278259277344,153.7923128095379,143.53948668852559,150.48495209326444,6819338
2007-02-01,149.88133239746094,150.48493547137736,146.03653619436795,146.97912612550306,3286374
2007-02-02,150.4601287841797,152.55202691319764,149.49271790815874,152.10553971473138,4498770
2007-02-05,151.9815216064453,152.60165006167776,148.03749409708126,151.1464056304871,4885326
2007-02-06,152.14688110351562,153.46154805372706,150.15418778537634,152.63471457044236,3160539
2007-02-07,149.21157836914062,152.45278416119828,148.36819331538766,152.28741221912048,4691432
2007-02-08,148.3020782470703,153.79229863695545,147.37601364492417,150.8156689995747,3914040
2007-02-09,149.6663360595703,150.6502721299516,146.36724545026482,148.30205373640598,4583902
2007-02-12,144.70529174804688,153.79226842118538,142.71261190277872,153.79226842118538,8906182
2007-02-13,143.33274841308594,149.3356092258501,140.56282424929702,144.53165882392162,5986173
2007-02-14,140.5959014892578,144.53165904686702,137.75158035434643,144.53165904686702,14323291
2007-02-15,143.7544403076172,147.17757013748417,140.8935804163774,143.87020989850288,11121663
2007-02-19,143.83712768554688,147.0121928737669,143.0433580965905,145.5238847701778,3008016
2007-02-20,141.5550537109375,144.3580419468806,140.56283511487877,143.7048365284542,3302948
2007-02-21,142.0263671875,144.20095805798928,140.89359741986522,141.55507218101152,4584273
2007-02-22,138.0492401123047,143.22526775605968,136.75936782943938,142.21652384697882,7681168
2007-02-23,135.10568237304688,139.81867098681352,131.46759167452737,139.81867098681352,8937257
2007-02-26,138.83474731445312,140.36440176610273,131.66603926604844,135.60179719107694,5110535
2007-02-27,136.15577697753906,140.37266305079078,134.79976382297545,139.48794482274894,3178083
2007-02-28,129.41702270507812,133.94810071114227,124.91073929805097,132.2944207805752,10528793
2007-03-01,130.48365783691406,134.59304351781927,126.85382316363469,132.45979932955393,10387198
2007-03-02,128.22634887695312,131.467567367452,127.82946417397761,131.467567367452,8387861
2007-03-05,122.35580444335938,128.8217039938519,120.38793227655219,128.01139594422273,10832915
2007-03-06,120.15643310546875,126.95305098442016,118.57716310510081,123.36456231062519,15055335
2007-03-07,122.1408462524414,127.00266885671196,117.75858786967078,123.61261594397052,12134189
2007-03-08,126.8125,128.1602572910256,123.19921634759307,124.04258843596185,11198957
2007-03-09,125.20844268798828,129.38398342641622,123.21576220150335,128.15199566654718,5779958
2007-03-12,126.4569320678711,127.99485558830699,124.93554705852861,125.22494466745476,5192730
2007-03-13,127.84606170654297,128.77212644103156,125.233252665175,126.67194556412457,3683519
2007-03-14,122.97593688964844,125.67970706304575,117.2046019518166,119.47841031903405,8746358
2007-03-15,120.04894256591797,126.07661224567933,119.56937831409246,124.02604712189337,5200119
2007-03-16,123.73662567138672,124.52212595640182,120.9005738242878,120.9005738242878,5614541
2007-03-19,127.61450958251953,128.15195852367663,123.6952906415419,124.19139330488557,3248599
2007-03-20,127.20934295654297,129.15242030715314,125.7623813877167,128.03618942524636,5171199
2007-03-21,128.29254150390625,128.7886442399615,125.72106599910859,127.66414382706252,6456630
2007-03-22,133.1378173828125,134.1134842811207,128.83823865651314,129.15244405933421,6740515
2007-03-23,130.56634521484375,133.28665407219796,129.64854992043865,133.28665407219796,6502954
2007-03-26,124.44772338867188,130.7895845089781,123.19919737947552,123.19919737947552,12843084
2007-03-28,118.99884796142578,124.19140090059678,118.40351419491844,124.02602894683305,13330313
2007-03-29,118.47795104980469,123.75318398538099,115.52612915069047,120.54504145404005,21538334
2007-03-30,120.42101287841797,121.21478252710398,118.4862174652046,119.56110234281132,6832833
2007-04-02,110.9454345703125,117.57669396650128,109.31655553695208,117.57669396650128,15760343
2007-04-03,112.6817855834961,113.41767039437768,110.96196460598391,112.40065720228573,10731454
2007-04-04,112.91329193115234,114.2610489651167,110.64775283427578,113.45901014944981,10438129
2007-04-05,113.45901489257812,114.88945137763316,112.30143752807862,112.45027097270942,11951144
2007-04-09,116.36946868896484,117.36994316737993,114.10392991679811,114.10392991679811,6771919
2007-04-10,119.3213119506836,119.99105586826443,117.11364438334219,117.65936262489735,10853496
2007-04-11,119.52801513671875,120.88404146298174,118.01489927954434,119.32131006913725,7524325
2007-04-12,117.8082046508789,118.89962804588377,116.92348634177155,118.86656418611256,7159874
2007-04-13,120.10682678222656,120.30526262077217,116.4191199137963,118.08933869738226,8635014
2007-04-16,124.06737518310547,124.83633699156663,120.71866883430945,121.54551543522916,6822657
2007-04-17,120.81787109375,125.92774397630548,120.38792250444205,124.19138477387737,12872730
2007-04-18,119.4783935546875,122.53770180152475,117.61799557519812,117.61799557519812,3659201
2007-04-19,117.92394256591797,119.42878906407465,116.45217308994611,118.56887866050003,7962444
2007-04-20,119.54454803466797,121.28918981342905,119.08152238458038,119.39571459925277,5690599
2007-04-23,118.75906372070312,121.33053924444988,118.23816637809172,120.6690777032395,5306996
2007-04-24,122.63695526123047,124.68752036024883,119.90837691145722,120.52024927237618,10900597
2007-04-25,125.52259826660156,126.91170152132396,124.03429028060461,124.04255953614488,11846531
2007-04-26,126.77116394042969,130.6159603775327,123.61262368391053,128.4909851071518,11053662
2007-04-27,123.9185562133789,128.06103262261232,122.20699118680072,127.02748083456179,9948118
2007-04-30,124.3154296875,125.84508408721035,121.04941581640159,122.39715974565539,7451148
2007-05-03,121.23133087158203,128.98709116981365,120.56985611070361,128.98709116981365,11471043
2007-05-04,120.96671295166016,123.14957257321066,120.05718701204708,121.38013622741236,7133672
2007-05-07,120.43755340576172,122.86846476575339,118.83348873554442,121.54552849676364,9465356
2007-05-08,119.90835571289062,121.54551033388661,119.07325305856038,120.43753540845239,3752855
2007-05-09,119.60245513916016,120.96673774439408,117.90742857849511,120.71868636162426,6198884
2007-05-10,118.21336364746094,121.33881367441111,117.74205549055672,120.40449295300482,5171736
2007-05-11,118.4200439453125,119.20554420806556,114.10394029550321,117.90740277741928,7831144
2007-05-14,118.27122497558594,120.6855976796398,117.26248102737475,120.50370037256235,5489681
2007-05-15,118.13064575195312,119.04844092984264,117.9074021909434,118.7177102160358,3411010
2007-05-16,121.48762512207031,122.0250740714846,118.23814999372466,118.23814999372466,5151150
2007-05-17,124.12523651123047,125.15051883746038,121.87623606486994,124.80324961433209,8039853
2007-05-18,122.67002868652344,125.18361944337757,122.3723617719883,124.35678592287833,7618219
2007-05-21,119.96625518798828,123.19920537952882,119.5611011110036,122.53773067910548,12264711
2007-05-22,120.21428680419922,122.9759284111882,119.77606893989467,120.22255605957132,9258281
2007-05-23,117.08060455322266,121.3553632090547,107.14197700006895,107.14197700006895,10666188
2007-05-24,117.85781860351562,118.56889567691316,116.62581785876,116.8904077390024,5215967
2007-05-25,120.21428680419922,120.55328677164275,116.26199093206569,117.08056820827832,5257662
2007-05-28,121.17343139648438,122.5211752134411,120.4209949761317,120.71866184203816,5505702
2007-05-29,122.51288604736328,123.01725788575503,120.74344998587085,121.54548864179299,8243886
2007-05-30,122.7196273803711,123.34803821834615,121.71088340510512,123.34803821834615,4815603
2007-05-31,124.96864318847656,126.40734902993506,122.7031038391543,123.03383460877852,12464001
2007-06-01,126.19182586669922,128.17425296555768,125.22169739389153,127.10289731699763,7533520
2007-06-04,119.93241882324219,125.69410540864165,119.37564924003641,125.69410540864165,12221534
2007-06-05,119.8733901977539,121.69553341596496,119.40098767239024,120.59888085800908,7755969
2007-06-06,116.0772705078125,119.78903728794714,110.69519457063798,118.9454594246617,12527247
2007-06-07,114.36476135253906,119.73838573445745,113.44525325786664,114.05262969834052,6311982
2007-06-08,110.03718566894531,114.36477872982165,109.08393727924029,114.36477872982165,17354227
2007-06-11,110.20588684082031,114.06950696832347,108.99112720188718,114.06950696832347,7423355
2007-06-12,108.18130493164062,111.18446094242879,97.01223852757732,97.01223852757732,8707101
2007-06-13,108.85616302490234,110.89764052040186,108.31626681773578,108.82242287052047,9038473
2007-06-14,108.35845184326172,112.22207237202299,107.69201829334939,112.22207237202299,15640931
2007-06-15,109.73348999023438,115.57108727058359,108.82241853550003,109.15985365153716,9292336
2007-06-18,108.8139877319336,111.01574274768372,108.46811587955612,111.01574274768372,12218408
2007-06-19,111.94368743896484,112.18832539191918,108.65370328252607,108.65370328252607,7001533
2007-06-20,115.80730438232422,116.4231176046553,112.39078299608305,112.39078299608305,11069756
2007-06-21,115.99287414550781,117.76441005112142,115.08180275910334,117.25826077359255,12372606
2007-06-22,115.45298767089844,115.99288386128863,111.88463227857534,115.06493896333846,6319606
2007-06-25,114.41536712646484,116.49902121546413,113.5717894913228,115.57107641282423,2503587
2007-06-26,115.50360870361328,116.07725176807948,113.21750003194552,114.39008287962241,3533010
2007-06-27,113.32716369628906,115.65545595155616,112.36547192378144,115.31801411399458,3867018
2007-06-28,112.09552001953125,114.02732678231109,111.31098591010742,113.66458823837888,8643134
2007-06-29,113.07408905029297,113.88391990516821,112.36547193873038,112.37390865638373,3454072
2007-07-02,115.09867858886719,115.97600312589582,112.39921124109911,112.95598083167586,4876715
2007-07-03,115.71449279785156,117.24139082702678,114.08638103127517,115.40237456569844,9394908
2007-07-04,118.3296127319336,119.3672215238227,115.90853002894694,117.07267615071852,6767243
2007-07-05,119.71308898925781,120.27828184544309,117.31730322673856,118.10183728619778,5607997
2007-07-06,119.99150848388672,121.13878139602772,117.36795747665956,119.62031970459824,7438227
2007-07-09,120.85191345214844,121.89795876608198,119.96615230857013,119.96615230857013,4270367
2007-07-10,125.39885711669922,125.96406346165203,121.47618644112475,121.47618644112475,11109692
2007-07-11,124.19255065917969,125.39888059950191,122.68253912967118,125.18798948748923,4711528
2007-07-12,124.8252182006836,125.69411954108168,122.6572100771779,124.19253152784202,7189321
2007-07-13,129.41432189941406,130.26634979967733,125.36511377935405,126.36897573292335,11413563
2007-07-16,128.14051818847656,132.61152212115812,126.75704416459634,132.61152212115812,12143775
2007-07-17,126.33525085449219,129.40589394838443,125.71100086042526,128.14052052334807,6353285
2007-07-18,125.41575622558594,127.3813103245587,123.41645524913731,126.53771899326058,4675385
2007-07-19,131.05088806152344,132.44279877836155,125.35668098774751,126.53770061951651,8551619
2007-07-20,129.50711059570312,140.03504619058123,128.2248638381189,140.03504619058123,9474134
2007-07-23,129.3384246826172,131.59922360388865,127.55001486363983,129.91205441497382,5938127
2007-07-24,126.04841613769531,131.43049114289715,125.69411430252312,129.74332227421442,3644245
2007-07-25,122.48848724365234,126.04841942618161,121.89798416962634,126.04841942618161,6952344
2007-07-26,123.47547149658203,128.60445780797818,121.17247625214092,123.3151873157854,16780305
2007-07-27,117.95844268798828,124.00695150612447,117.25827570092916,124.00695150612447,8324724
2007-07-30,119.32506561279297,121.56055422945902,117.42699200373612,121.56055422945902,5309903
2007-07-31,118.0006332397461,121.27374415391202,115.6639040371628,119.11415917090847,15030485
2007-08-01,112.60167694091797,116.24595599547374,111.49658114843183,116.24595599547374,7292629
2007-08-02,109.96968078613281,114.322576577463,109.09235628475149,112.19674562368718,12982978
2007-08-03,110.73735046386719,113.54648853229571,110.33243504701913,113.54648853229571,7954288
2007-08-06,109.46353912353516,110.50958459817696,106.49412361191874,109.66600018802696,6031651
2007-08-07,110.96512603759766,112.53419433049312,110.50959029827743,110.50959029827743,5043129
2007-08-08,111.176025390625,113.11626227243366,110.84702697888008,112.19676078025641,7324059
2007-08-09,111.9521255493164,114.72751696328592,111.21820496419336,112.02804257783582,7192530
2007-08-10,112.93912506103516,113.46214786507088,109.43824293107829,109.43824293107829,3819510
2007-08-13,116.84492492675781,117.42699133668127,113.06566460161137,113.88393226293175,6350483
2007-08-14,116.60870361328125,117.84876668689961,114.89622468388114,117.42697113382185,4548574
2007-08-16,111.43753814697266,113.6814768839993,109.66601534284194,111.52189861478497,4135362
2007-08-17,108.17285919189453,112.87162054435487,107.70888674382881,111.43752632929055,11073059
2007-08-20,109.64070129394531,112.53420008097186,108.67057945851731,111.35318044206846,10714724
2007-08-21,106.99183654785156,110.50958496030191,105.9795312220754,109.6660005473876,10748528
2007-08-22,104.5201416015625,108.40062885411345,103.9465052316809,106.79782036221897,13041513
2007-08-23,104.7394790649414,108.31627143861313,103.42348536239737,106.27480057315455,12188194
2007-08-24,110.77954864501953,112.0280486469024,105.97111614266386,105.97111614266386,6072260
2007-08-27,113.951416015625,115.06494186064529,112.25581037747625,112.25581037747625,4559621
2007-08-28,111.86776733398438,114.5587983383016,110.74579799709795,114.5587983383016,6422601
2007-08-29,113.74052429199219,114.32259064754842,108.82242161067707,111.35317497677356,14402381
2007-08-30,114.85405731201172,117.93313707219474,113.71522124877119,114.76126684488496,16376053
2007-08-31,118.39710235595703,119.95773384832992,114.72750648269897,114.72750648269897,8561200
2007-09-03,118.58269500732422,119.6203038658507,116.7858621207439,118.77672609054575,4993435
2007-09-04,116.6424331665039,119.43470431991314,115.0733650460423,118.11027411918856,7347725
2007-09-05,117.90782165527344,120.27828387300474,115.90852124719525,118.10183927707054,7146176
2007-09-06,120.13488006591797,120.95316105380392,116.41467726039522,118.27056702155913,5019688
2007-09-07,117.28358459472656,121.138775519772,116.77743520022472,120.46390518234763,4001104
2007-09-10,118.55738830566406,118.9201268528485,114.92996253102933,115.82417397422368,4032153
2007-09-11,116.27124786376953,118.86105102318295,115.79040878275465,118.77669729638109,3466946
2007-09-12,115.5289306640625,117.91626675749333,114.89624394551139,116.75212050850625,4550515
2007-09-13,117.25826263427734,117.93311939218289,115.46985326646548,115.52891028577018,3526294
2007-09-14,117.04739379882812,118.92859419292976,116.28816963920333,118.27059723440156,3454568
2007-09-17,117.21610260009766,117.76443558104684,116.17005695063109,117.76443558104684,3085853
2007-09-18,117.44385528564453,118.27057303300927,116.77742174387323,117.7644236968314,2131042
2007-09-19,121.5436782836914,123.99850782812965,118.10184683041366,118.60799614396683,7106453
2007-09-20,123.37425231933594,126.16652387331511,122.15106254517607,122.97778030818816,6752282
2007-09-21,125.01925659179688,125.96407501449868,121.4761975823639,121.4761975823639,5263026
2007-09-24,126.06527709960938,127.381270567771,124.51308243137,126.5039326328217,4839931
2007-09-25,125.00237274169922,126.18339231312592,123.68637912113051,126.06529169940963,4948906
2007-09-26,124.83364868164062,126.03154165836126,121.72925906372588,125.00236959739011,3415816
2007-09-27,126.75704956054688,128.3429780225497,124.85053922385623,126.03155892740071,16099339
2007-09-28,131.07620239257812,138.6853439933921,125.20485031745685,127.38130894277803,13964773
2007-10-01,130.46881103515625,136.1545680780452,129.06846357024463,136.1545680780452,7883735
2007-10-03,132.96583557128906,136.59324859583998,126.89201584408507,131.26179297217084,8788418
2007-10-04,134.8807373046875,136.22204097025255,131.16053468690535,134.97352775778398,9626312
2007-10-05,131.43893432617188,134.9819797207095,129.9120361476916,134.88075253914698,4775275
2007-10-08,128.9587860107422,132.7802159790261,125.69411222157893,131.62450659936698,15232838
2007-10-09,134.323974609375,134.973534682903,125.69411273779639,125.69411273779639,5663959
2007-10-10,136.10394287109375,138.16228691674263,130.52785048317574,130.52785048317574,5970012
2007-10-11,140.1278533935547,142.04278685736628,134.99041608992565,136.8294325263276,8124417
2007-10-12,135.5387420654297,141.5366302537355,133.12609610261615,140.03504231014455,8763929
2007-10-15,138.0610809326172,139.19148030091327,136.15457063523812,136.15457063523812,4369453
2007-10-16,138.48284912109375,141.23293694889344,135.81712846959277,141.23293694889344,4155672
2007-10-17,136.14614868164062,137.4705792844066,125.01927114305988,131.03403409732502,7697095
2007-10-18,133.51416015625,138.63471091563468,127.38129721662438,135.1844557739631,9498409
2007-10-19,132.4680938720703,135.14225110010648,127.92959679162792,131.53171230440634,4221095
2007-10-22,130.4013214111328,132.2740712314136,128.22486318713123,131.43049349908102,4625435
2007-10-23,134.23121643066406,136.39078823868056,131.7679495893848,131.7679495893848,7599610
2007-10-24,130.68812561035156,135.81712589583228,129.912028208693,134.78795383860083,9307161
2007-10-25,135.0747833251953,137.80799782703264,130.75562705668742,132.27407507962005,5685647
2007-10-26,135.7834014892578,137.50431749241085,130.78937442284746,134.9398236425456,5484197
2007-10-29,136.19674682617188,141.18233667643747,135.14226454725986,137.8079987576247,6504644
2007-10-30,129.5324249267578,137.8248589639489,127.5584344201273,136.6607127832588,13522751
2007-10-31,127.86213684082031,135.97742713997218,126.54614309315973,129.45651543136276,15833228
2007-11-01,126.0230941772461,130.23258595410576,124.68179055183849,129.91201758498778,8762066
2007-11-02,127.3475570678711,128.05616085376963,122.31979651221312,123.16337436698743,3284548
2007-11-05,124.8758544921875,126.53771349013604,124.00696647483693,126.53771349013604,5753167
2007-11-06,121.38341522216797,125.66038841386684,120.8519556635396,124.87585415439312,3437196
2007-11-07,121.52680206298828,123.92257452993887,119.82275981043036,121.47618175908788,3703484
2007-11-08,119.37568664550781,122.2691859203241,118.87797392516259,120.63263696006352,2249870
2007-11-12,115.46143341064453,117.14860242031702,113.88392830428973,115.90853917645556,3345097
2007-11-13,116.97146606445312,118.97919020070343,113.56338094301428,116.41469635791468,4206791
2007-11-14,119.39253997802734,123.46705840466143,118.10185643663192,118.10185643663192,3104812
2007-11-15,117.92469787597656,121.22311880860268,117.35106821438802,118.94544672998154,3067098
2007-11-16,117.61258697509766,119.95775294566684,115.57110257347497,115.57110257347497,5349474
2007-11-19,118.62487030029297,120.62417084839565,117.59569823190846,117.59569823190846,2644572
2007-11-20,119.52750396728516,121.10500892595643,116.92926366694742,117.25826878036426,6317075
2007-11-21,116.63401794433594,120.63261943392817,115.78200342665554,120.63261943392817,3316641
2007-11-22,117.1739273071289,118.27059334671625,114.41540220375441,116.41470317246065,4761635
2007-11-23,120.5229263305664,122.10043125224956,117.84876906982208,118.5236392815399,4237647
2007-11-26,120.08427429199219,122.82592537148159,118.94543833307728,121.49305834351466,3753664
2007-11-27,121.43402099609375,121.89800023292949,119.11416511471236,119.95775639935965,6008168
2007-11-28,121.68709564208984,122.43789645275208,120.46390574442495,121.47620453815196,3686566
2007-11-29,121.17249298095703,125.39042195790795,120.46388929580996,122.65720752748943,10588517
2007-11-30,123.57672119140625,125.52540156320292,120.46389462740369,122.15106360600343,7545960
2007-12-03,124.20098114013672,126.36898948872201,123.72857862450795,124.17567098374255,2513799
2007-12-04,125.06986999511719,125.86284096198486,122.88498819393595,124.34439277909733,3294212
2007-12-05,130.3169403076172,132.25718366232857,125.52538222144901,125.52538222144901,7361632
2007-12-06,130.83154296875,131.93664553892344,128.77319875051884,130.8399796866453,4215365
2007-12-07,129.4564971923828,131.88601653501348,128.31766125998686,130.75561731995654,5887473
2007-12-10,129.31307983398438,131.21113962446685,125.70254115648207,130.2494613709941,2720656
2007-12-11,130.7893524169922,131.14366768120607,128.3935799132744,129.9120278424306,3528126
2007-12-12,129.9204864501953,131.59921885941586,128.5623224894164,131.07619602668052,3474095
2007-12-13,128.75631713867188,132.91518890052146,126.52081542085807,129.0684488124499,5974317
2007-12-14,125.6688232421875,128.89975070597953,124.5131136678124,128.22488036912327,4704394
2007-12-17,118.39710235595703,126.48708133805223,116.41467530055445,125.49164273456113,6631127
2007-12-18,118.47301483154297,121.47617709288646,117.59569030414563,119.63716086816521,3498376
2007-12-19,116.53277587890625,121.03751272549151,114.92996080036148,120.80131150921956,8621164
2007-12-20,119.81432342529297,120.61573096702502,116.75210401888359,116.75210401888359,6920606
2007-12-24,123.23085021972656,123.78760641798978,120.97003825299822,122.65720715175756,2576999
2007-12-26,126.8919906616211,127.46563370492802,123.16335118291602,124.17564979179807,3848858
2007-12-27,124.30220031738281,128.22487127760692,123.39956550404504,127.55000098860093,5734292
2007-12-28,123.0536880493164,124.79991390780225,116.07724820130996,123.50079376926645,3951660
2007-12-31,125.17108154296875,125.69410425347345,123.66949371236046,125.52538334981506,4297507
2008-01-01,128.62132263183594,129.32150288996795,124.34435094167148,125.18794193783683,6914777
2008-01-02,133.88531494140625,134.46738125739915,127.0438358679121,129.3805647176172,10611582
2008-01-03,133.55630493164062,137.6730063154218,131.60762484228468,134.973525593512,10581493
2008-01-04,131.8775634765625,139.0395967254396,130.10604113456924,134.97351593403474,9271718
2008-01-07,132.51028442382812,136.28954471078094,128.7310241368753,132.10536223941193,7606509
2008-01-08,130.73876953125,134.8892053797723,129.13595413358732,133.28638998210963,7345470
2008-01-09,129.94577026367188,132.78021167476834,127.21255602420106,129.405874102651,6054977
2008-01-10,126.40272521972656,135.3109859550242,125.54227401804495,132.1053555167588,17651909
2008-01-11,128.7478790283203,131.5907571939491,124.20095861991531,131.5907571939491,6703412
2008-01-14,129.16966247558594,131.51482783951093,128.03926337600905,129.05156187916816,5100792
2008-01-15,129.74334716796875,133.28639306801938,127.9971209412451,131.2111750957118,6430700
2008-01-16,126.52926635742188,127.38129430090997,123.21398535338372,126.53770307572957,6286793
2008-01-17,124.28530883789062,127.38127499961054,123.22240340056015,126.53768390225429,4588343
2008-01-18,120.51451110839844,124.4624786010549,119.16477059468268,124.28532096042217,4087243
2008-01-21,110.28182220458984,120.80132137963768,107.49799410009304,120.46389296228766,6548014
2008-01-22,109.8178482055664,116.41468316218052,89.5043339981047,107.13525403732419,7404746
2008-01-23,111.15914916992188,119.78901796862367,107.81011482833492,114.72751130242243,5487354
2008-01-24,111.1085433959961,116.98833148424639,108.82242784602455,113.54649972332655,6015239
2008-01-25,119.86492156982422,121.13874488708879,112.53418048788555,112.5510472042064,6360221
2008-01-28,120.25296783447266,124.79990129404435,113.04032749650256,118.9454245449459,3236148
2008-01-29,120.7676010131836,124.42874742933438,118.27058746488296,121.4930782344272,2645856
2008-01-30,117.58726501464844,122.13418571637946,115.78199548245613,122.13418571637946,3410791
2008-01-31,118.00904846191406,121.47617640105689,115.84102715535191,119.62028675291997,7490729
2008-02-01,127.12821197509766,128.22486438076498,119.11414955488483,119.45159139837018,7390604
2008-02-04,129.91204833984375,132.91521123647127,127.21258045066959,129.06847050196802,6396019
2008-02-05,127.21257781982422,130.58691597007464,125.69412968249112,129.9120456531715,4576450
2008-02-06,124.16720581054688,125.35666198010435,118.5405067693549,123.82977743874716,3378881
2008-02-07,120.64945983886719,126.35210287178184,117.77284832274094,124.85051501892964,2758557
2008-02-08,119.9493179321289,123.16337193045969,117.60415192822235,120.97005343031766,1502333
2008-02-11,118.24525451660156,122.11730472507492,115.57108382075643,119.33348357297885,2940537
2008-02-12,117.07268524169922,119.85652014954916,116.1869238637403,118.24526817213449,2793739
2008-02-13,120.598876953125,121.4593282205384,118.1018634693413,118.1018634693413,2951960
2008-02-14,123.69480895996094,125.49164165318267,121.73769207337226,122.16792435001096,2920008
2008-02-15,126.84983825683594,127.55000528995117,120.63262153859391,122.31979060087266,2858118
2008-02-18,123.61891174316406,127.3812986429642,122.15950720309932,122.15950720309932,2200760
2008-02-19,124.7914810180664,126.67266754428937,124.02382031577307,124.85052460748538,4935313
2008-02-20,119.8396224975586,124.64805386912481,118.10183353158283,124.64805386912481,2447949
2008-02-21,119.46003723144531,122.99464610009771,118.64175614795886,120.6326201867884,2500190
2008-02-22,117.43541717529297,119.53594495608309,116.41468179715314,119.53594495608309,4069537
2008-02-25,119.08882904052734,120.6326004867733,117.25826295107774,118.11871405200286,2521251
2008-02-26,118.80204772949219,120.46390672056245,118.12717738345034,119.7890363745206,3714271
2008-02-27,119.42626953125,121.13031171434734,118.94543040084928,118.96229040053224,5043067
2008-02-28,119.75526428222656,120.61572883009475,118.6670486729999,118.94543347176531,5802862
2008-02-29,118.16091918945312,120.63262248972158,115.7904430781812,119.75528436037771,9128636
2008-03-03,117.27513122558594,119.78058112006829,115.57108890337257,118.16090597447091,3717396
2008-03-04,118.47301483154297,119.27442234026911,116.14472275829849,118.60798886916277,4478580
2008-03-05,118.83576202392578,120.11802219193667,118.10184819763019,118.60799751704283,3383989
2008-03-07,113.34403228759766,118.28743811851322,111.01573341470342,118.28743811851322,2986469
2008-03-10,113.85018920898438,118.05123137075988,103.19570944886621,113.46214049038194,2751606
2008-03-11,110.22276306152344,113.88391550510642,109.68287360675535,113.88391550510642,4872478
2008-03-12,108.83928680419922,112.8716213847492,107.6920141104584,112.8716213847492,8750288
2008-03-13,104.83226013183594,113.88391759152539,103.61750043993811,107.97883333028003,4636185
2008-03-14,107.58234405517578,108.8224138550697,105.27935536476379,105.27935536476379,2572245
2008-03-17,102.81609344482422,106.24104475317138,100.7408758811753,105.44808062826098,4033244
2008-03-18,104.51170349121094,105.44808513700178,100.7240067528685,102.81609784102672,6948718
2008-03-19,109.77567291259766,110.50959349079697,106.62909951814136,106.8146938800422,5817860
2008-03-24,111.89306640625,113.03190234972081,109.99499978333361,109.99499978333361,5568938
2008-03-25,114.74439239501953,115.57109674208147,113.04034995722802,113.04034995722802,2908533
2008-03-26,114.51661682128906,117.08954694904425,109.84315228709929,116.4146767267814,9343419
2008-03-27,110.56864929199219,113.6477290953355,106.0132915409116,113.04035253994643,21297491
2008-03-28,108.99958038330078,110.3408775472844,106.81469870319305,110.3408775472844,11992442
2008-03-31,105.0600357055664,108.82242226476819,104.15739422030978,108.14755200956661,6071796
2008-04-01,105.98797607421875,107.21960927726131,103.80309449373014,105.44808657616554,3258634
2008-04-02,107.26178741455078,108.316262920173,106.4603798505166,108.316262920173,5036429
2008-04-03,106.15670013427734,109.66601220232953,104.61294190517626,107.97884319719415,4592998
2008-04-04,103.37286376953125,107.09306663106513,101.82066222784196,106.2916657831619,3799920
2008-04-07,106.63753509521484,107.13525443240744,103.63437250475322,103.76091655637975,5597790
2008-04-08,106.22417449951172,107.15211263971815,104.94192110345378,107.15211263971815,2530488
2008-04-09,106.5869140625,106.92434916996805,104.77320791663226,104.94192211180048,1844376
2008-04-10,105.1612548828125,108.1475437798505,104.43577109296102,104.60449200248826,12419451
2008-04-11,105.0178451538086,107.13524624091403,104.52013257180289,106.96652532973368,1673714
2008-04-15,105.20343780517578,106.94965700133392,101.6182022355667,104.09834198099661,3418128
2008-04-16,103.51628112792969,106.7978288340394,103.1704159652438,106.2916794508833,4550343
2008-04-17,104.17427062988281,105.2456263509583,103.67655800067074,104.77321715883112,3572607
2008-04-21,104.95036315917969,106.59535517774843,104.60449803724536,104.60449803724536,1883211
2008-04-22,106.76406860351562,107.08463028722208,104.26706215765115,105.44808171536206,2685411
2008-04-23,107.211181640625,107.77638130515346,106.67128541353374,106.79782275211672,1415196
2008-04-24,108.16441345214844,109.66599456563026,105.22030152632604,107.64139074164206,4902458
2008-04-25,107.86073303222656,110.62768753765633,107.16055265051389,109.00800570472373,3172718
2008-04-28,106.9833984375,109.3116905807718,105.78550549687847,108.66213052411416,1729384
2008-04-29,107.95352172851562,109.42136277377043,106.54473770484162,107.30396166244343,1437896
2008-04-30,112.11238861083984,112.87161253536716,108.46810302569851,108.46810302569851,4623536
2008-05-02,116.67620086669922,117.258280695308,112.71978299176968,112.71978299176968,5075624
2008-05-05,115.73980712890625,118.10184620243714,112.87161874451351,118.10184620243714,8766882
2008-05-06,114.97215270996094,116.75211211243231,113.63084890253157,115.23366409710684,3871323
2008-05-07,114.67689514160156,115.38551228024534,112.39922310489914,114.97215340222516,3044388
2008-05-08,112.83788299560547,114.72751981437234,111.39535866090483,114.72751981437234,4259559
2008-05-09,112.9306869506836,113.88392864455322,111.52189605423388,113.88392864455322,1974298
2008-05-12,112.88848114013672,114.7274972880388,111.56405768737173,114.7274972880388,2305346
2008-05-13,112.39079284667969,113.85863408192303,110.08780380655153,113.85863408192303,3985292
2008-05-14,112.82100677490234,114.55878241451683,111.35316577918579,111.35316577918579,4547368
2008-05-15,111.34474182128906,114.69376959655538,110.18059563866761,113.7826980869271,4621229
2008-05-16,113.34403228759766,113.96828219586506,111.01573341470342,111.01573341470342,3070125
2008-05-20,114.48287200927734,115.04807834950566,111.37847564820281,113.29341574008467,1838563
2008-05-21,116.21221923828125,117.25826469596858,112.57636357081967,113.8839136757973,2364627
2008-05-22,111.53032684326172,113.88392259015637,110.84702658568122,113.88392259015637,3720032
2008-05-23,107.56548309326172,112.19676444549967,106.59536126209942,112.19676444549967,2128887
2008-05-26,104.71415710449219,107.38832108214804,104.26705810819027,107.38832108214804,3436528
2008-05-27,106.52787017822266,107.97883786921187,103.84526930859953,104.94192843611202,3041393
2008-05-28,107.22805786132812,108.98271403772212,103.12823563711721,106.29168281626859,5394279
2008-05-29,98.42101287841797,107.99569240753645,97.89799016859423,106.12293605585931,12390693
2008-05-30,97.13033294677734,102.74860219900273,96.52294976391588,100.55528411436693,6173909
2008-06-02,95.23226928710938,99.52611513282521,93.84035196945399,97.85581300821242,2904483
2008-06-03,96.24456787109375,97.47620099123063,93.84035193573948,94.38024811458251,2604093
2008-06-04,91.28429412841797,101.06144266746595,90.2804321659874,101.06144266746595,6661279
2008-06-05,89.92613220214844,91.78202224994394,88.66075873059039,91.28430286294937,7580235
2008-06-06,91.14088439941406,92.42313110596005,89.0825335778657,91.44457264119293,5212706
2008-06-09,87.69063568115234,91.1071507267309,85.14300861675798,91.1071507267309,3099223
2008-06-10,86.00345611572266,89.26812326200604,85.42138305393892,86.12999344580034,2960555
2008-06-11,85.0417709350586,89.36936408010573,83.93667503210295,87.19291243016758,8614229
2008-06-12,85.66602325439453,86.04563525463313,80.47797915020303,84.23192899762738,2954903
2008-06-13,87.08324432373047,88.03649268596706,85.2526646258158,87.8087281720274,7333515
2008-06-16,89.80269622802734,91.07119366535494,88.44732023783315,88.96861922776814,4343601
2008-06-17,90.32400512695312,91.03644664224237,89.4899211808919,89.8026992015728,2217067
2008-06-18,90.02859497070312,93.47786305035909,89.55073526099541,90.88005044204907,3794216
2008-06-19,87.6827392578125,90.70628294507273,87.28307579491978,87.79568552222632,2301714
2008-06-20,85.08492279052734,88.44731203278111,83.9815002405553,88.11714865705467,2832945
2008-06-23,85.17180633544922,86.3881752159888,83.40807768503208,85.08492778554184,3005511
2008-06-24,83.96412658691406,85.94507236413497,82.62612220365634,85.14574542962691,3272384
2008-06-25,82.39154052734375,84.24215464560415,79.23767206062725,84.1031406639506,2821350
2008-06-26,84.7982177734375,85.92770128165266,80.49748705194513,83.75561974068017,10557223
2008-06-27,77.2132797241211,80.9753322762218,75.58855829063964,80.9753322762218,4251669
2008-06-30,74.03336334228516,76.80494011002732,70.39294566439027,74.8935080949701,4001584
2008-07-01,70.98375701904297,74.19844372329918,70.60147197087181,73.67714467248675,2213493
2008-07-02,71.80914306640625,72.70404473485925,66.378929138066,72.70404473485925,4673032
2008-07-03,68.03839874267578,71.41816665588067,66.59613733213429,70.72309674828018,1756937
2008-07-04,69.5501708984375,70.1931053450842,67.42152199755863,67.94282786363745,1874277
2008-07-07,68.20348358154297,70.87949247178798,67.42152816992919,68.11659810954501,4312667
2008-07-08,65.6143569946289,67.92545948728096,64.90191545444833,66.91761147633676,5827310
2008-07-09,70.75785827636719,71.0706362959128,66.55269544084823,66.55269544084823,5647532
2008-07-10,69.43722534179688,72.07848424227754,68.39462733156066,70.02803826032707,3602879
2008-07-11,69.55885314941406,70.72309346098365,68.14265952055287,70.37555852333726,2825733
2008-07-14,71.20096588134766,72.24356396274177,68.85511328002637,69.471987040004,3183244
2008-07-15,70.47982788085938,71.22702632468356,67.64742656906975,70.72309889681821,2273102
2008-07-16,68.75952911376953,70.72308928881452,66.8133404959446,70.47981830590498,2591219
2008-07-17,71.39209747314453,73.69451044135316,69.73262588580185,71.24439425604132,3602430
2008-07-18,73.31221771240234,75.5798806194089,71.59192839360892,75.5798806194089,1314294
2008-07-21,72.77352905273438,75.0498808468716,71.59191734793632,73.31220640131221,2499397
2008-07-22,71.60930633544922,75.24103435305113,70.0975310754028,75.24103435305113,3870624
2008-07-23,76.6051025390625,77.84753913488093,73.85089754102324,75.5885653928975,4265169
2008-07-24,76.51821899414062,78.49046848736084,75.32791098958052,76.6485437286145,2082464
2008-07-25,74.07679748535156,75.67545136629678,71.64405970920866,73.72057329033792,2790639
2008-07-28,74.09417724609375,74.98038967054539,73.16452554566703,74.19843427570746,976107
2008-07-29,68.87247467041016,75.58855660919397,67.94282310032332,73.50336096380012,2328699
2008-07-30,72.25225067138672,74.35483215824144,68.89855014705108,68.89855014705108,4506326
2008-07-31,70.11491394042969,74.71973316044392,68.20348202731985,74.71973316044392,9794573
2008-08-01,68.68133544921875,70.2886784474323,68.41199674317902,69.85425805528548,4142203
2008-08-04,68.98542022705078,69.80212553628809,67.63872677419836,68.68133150455962,2428453
2008-08-05,71.00981903076172,71.6788212703761,68.69002737202645,69.5067328423472,4797255
2008-08-06,74.58940124511719,75.5885598406439,72.61715176801874,72.92992974456268,4069324
2008-08-07,77.56951904296875,78.05606802795708,72.98207102087603,74.54597501353207,6145850
2008-08-08,76.57903289794922,77.49999523108848,74.02465992867533,75.60593513909116,6702864
2008-08-11,77.8388442993164,79.41143034064073,76.45740073940858,79.01176690181082,3817605
2008-08-12,75.78840637207031,78.19508362787094,75.09334329744038,78.19508362787094,2594121
2008-08-13,75.27579498291016,77.27411252222356,74.0681152198228,77.27411252222356,2046473
2008-08-14,75.0672607421875,75.88396609278563,73.85089195425623,74.33744085306536,2521971
2008-08-18,73.90303039550781,75.53643424512434,71.53979970882676,75.53643424512434,4028166
2008-08-19,73.31221771240234,73.85089514409087,72.11322734861501,72.95600044951267,2320767
2008-08-20,73.80745697021484,74.89350108811392,72.63453430397595,72.98206233370219,1876114
2008-08-21,72.2435531616211,77.32623880305958,71.59192945817391,74.80661561942466,5629706
2008-08-22,74.25924682617188,75.84921830275364,71.24439248106087,72.24355110394924,2605773
2008-08-25,75.3626708984375,77.1437779788514,73.04288638288261,75.0846429424701,5912082
2008-08-26,75.22366333007812,75.53644134810078,72.65191143643045,73.25140667324789,4238775
2008-08-27,73.47728729248047,76.28362025039462,72.82566370613688,75.8492068322263,3899993
2008-08-28,72.1914291381836,74.54597077366381,70.818674656345,73.85090083464178,6955261
2008-08-29,76.52690887451172,77.1524718126989,72.58240258018945,72.63453801367628,4826890
2008-09-01,76.0664291381836,76.44003182794822,74.37220738925822,75.5885694157587,2425312
2008-09-02,74.68498229980469,77.27410563050077,73.91172307154072,76.80493516667103,6325623
2008-09-04,74.25057220458984,76.05774715138361,72.4781472961075,73.32960279385324,6197674
2008-09-05,72.9907455444336,73.50336214458622,72.47813586246389,72.98205630668049,8668339
2008-09-08,75.84053802490234,77.79541622871172,74.9803932755904,77.79541622871172,7849017
2008-09-09,75.45989990234375,76.41986021675476,73.76427372183512,76.24940307749335,5375116
2008-09-10,75.2894287109375,75.63034984401436,74.41021760601777,75.0023379586815,3206912
2008-09-11,76.10584259033203,76.59927505881767,74.10518023083327,75.18176708025742,3729644
2008-09-12,74.1321029663086,76.97609222866586,72.4903072583583,76.25836524977989,5107031
2008-09-15,70.05899047851562,74.13208398751699,69.0810916116169,74.13208398751699,4758947
2008-09-16,71.56623077392578,72.31086940712082,65.53733172279696,67.46621801327537,3924507
2008-09-17,74.96646881103516,75.36121348819246,71.77258526278106,73.20803932021934,4282961
2008-09-18,74.65245056152344,75.63035654980685,67.5110795727831,74.46404767103705,2588216
2008-09-19,75.95333862304688,78.23211927716093,75.09206621419027,76.61723524010083,7938989
2008-09-22,74.51789093017578,77.08376260492342,73.78222500906398,76.25837474686622,4120987
2008-09-23,70.64216613769531,75.2894424867478,69.40408790683131,69.40408790683131,5497950
2008-09-24,69.52969360351562,72.13144966605181,68.84785122098172,70.6959956597615,6604220
2008-09-25,68.90167236328125,69.97825926441173,68.17497257297204,69.97825926441173,8228876
2008-09-26,67.20604705810547,68.90167299963751,65.51042111657343,68.90167299963751,2800676
2008-09-29,63.62638854980469,70.79467824021903,62.47803234916852,63.7430222057651,3711138
2008-09-30,61.706478118896484,63.8237675371208,60.88109035616694,62.801010906823464,8033447
2008-10-01,60.94388961791992,62.80100677318581,60.30690479839246,61.90384983006245,6886025
2008-10-03,59.30208969116211,62.74717182552674,58.31521781730302,62.74717182552674,2658916
2008-10-06,56.34147644042969,64.35308936506726,55.812152374885216,58.656138104163986,7169266
2008-10-07,56.80799865722656,59.17649076704572,56.341477850953744,59.17649076704572,4383286
2008-10-08,53.82046127319336,57.23863194200073,52.932277209430715,56.80799577692538,9772330
2008-10-10,52.456783294677734,53.811488134649615,47.22635644645765,52.932276958978804,7022943
2008-10-13,53.70383071899414,55.26488421265137,52.8246160859415,53.82943379774215,7939454
2008-10-14,53.730743408203125,56.52090198954786,52.95021669773924,55.56991470710167,6979325
2008-10-15,50.68938064575195,54.54715312616023,50.12416856392838,53.38085126612159,5314134
2008-10-16,45.037288665771484,50.204915434615096,43.06354487672498,49.343643153443985,10900649
2008-10-17,43.682586669921875,47.54933237909444,43.0635476109126,46.65217542545807,6792371
2008-10-20,43.781272888183594,46.46377443385624,41.655010613596424,44.87580566163845,6457346
2008-10-21,44.454139709472656,45.73707530520443,43.60184027359246,45.216724143490026,8658525
2008-10-22,40.955230712890625,47.44167851949776,40.37207968831236,41.27820613279674,4313354
2008-10-23,34.9173583984375,42.830286634185825,34.181689153029815,37.976665574905546,10583786
2008-10-24,29.175554275512695,34.91735958793018,28.709031750725142,34.423923599256625,11747895
2008-10-27,25.120403289794922,31.884966773304416,23.505519393454012,29.265268613281247,16688870
2008-10-29,28.67314338684082,31.18518411538428,25.658695550316136,28.70902973237846,13680934
2008-10-31,30.422603607177734,31.579936237276982,28.718004569822067,29.60619216818643,16162286
2008-11-03,34.1727180480957,36.74755855088056,32.11822868410615,32.979497506782664,24472349
2008-11-04,34.80073165893555,35.51845866695963,31.849084959461074,33.1051054939572,18207592
2008-11-05,32.692405700683594,36.56812392651049,31.633761149184686,35.87731569741253,19110433
2008-11-06,28.260454177856445,31.759368902950758,27.291524478459856,31.750396018486263,25722612
2008-11-07,28.305309295654297,29.229383142552162,26.914716407318032,28.350166796011113,19913839
2008-11-10,30.593063354492188,30.772493370673804,28.529600872943977,28.718003773571446,12600392
2008-11-11,27.70421600341797,30.323914248624334,27.461982719271926,30.14448423612614,11119663
2008-11-12,26.995460510253906,27.991305329453045,26.06241722987825,27.15694820489048,13470157
2008-11-14,24.617992401123047,27.99130357543547,24.357816837430917,27.99130357543547,16948485
2008-11-17,25.290864944458008,25.640757301224056,23.34403428233771,25.12040607333009,13340062
2008-11-18,24.88714027404785,26.376421036776776,24.22324373869109,24.635935852377166,15864961
2008-11-19,24.124557495117188,25.640755282326516,23.864383631201793,25.120404095403874,10552176
2008-11-20,22.644250869750977,23.631122915259166,22.428932766515945,23.290203449910045,8658010
2008-11-21,23.864383697509766,24.13353044643064,22.39304513886272,22.796766127016994,7291261
2008-11-24,23.918209075927734,24.851252279252787,23.003108179615815,23.864380425342652,7752814
2008-11-25,24.375761032104492,25.12040316609412,23.774666015921575,25.12040316609412,7365246
2008-11-26,25.192174911499023,25.3895506912482,24.402676981140065,24.923028164940774,8412191
2008-11-27,25.192174911499023,25.192174911499023,25.192174911499023,25.192174911499023,0
2008-11-28,24.564165115356445,25.19217535473907,23.837468713908823,25.120404386667232,10186025
2008-12-01,23.80158042907715,24.851253884424253,23.640092737345533,24.851253884424253,6647201
2008-12-02,23.07488250732422,23.61317769917489,22.473787506916995,22.6263040455549,9977063
2008-12-03,23.909242630004883,24.223246900925712,23.218430812614614,24.223246900925712,8845110
2008-12-04,27.085176467895508,27.578612453016188,23.523462069552387,24.402676725933077,13639545
2008-12-05,27.47992515563965,28.637257662397005,26.8250014973057,27.273578231936433,13116651
2008-12-08,27.291521072387695,30.144481155461445,26.95060166211765,28.49371102690463,10785942
2008-12-10,29.328067779541016,30.81734856304698,26.19698967248771,27.847759879807825,21140425
2008-12-11,28.825658798217773,31.03266463880144,28.368109207625658,29.96504719787411,15391684
2008-12-12,27.515811920166016,27.92850404429909,26.34950651194373,27.811873849386032,10331661
2008-12-15,28.37708282470703,29.28321093090494,28.0092481977535,28.161764741190932,8860266
2008-12-16,29.59721565246582,30.072709301107004,27.677298749805004,28.350166435231934,13761686
2008-12-17,29.112751007080078,30.467459349328827,28.70903175329479,29.965050476435728,11386955
2008-12-18,31.15826988220215,31.840108738843398,28.61931561357233,29.37292543395059,12739776
2008-12-19,32.10926055908203,33.419108024518216,30.70072173858981,31.04164293208506,18551617
2008-12-22,33.706199645996094,34.432899556233195,32.118234223629095,32.118234223629095,13183697
2008-12-23,31.292844772338867,33.19481955989388,30.69175144694165,33.01538954254353,11248000
2008-12-24,28.63726234436035,30.772495975388896,28.35017152689564,30.530262665766518,12044149
2008-12-26,27.937475204467773,29.695904471497656,27.686272505931377,29.60618946909835,7852006
2008-12-29,26.726314544677734,27.90158940080994,25.94578605269689,27.90158940080994,11970513
2008-12-30,28.045133590698242,28.242507629098903,26.93265859326577,26.93265859326577,9033550
2008-12-31,28.682113647460938,29.247324004460346,28.045132331167522,28.52959711606292,10816092
2009-01-02,31.588909149169922,32.72829946995294,30.611006539385283,31.22107276275338,18566132
2009-01-05,32.0195426940918,33.19481753797028,31.409473062258183,33.19481753797028,13382037
2009-01-06,33.454994201660156,33.90357269127135,31.499192540410046,32.288688745034314,18622646
2009-01-07,31.247987747192383,33.91254360843955,30.332888418306972,33.91254360843955,8271220
2009-01-09,29.740758895874023,32.29765695428116,28.20662075264801,32.29765695428116,11836652
2009-01-12,28.978181838989258,30.11757222417996,28.05410956699861,29.94711161884339,10096591
2009-01-13,27.829816818237305,29.06789322000682,27.309465641176015,28.978178215498,7339098
2009-01-14,28.054107666015625,28.619318107252898,27.453012604556044,28.350169619217628,8309400
2009-01-15,27.03135108947754,27.722161206522596,26.017562073494204,27.435072118831222,11152057
2009-01-16,27.444040298461914,27.79393089686851,26.842945262213036,27.79393089686851,7452421
2009-01-19,26.932661056518555,27.784960555559735,26.50202659429998,27.632444003362952,6035166
2009-01-20,26.152132034301758,26.932658768404412,26.03550184132722,26.932658768404412,5383440
2009-01-21,25.102458953857422,26.896772835593808,24.779481832508367,26.37642167152659,11103345
2009-01-22,23.846439361572266,25.64075503431042,23.64906531209397,25.443379255286217,15539487
2009-01-23,24.23221778869629,25.075544364863454,23.370945444370165,24.22324490461681,9700493
2009-01-27,25.183204650878906,25.470295446490972,24.42959304194321,25.066574447548,4834908
2009-01-28,26.31361961364746,26.645567882772475,25.45234903656893,25.685611151052598,8164422
2009-01-29,27.282546997070312,27.991302707133116,25.85606788262909,27.72215426855912,9830134
2009-01-30,26.85191535949707,27.094148633121186,26.017558227620494,26.86088651382311,8504243
2009-02-02,25.793272018432617,26.564825920177288,25.120404278327324,26.564825920177288,5779624
2009-02-03,23.9002685546875,26.502026252009284,23.684952191132147,26.502026252009284,16341049
2009-02-04,24.303991317749023,24.761540969208045,23.77466723892155,24.761540969208045,10923557
2009-02-05,23.523460388183594,23.76569365092092,23.182540973203388,23.559346733420764,10668399
2009-02-06,24.67182159423828,25.0665713900553,23.68494969901438,23.68494969901438,9797715
2009-02-09,25.407493591308594,25.856072089184124,24.74359699936178,25.120404528759504,6143576
2009-02-10,24.797426223754883,25.838128566706825,24.510335445134796,25.838128566706825,9585786
2009-02-11,24.42061996459961,24.761541146470066,23.954099154959554,24.49239266293592,8138658
2009-02-12,24.456506729125977,24.8333125103707,24.043812871095604,24.205302298447535,8962486
2009-02-13,24.716678619384766,25.08451321695838,24.45650478451592,24.79742419141334,14382782
2009-02-16,24.447532653808594,25.631780325466018,24.223243426876248,24.994798990159993,10775703
2009-02-17,23.469629287719727,24.31295744807917,23.254311238749793,24.205298423594204,7999158
2009-02-18,23.918209075927734,24.133527137359447,22.967221836043862,23.32608527176338,5441339
2009-02-19,24.142501831054688,24.492392435028922,23.41580542909406,23.59523544371924,4428000
2009-02-20,23.99895477294922,24.205301696835743,23.397859768782297,23.864382271304194,6335857
2009-02-24,23.70289421081543,24.025871346516244,23.33505957198709,23.95409864969384,7845133
2009-02-25,25.13834571838379,25.290862262501996,24.00792836919736,24.22324472412867,14238329
2009-02-26,26.905742645263672,27.25563494162531,24.869197321453758,25.470292303431314,33084432
2009-02-27,26.78911590576172,28.12588026806516,26.062419487404874,27.27358076118161,29194815
2009-03-02,26.116247177124023,27.614500921952004,25.71252792055682,26.214935067365964,19317783
2009-03-03,25.452348709106445,26.869858497415507,25.201146019118724,26.55585254061217,13379596
2009-03-04,25.676637649536133,26.502023590190745,24.994798819410704,25.963728411502956,12455939
2009-03-05,25.00377082824707,26.42127891960603,24.779481595178197,26.196989686537155,16985563
2009-03-06,24.8781681060791,25.021713484040976,24.250157942268768,24.250157942268768,12457051
2009-03-09,24.519309997558594,25.299836862940904,24.25913437576449,25.120406830983132,8588239
2009-03-12,26.205961227416992,26.340533722634788,24.98582550986459,25.102457427084055,15098725
2009-03-13,29.01406478881836,29.426756925950546,27.09414949512444,27.09414949512444,26312432
2009-03-16,29.911224365234375,30.377745173253775,29.247327772702803,29.38190028445642,22010767
2009-03-17,30.844263076782227,31.077523458826654,29.103779635932828,29.785618474006906,23166774
2009-03-18,31.651708602905273,32.51298099717153,31.077527006727767,31.221072405772144,23416444
2009-03-19,30.808380126953125,32.99744214222888,30.270086642421944,32.24383057206687,23153317
2009-03-20,28.870521545410156,31.194157994551,28.565488429552506,30.494376750952636,36484651
2009-03-23,29.812536239624023,31.11341422033558,29.25630042812275,29.606191031398573,45492226
2009-03-24,29.148639678955078,30.844265768060424,28.942292740994912,30.59306305603841,39312875
2009-03-25,28.771833419799805,29.42675711287713,27.829817211418877,28.888463619127386,29282253
2009-03-26,31.561988830566406,32.36943071357492,28.53856821090736,29.426753936307577,49369391
2009-03-27,33.89459991455078,34.63026919330166,30.736608167851674,31.40050474967339,47925827
2009-03-30,30.862215042114258,33.51779823641348,30.279060510794363,33.194822790117,30647314
2009-03-31,32.35149383544922,33.32042356584833,30.50334938579884,30.50334938579884,32462351
2009-04-01,32.29766082763672,33.105102780714105,31.436388488596368,32.65652430223686,37300494
2009-04-02,36.541221618652344,37.384548324075276,32.74624452606454,32.979504956964824,70321074
2009-04-06,37.689579010009766,38.479075269540076,36.61299194370768,37.44734570940957,35557734
2009-04-08,40.111900329589844,40.46179091159073,35.347994306819956,35.886287775982225,49746321
2009-04-09,40.6950569152832,43.00972226527445,39.331379016134356,40.90140213943643,38229791
2009-04-13,45.2436408996582,46.58040346725622,41.089800887101894,41.089800887101894,28162379
2009-04-15,50.50994873046875,52.914328670940364,43.15326006912002,45.046261752273075,60654288
2009-04-16,43.3237190246582,52.73489670666227,42.90205578132731,51.120012961990305,69763178
2009-04-17,42.309940338134766,46.45480436235307,40.919343805765905,43.987624219149815,44308863
2009-04-20,44.1221923828125,44.83991933131134,41.45763670753464,41.46660613245853,32963949
2009-04-21,41.86136245727539,43.74539158806255,40.98214770987733,42.776461826644564,32636671
2009-04-22,41.744728088378906,43.19812085616439,41.00905882034124,41.96901560108391,20865023
2009-04-23,44.03247833251953,44.516941438928185,41.49352222393061,42.166391685105324,24990892
2009-04-24,45.49484634399414,45.844736959869806,41.906218256689236,43.9876231007808,39928781
2009-04-27,44.68739700317383,46.62525612920983,43.42240726269351,46.29330787803276,29366123
2009-04-28,41.71781539916992,45.00141037955007,41.17952187727475,44.499001478204974,19212117
2009-04-29,43.745384216308594,44.13116286249539,39.860692940226585,42.1753578991642,37376748
2009-04-30,43.745384216308594,43.745384216308594,43.745384216308594,43.745384216308594,0
2009-05-04,46.35612106323242,46.831614792849074,44.35545824479375,44.893751792987096,24954031
2009-05-05,48.68872833251953,49.819145811881235,45.59353613275155,47.08281712756749,35317404
2009-05-06,47.52241897583008,49.59485431486622,47.01104066909086,48.984788116874064,20888815
2009-05-07,48.79637908935547,49.971657376655834,47.54933156771694,47.54933156771694,25345505
2009-05-08,48.213226318359375,49.30775898755531,46.849548653161904,48.79637726878759,17586470
2009-05-11,46.16771697998047,48.9847912049894,45.23467185551263,48.805357720738,15047496
2009-05-12,47.9440803527832,48.33882841439072,44.22984627579614,45.75501505866087,23166658
2009-05-13,48.04276657104492,48.805350991003955,46.706004074293844,48.222200030554376,14244439
2009-05-14,46.62526321411133,47.082814604179674,45.41410021152474,46.60732090407327,11427192
2009-05-15,47.59418869018555,49.343645051918834,46.86749233692031,47.00206483887158,16619837
2009-05-18,54.06270217895508,56.520912977685754,51.13797053175959,51.13797053175959,62417
2009-05-19,54.85219192504883,57.4180595828577,48.64386278199581,57.4180595828577,32316654
2009-05-20,65.17848205566406,67.17913789406745,54.03578485207952,54.60996646391725,59640303
2009-05-21,64.13776397705078,67.26883650608923,62.495961669039005,63.698154990504094,43724411
2009-05-22,62.03842544555664,65.99488631036223,60.66577476945498,63.7789090339703,24219097
2009-05-25,62.02944564819336,63.339292906146525,60.79136762056335,62.44213601800903,15492615
2009-05-26,58.422874450683594,62.72025617010977,57.7769236815845,62.08327828467268,15125843
2009-05-27,61.697509765625,62.352433525948165,59.21238724681438,59.21238724681438,16074864
2009-05-28,59.72376251220703,62.747181882839904,58.853517226350895,61.72442523029856,29236209
2009-05-29,60.44148254394531,63.15986503139469,59.21237735841058,60.89903042761107,42734541
2009-06-01,60.43252182006836,62.54981146623068,59.81348266092416,62.54981146623068,19568822
2009-06-02,62.70232009887695,63.859649187968046,60.288967114223446,62.35242604783999,25041590
2009-06-03,65.00800323486328,67.95067986815812,63.8775860375944,63.93141641625233,36014901
2009-06-04,66.21917724609375,67.10736130293708,63.29443911630236,63.29443911630236,17939092
2009-06-05,69.834716796875,72.43647261877108,66.03077440931376,66.38963441860285,38912198
2009-06-08,65.51939392089844,72.29293242865604,64.87344309046644,70.8395396010921,25536305
2009-06-09,66.04871368408203,66.6946644722343,62.98043706308357,65.25024462372664,22422632
2009-06-10,64.82858276367188,68.7043014138965,63.69816540053832,67.2867932679179,18384095
2009-06-11,66.23712158203125,68.18395389579918,63.26753262332716,64.99904337930813,23901663
2009-06-12,64.10187530517578,67.25090065814767,63.39312131640809,66.92792529537222,18663884
2009-06-15,61.49115753173828,63.6353656371312,60.235140476203306,63.15987193422365,14540294
2009-06-16,62.792030334472656,63.50078434859746,59.40974449192239,60.109532540852115,13995143
2009-06-17,58.11784362792969,63.321355043801404,57.03228384555903,62.801003902214234,16960492
2009-06-18,59.12266159057617,60.2889634936868,57.238629319466234,57.5974927739201,20661892
2009-06-19,62.00254440307617,62.42420772754539,59.7686212291458,60.41457208403818,13720655
2009-06-22,59.84934997558594,63.33928945780366,59.42768674539048,63.33928945780366,11337414
2009-06-23,61.43733215332031,62.262712985232454,57.70515534557757,57.70515534557757,20868601
2009-06-24,64.10187530517578,64.59531469148742,61.4014318414129,62.09224698224921,24035488
2009-06-25,60.522216796875,65.45658266518355,60.1095264668315,64.82857082855573,39625725
2009-06-26,61.05155563354492,61.79619436913217,58.96117790855924,61.18612814884796,15339940
2009-06-29,56.32352828979492,61.00669218324468,55.9915800171227,60.827262180326365,39223814
2009-06-30,52.16969299316406,57.02331410758331,51.65831470684431,56.520905246142654,51356852
2009-07-01,53.766632080078125,54.61893154519703,52.035121415631586,52.447811821994875,25494678
2009-07-02,52.815643310546875,54.72658726760252,51.33533202928055,54.54715381518977,22332036
2009-07-03,53.97297668457031,54.511270132835634,51.67625405166786,52.932274403681305,20092570
2009-07-06,50.76115798950195,55.211054691236775,50.043431041274516,54.54715812889934,19515567
2009-07-07,50.31257629394531,51.496824034656825,48.625923146155756,50.958530550449346,23384732
2009-07-08,50.474063873291016,52.49266516070366,48.44648624336781,49.881940044922565,28135999
2009-07-09,48.89506530761719,50.958527579031376,47.630075520537225,50.178000861761326,21793405
2009-07-10,48.54517364501953,51.27253238193769,47.72876233015592,49.53204552952019,21867324
2009-07-13,47.12766647338867,48.41060202180861,45.5935282371983,48.24911433259249,13198899
2009-07-14,48.85918426513672,49.50513853121866,47.908196904844594,48.41060577846388,16576366
2009-07-15,51.77494430541992,52.1876346996641,48.895067134119486,49.34364560474107,15960596
2009-07-16,53.237308502197266,55.336655412381155,52.573411968168536,52.932275426980226,26004772
2009-07-17,56.664451599121094,57.059199695994195,53.81148953886631,53.82943530711329,22156478
2009-07-20,58.84453582763672,59.212375618672375,55.47122632925643,57.418058375819555,19336653
2009-07-21,58.69203186035156,60.36073932299808,57.02331747952116,59.23032191223087,23465029
2009-07-22,58.324195861816406,61.024639938001755,57.418069372118794,59.302101973157875,18077344
2009-07-23,61.069488525390625,61.455267182524686,59.2123783099716,59.91215947217176,16448752
2009-07-24,66.9010238647461,67.75332344723799,61.069499313246084,61.45527803852751,42526599
2009-07-27,67.12529754638672,69.61939941762591,63.98525183492014,67.01764369877372,37495367
2009-07-28,74.347412109375,76.2224679077155,68.90166778139687,69.43995773707488,78418581
2009-07-29,70.5614242553711,73.38746788897572,68.26469780912672,73.0286078408421,42570338
2009-07-30,70.95616912841797,72.31087398375018,69.13493656920089,69.94237851927896,24731535
2009-07-31,75.63932037353516,76.25835941305732,71.83537805386436,72.6697317114805,48059147
2009-08-03,78.48797607421875,78.99763556777654,75.81225145141224,76.99539332113919,31129430
2009-08-04,80.65403747558594,85.4412193788374,67.74866468786561,67.74866468786561,79319992
2009-08-05,81.85537719726562,83.13863171248072,79.54369437108733,80.27178427910476,45982352
2009-08-06,76.15808868408203,82.43786063101837,75.55741881241649,81.36392698952531,34493839
2009-08-07,75.484619140625,89.62774322804864,72.80888727159312,89.62774322804864,47163391
2009-08-10,73.50967407226562,77.34124043259044,71.74405310200014,76.6313552787904,40260749
2009-08-11,78.36056518554688,79.43449183076432,71.57113360308601,73.7827039818797,57247424
2009-08-12,81.5914535522461,82.03741000247719,74.91123731215232,74.91123731215232,52092762
2009-08-13,86.10560607910156,86.38773964887554,81.18190823375926,82.20123427228272,48681112
2009-08-14,85.09538269042969,86.66077800794676,83.80302552019666,86.66077800794676,41238580
2009-08-17,79.29796600341797,83.91222935655716,78.65178399722626,81.20919768387267,25516126
2009-08-18,80.09886169433594,81.28201046676047,76.87706812840696,79.70751291687691,37892304
2009-08-19,78.21493530273438,80.45380564703625,77.3867325870907,80.45380564703625,23867960
2009-08-20,78.06932067871094,80.08976764481638,77.46864384215777,79.3252679388198,20230201
2009-08-21,78.7883071899414,79.50729468585243,76.00336757103821,76.99538616117188,23765397
2009-08-24,83.52088928222656,84.03965121838777,79.7803334555993,80.0897743399471,24921587
2009-08-25,89.25457763671875,89.76423705024688,82.11930373889255,82.45604487410009,45981043
2009-08-26,90.95650482177734,92.04863643075426,87.78021580122024,89.19089076728444,37472782
2009-08-27,88.48099517822266,90.28301177044251,87.95313081045168,89.80975502941655,25007837
2009-08-28,89.27279663085938,90.07369920780508,86.71538950023594,88.59021877742667,24884341
2009-08-31,89.13626861572266,90.10098693557691,86.56065696136324,87.74379876020677,27353793
2009-09-01,93.9234619140625,95.1794163712037,86.78819347071762,89.44572039478557,60261465
2009-09-02,94.67884826660156,95.81648488796061,89.66413346326438,91.01109814247178,40391895
2009-09-03,92.88594055175781,96.55369120434911,92.24886086405218,95.19762388931423,24999766
2009-09-04,92.52188873291016,94.03266931736093,90.38312395429746,93.03154821552918,30387992
2009-09-07,103.02456665039062,104.96309875424444,92.70390791140849,92.8859286508392,53450450
2009-09-08,102.97906494140625,104.6627708741167,99.50243782141139,104.28962694207434,51927806
2009-09-09,101.39546966552734,102.66051943481894,99.75726895405775,101.93243646800848,23239016
2009-09-10,102.414794921875,105.15422250493462,101.4591719985317,101.92333330828656,30166416
2009-09-11,100.16681671142578,103.38861054325159,98.13727419046924,101.9415329984586,21292247
2009-09-14,102.71512603759766,103.17018490539347,96.18963057883175,96.18963057883175,25785196
2009-09-15,103.57972717285156,104.48073541151052,102.36018265290947,102.66051405374736,17218723
2009-09-16,110.07791900634766,110.85151411470399,103.77084747409428,104.66276026592574,45000397
2009-09-17,110.25994873046875,112.808260172382,108.78557089514345,110.12343317398513,31315278
2009-09-18,109.19511413574219,110.42376814165964,107.58422079451718,109.39533975286005,20979624
2009-09-22,111.91635131835938,113.0175851994218,107.58422128171524,109.11320670216074,24998629
2009-09-23,110.660400390625,112.81736303449821,110.1598363302423,112.10747792728799,15119930
2009-09-24,109.95051574707031,111.15186247898174,108.21220220759484,109.21332331450884,22624707
2009-09-25,108.02108001708984,109.94141431765647,107.41130069570222,109.21332431918306,14885057
2009-09-29,107.79354858398438,110.4874781071952,107.30209396891549,108.32141998111722,8382006
2009-09-30,107.60242462158203,108.74917076335878,106.13714919176299,108.30321432033855,15671953
2009-10-01,105.55467224121094,108.47612754104972,105.03591033119575,108.26680649978626,11626189
2009-10-05,102.56040954589844,104.73556995491764,90.10098640640338,90.10098640640338,10548098
2009-10-06,101.5683822631836,103.71624233442681,97.18165175495635,103.18837800228646,26216731
2009-10-07,101.62300109863281,104.4807465488022,100.93131382099934,102.47850424544505,12916471
2009-10-08,107.25658416748047,109.21332115679303,101.95063328217033,101.95063328217033,28045291
2009-10-09,99.3204116821289,109.02219549680274,98.47401105032834,108.32141285716845,36527713
2009-10-12,99.80276489257812,101.15883192515201,98.10995671182488,99.82096275421851,18437390
2009-10-13,99.80276489257812,99.80276489257812,99.80276489257812,99.80276489257812,0
2009-10-14,104.61724853515625,105.70937984761554,100.84028359337351,100.84028359337351,32280491
2009-10-15,104.34423065185547,107.60242735951904,102.86075030242493,107.60242735951904,21373342
2009-10-16,105.4454574584961,105.95512394833682,100.84029627727521,104.07119246018112,15351108
2009-10-20,105.54557800292969,107.757148386295,101.20435218904201,103.78906651755021,20056017
2009-10-21,100.99503326416016,105.48188450784203,100.1122227118396,104.99952526058631,14679243
2009-10-22,98.56501770019531,100.98590883330925,97.52748691337004,100.80388810448562,18224739
2009-10-23,96.34435272216797,100.61277283495421,95.66176791741545,100.11220877331621,25677160
2009-10-26,98.18277740478516,100.7947918675266,94.37851165511601,97.19075173911472,42256644
2009-10-27,99.81188201904297,102.62412228219493,97.38188112345134,97.38188112345134,60224189
2009-10-28,102.30558013916016,104.01658633585107,98.74704517176589,99.93018700798056,46468880
2009-10-29,101.06782531738281,102.66051373695635,97.1088393147174,101.02231311641016,51665503
2009-10-30,103.25209045410156,104.64456031106486,100.4944510432997,102.605915438779,32857130
2009-11-03,100.53997039794922,105.51827577089789,99.78457306216855,102.56951297422242,25183329
2009-11-04,103.78904724121094,104.48072737382944,99.05647347871718,102.66050615609552,25252857
2009-11-05,104.71737670898438,105.35444930759051,101.27715239337519,103.75265835226456,20257410
2009-11-06,103.74354553222656,107.16556462399559,102.88804251380239,106.48297988999269,25210907
2009-11-09,105.70028686523438,106.11893595248716,102.80613196110839,104.4625374658341,16221101
2009-11-10,108.04837799072266,110.43286654346905,105.44545893410982,106.30096905015607,33012464
2009-11-11,113.1449966430664,114.67398204096189,108.48522794477537,108.48522794477537,33805130
2009-11-12,112.69904327392578,115.85713398064219,111.67062188592612,112.8628661501572,29998570
2009-11-13,112.84466552734375,114.03690983656578,111.64331877719765,112.67174722207938,14861315
2009-11-16,115.55679321289062,116.49420421227218,113.03578216285098,113.21780289848941,14593185
2009-11-17,114.04600524902344,116.85825227299867,112.1347734956846,115.5840930920576,21369810
2009-11-18,117.66825866699219,118.28712640341581,113.62736437168316,113.76387993278307,18345318
2009-11-19,115.96633911132812,119.57038614742888,115.05622842100223,117.76835561130576,17495626
2009-11-20,116.84004974365234,117.76835831791449,112.03466294250863,115.47488016775215,15135040
2009-11-23,117.85027313232422,118.84229177122262,116.58521636770887,117.65914995335879,10938248
2009-11-24,118.32352447509766,120.77172294617033,117.41341380629295,117.77746228465837,18887649
2009-11-25,117.28600311279297,119.58857662545311,116.7308314527327,117.4953241495406,11678261
2009-11-26,115.28375244140625,118.27802014250759,111.17005303101656,117.95037440420248,36348981
2009-11-27,114.5374755859375,116.494212672298,111.03354809814498,116.494212672298,18714274
2009-11-30,120.7080307006836,121.37241769270203,114.87422192633234,116.09377363085784,21438711
2009-12-01,127.96160125732422,128.81710432570546,121.60902427275549,124.28474872605469,29735953
2009-12-02,133.42225646972656,135.41540303364957,128.68968960781774,128.68968960781774,45129977
2009-12-03,128.6532745361328,134.41426947218793,127.94338251808894,134.41426947218793,22038961
2009-12-04,129.15383911132812,131.03777046760243,125.59531146246208,125.59531146246208,15958757
2009-12-07,128.14361572265625,131.7567580127133,127.43373769859554,128.5076712107445,14578438
2009-12-08,131.6930694580078,131.96610059155373,126.53275015446657,126.53275015446657,17097708
2009-12-09,130.96498107910156,132.67598734159802,130.2004883219799,131.05599145322813,11658117
2009-12-10,129.8273468017578,131.75678371684114,129.41780008842395,131.32903212012957,11966869
2009-12-11,129.58160400390625,132.1481273833887,128.50768441753493,130.84666783002353,11618431
2009-12-14,129.33587646484375,131.05599219619222,128.70789926535187,129.23577066719565,10189184
2009-12-15,125.35868835449219,130.546321657862,124.88543161369029,128.87172520153098,15835236
2009-12-16,129.15383911132812,129.77272080824994,124.59418343395467,124.59418343395467,23258422
2009-12-17,129.63621520996094,130.6737390415606,128.1163251888438,129.5816005663186,14688911
2009-12-18,133.59518432617188,134.68732271927323,129.43597985391048,129.6362054599148,22469601
2009-12-21,132.35745239257812,136.31643178006829,131.7294751901917,134.15037362467544,13163452
2009-12-22,132.1026153564453,134.14126745848577,131.12880151214668,133.57700031202,9152598
2009-12-23,135.8704833984375,136.66229055188577,132.14813918669137,132.5303855918863,12325434
2009-12-24,141.94093322753906,143.40620875927777,135.97060180179997,136.17082744394312,24521152
2009-12-29,143.0785369873047,144.307190923654,140.33910260383186,142.8874208395086,14875284
2009-12-30,143.08766174316406,145.01709848795488,141.06721462566495,141.06721462566495,15049219
2009-12-31,144.07969665527344,145.5449722426739,142.17756000073,143.80666550638304,27676037
2010-01-04,150.43226623535156,150.8964135478166,143.67014182535686,143.77934304983302,27906448
2010-01-05,147.8111572265625,153.75418884474482,140.96711716114748,149.25822799668813,23669317
2010-01-06,148.0386505126953,149.87707677061968,146.5460748785036,149.20359443994028,14990820
2010-01-07,142.97845458984375,148.94878590791174,141.9773263971826,148.25709861445011,22722030
2010-01-08,143.76116943359375,146.49149513182857,142.89655670445103,143.79756516739894,16495776
2010-01-11,143.8248291015625,145.43572941815353,142.38685409429465,145.43572941815353,11776347
2010-01-12,143.12405395507812,145.07169553380098,142.16844506511345,143.43349482914414,10657130
2010-01-13,142.87831115722656,144.59842666541527,140.5393279889872,142.88742061519696,17659374
2010-01-14,142.3686981201172,144.2162202256276,141.89542725908973,143.06948091501954,8626217
2010-01-15,145.1081085205078,146.25484763563162,141.06721429498208,142.52338025490087,18955837
2010-01-18,147.59271240234375,148.11147436612796,142.93295015166126,144.46193573674046,18756613
2010-01-19,146.83734130859375,149.03980949145094,145.99093349053638,147.9840805929868,11559642
2010-01-20,146.51878356933594,147.87485790223587,145.4448638764943,147.43799684278034,10185363
2010-01-21,142.4778594970703,146.28213195279406,142.03191714227054,145.56314447420468,9291983
2010-01-22,141.62234497070312,143.3424603337438,137.2447103937485,138.77370962542,12698513
2010-01-25,139.91136169433594,142.52337615314323,138.33687106656984,141.649682216795,8448704
2010-01-27,130.68283081054688,138.7737282658381,129.4541908509133,136.8806873592667,16092885
2010-01-28,129.4359893798828,133.72261429039222,127.8250889914423,131.96608888861985,27120072
2010-01-29,126.3871078491211,129.56338925239692,122.22790327054332,128.32563986118697,20899408
2010-02-01,131.0286865234375,131.6657591198373,123.474755556824,125.17666633629584,24102055
2010-02-02,129.13565063476562,134.69643504699647,128.3347621463729,132.87621352079975,21818956
2010-02-03,131.338134765625,132.33015347869014,129.11746194015743,130.14587638194203,11665708
2010-02-04,125.52251434326172,131.9660877701184,124.88542772407163,131.23800481806774,14364089
2010-02-05,122.35533905029297,123.50207822280672,119.79792499736271,121.95488777681574,22246872
2010-02-08,122.54644012451172,125.21306910848463,115.35656507911142,122.87408586319823,17350173
2010-02-09,123.1106948852539,125.23126146210952,120.8718316880226,121.09024812248703,13384786
2010-02-10,121.90026092529297,126.32340130108123,121.40879932396699,124.68520064204316,13442883
2010-02-11,125.19486999511719,125.94115783655542,122.60106041324468,122.86498206463108,10099224
2010-02-15,124.34845733642578,127.85238451413066,123.86610520187055,126.30519424962061,12144363
2010-02-16,127.98889923095703,129.0537373539837,124.68519768799979,125.0674440315143,10227647
2010-02-17,129.5087890625,131.42002077829582,128.88081192472814,129.23575796540706,12520479
2010-02-18,129.20848083496094,131.03779793523748,128.05263213993854,130.05487458051087,11860551
2010-02-19,127.379150390625,129.12656657826705,125.12208167536488,128.1436432181999,12664376
2010-02-22,128.3347625732422,130.09127403590037,127.69767591345897,129.2357708982726,8688478
2010-02-23,127.36092376708984,129.58159637197664,126.50542070303077,127.23351767500675,13054284
2010-02-24,124.58509826660156,127.11519779355666,122.86498261481287,125.95936328182795,15428009
2010-02-25,121.48162841796875,125.23128675196487,120.38039445746695,125.23128675196487,23716569
2010-02-26,129.45420837402344,131.17431016480413,121.04477349458797,121.04477349458797,27928931
2010-03-02,145.2628173828125,147.00113798471358,131.05599132125047,131.05599132125047,49889228
2010-03-03,147.30145263671875,148.1569556696785,144.7440389597486,147.43796818222435,34628599
2010-03-04,147.9840850830078,151.02385171587076,145.46306643676033,147.23778305236914,36989165
2010-03-05,144.5711212158203,148.89414136884707,144.10695996020183,148.89414136884707,27008963
2010-03-08,145.1900177001953,148.73035507856162,144.37092430110738,145.61776928250396,20424255
2010-03-09,141.25833129882812,142.88743662673426,138.88293810481733,142.88743662673426,57668210
2010-03-10,141.74978637695312,144.30720019884478,141.14910952100286,141.6132708237116,22771045
2010-03-11,140.22991943359375,142.4870022167383,139.565546439131,141.97733564580605,13225081
2010-03-12,138.5006866455078,141.80438833038826,138.12754974422916,140.7031544354281,18038608
2010-03-15,139.9932861328125,141.19462590384802,136.88070039251895,137.4267766849413,17543044
2010-03-16,143.0785369873047,143.49719307869088,140.53932820961265,140.7031440557443,14401329
2010-03-17,142.0683135986328,144.84415774296764,141.61326178354344,143.761128808597,18807902
2010-03-18,142.0319366455078,143.6155227857574,140.92159322657724,142.46878363849666,10309081
2010-03-19,142.64169311523438,143.15134554439783,141.0672025729876,141.15821293792004,9961296
2010-03-22,138.37327575683594,142.5688761121467,138.08203977667998,141.43124653040098,15177582
2010-03-23,134.5690155029297,139.87497369723124,133.9683526430173,138.3368787107364,24082386
2010-03-25,132.00250244140625,137.0627156403289,130.00935563543752,135.60654968207209,44001415
2010-03-26,136.4711456298828,137.75440027793118,132.58497192301374,133.14923902835903,39431276
2010-03-29,134.80564880371094,138.24586618669187,133.79542523628544,137.0809221771043,26307691
2010-03-30,137.59967041015625,138.26405729938554,134.80563537888946,135.58833293464417,27946856
2010-03-31,137.918212890625,139.52001783442861,136.7350780998513,137.97282753342503,16156899
2010-04-01,141.549560546875,141.97731208695544,138.33686926699343,138.33686926699343,20006815
2010-04-05,142.24124145507812,143.43348565369178,137.60878020759986,142.55068230934918,16111998
2010-04-06,140.91249084472656,143.05124858882132,139.88406242858335,142.8692278477193,11920952
2010-04-07,144.77137756347656,145.2537297645497,140.97621388277938,141.05811480212353,20079249
2010-04-08,141.62234497070312,145.07167111784258,140.04785459759748,144.8896504075315,11364522
2010-04-09,147.374267578125,148.22978470213224,141.9773133649165,142.88743109617198,29347237
2010-04-12,142.16844177246094,147.4288803651661,141.63147498464915,147.4288803651661,29781931
2010-04-13,141.01258850097656,143.19685130430756,138.53708972145844,142.52336898663387,49489395
2010-04-15,141.1309051513672,145.14448448987477,140.52111889528345,141.97729869312454,30353385
2010-04-16,142.8419189453125,143.69742199145279,140.93978266469244,141.06720279025208,17014035
2010-04-19,141.21282958984375,141.88631198133615,138.95576105411072,139.47452300040658,18251422
2010-04-20,144.22528076171875,145.4084295557851,141.43124568233085,141.43124568233085,21190375
2010-04-21,147.3287811279297,147.80203791679594,141.09452791523367,144.5620458923698,24958473
2010-04-22,152.2888641357422,155.57437485031383,145.7997716868016,146.8737052371308,53118709
2010-04-23,153.70863342285156,154.4458258068671,150.62336237435528,152.5345940906112,28966138
2010-04-26,154.86451721191406,156.68473897736624,151.98856654177663,154.17282985308958,15735528
2010-04-27,154.0908966064453,155.59258184107995,153.45382397678378,154.5914677087547,22734583
2010-04-28,149.5403289794922,153.6085230862043,127.41553287282044,151.0966146088974,19690948
2010-04-29,153.36280822753906,154.70067754632765,149.86799027381446,151.06023457495195,41823624
2010-04-30,158.83258056640625,159.90650014374302,153.80876313988753,154.35482536932787,30858379
2010-05-03,155.52890014648438,160.6710149179957,154.29113646547356,158.5413663166049,23773791
2010-05-04,153.299072265625,158.2682742574993,152.55278453014017,156.3661521795598,18968476
2010-05-05,151.96124267578125,153.18988270259544,146.77360934301583,149.25820373726825,18946811
2010-05-06,148.06594848632812,151.98853173875273,146.74629818476242,151.98853173875273,24010448
2010-05-07,138.8374481201172,146.49148589658358,137.99105436545938,146.49148589658358,28801931
2010-05-10,148.09327697753906,148.71214471570391,139.34710140270954,144.16158389113065,22222064
2010-05-11,145.5995330810547,149.07615963999035,144.38909812555394,148.63931272833932,21729699
2010-05-12,146.1001434326172,147.78384954704535,144.0705866353537,144.72587823352129,19139875
2010-05-13,151.23313903808594,152.33437291706417,147.28325536402872,147.4288803751099,23865686
2010-05-14,148.57562255859375,151.98853951647953,147.5471941454847,151.4424772947845,13830264
2010-05-17,143.6519317626953,146.89192355438573,140.9943979464146,146.89192355438573,24175191
2010-05-18,140.58486938476562,144.70767918443428,139.28340963205264,144.70767918443428,22833144
2010-05-19,130.12765502929688,139.24696555648035,128.69877561740145,139.24696555648035,42604941
2010-05-20,129.58160400390625,133.29486649654825,126.5691382216503,130.69194738981795,32478158
2010-05-21,129.20848083496094,130.01847884939178,123.13802940245318,125.59533778926973,42409395
2010-05-24,128.68060302734375,134.5872242512285,127.77959467544659,131.05599633842562,27683087
2010-05-25,122.58284759521484,127.3063191804605,121.95487046823982,127.23351369638318,22896567
2010-05-26,129.14476013183594,129.9456486204639,122.86498814473217,122.86498814473217,26941684
2010-05-27,135.01495361328125,136.51663863135875,128.2255300375733,128.70788215181364,46147010
2010-05-28,136.4256591796875,140.83059541149336,135.16060923927364,138.33689126224178,39059693
2010-05-31,137.4267578125,139.11955899617448,134.8784395608741,137.22653220546604,22413182
2010-06-01,131.95700073242188,138.04564252872274,131.15609820535897,136.17082038637574,24048880
2010-06-02,135.8158721923828,136.48935456978006,132.16631972626135,133.78631560116617,28703946
2010-06-03,139.65650939941406,140.52110775185824,137.42674171749377,137.42674171749377,24720427
2010-06-04,140.44833374023438,141.22193594923652,137.53597372307289,139.7384415997555,17680584
2010-06-07,134.16856384277344,137.60878090917748,133.3130467600903,137.60878090917748,27858317
2010-06-08,133.93194580078125,137.69980909079683,133.05823776094516,134.15037631977702,26978136
2010-06-09,132.5212860107422,135.55195717130746,131.63848244716624,133.78633600800703,33286679
2010-06-10,138.1730499267578,138.78282218884732,132.87620168678268,134.45069225436842,24950044
2010-06-11,139.22877502441406,140.6849548855301,137.90911070938907,140.06607318100143,26420786
2010-06-14,138.3823699951172,140.66675263355137,137.2720407256036,139.79304470055837,17644648
2010-06-15,138.28228759765625,139.97508910883553,136.40745128801854,138.51890897420128,16351196
2010-06-16,142.041015625,143.43348543091184,139.24698059118342,139.24698059118342,26018942
2010-06-17,146.0181884765625,146.61886525893837,141.06719133201267,142.7053918064007,23857959
2010-06-18,145.9453887939453,147.80200577881604,144.343598013471,146.52786072068955,20921856
2010-06-21,146.94651794433594,149.8679873375929,146.54608073496996,147.25595881915393,19993034
2010-06-22,145.1900177001953,147.34698049450333,144.0887837086222,147.34698049450333,15775037
2010-06-23,143.98866271972656,146.87370823113173,143.44258647512092,143.81573740592265,17385856
2010-06-24,142.92384338378906,145.21732180460037,142.29586614693733,144.21620762397424,15245467
2010-06-25,139.95687866210938,143.61552671865104,139.3835160908509,142.9238394276758,17019276
2010-06-28,143.66104125976562,144.49833959485065,140.15711342416157,140.15711342416157,12556784
2010-06-29,140.3300018310547,143.6154982671166,139.52000401697768,143.6154982671166,14291135
2010-06-30,141.7042999267578,142.31407228574838,138.1184572341251,138.38239295307773,17480177
2010-07-01,138.8374481201172,141.99553928969556,138.54621208729193,141.57688310621305,12274979
2010-07-02,139.5018310546875,141.2219468935346,138.8829492395242,140.15710860029438,12038767
2010-07-05,138.9193572998047,141.93182330956867,138.1730693830341,139.23789362704787,16098868
2010-07-06,139.7748260498047,140.48471806171958,138.51887189712073,139.23785933025755,14020533
2010-07-07,136.6895751953125,140.13888787039232,136.2254138864264,139.52002016135677,12754144
2010-07-08,137.63607788085938,139.44720375342183,137.36304679212174,138.33686048251496,11395778
2010-07-09,140.28453063964844,140.61216239879786,138.1548680605864,138.51890958681807,15919247
2010-07-12,143.8248291015625,144.38000075413223,140.57574220203918,141.4312452542508,22252204
2010-07-13,145.96363830566406,146.47329087029655,143.35160925828998,143.9795865577022,14691923
2010-07-14,145.6177520751953,148.3116813939178,144.7076484059758,146.89191124824808,13678058
2010-07-15,147.3469696044922,147.80202145924272,143.97955780704612,145.6177585202941,15651496
2010-07-16,151.5153045654297,152.14328182511457,147.24688389880723,147.43800008941673,26426881
2010-07-19,150.22291564941406,151.78831083004314,149.46753239854957,150.5323565165854,9332836
2010-07-20,147.99314880371094,151.62449622128705,147.255956391555,150.89639923159214,8860549
2010-07-21,149.32191467285156,150.33213823356803,148.60292711259785,148.89416311306059,9242644
2010-07-22,152.3525848388672,152.89864707433006,148.34810037318024,149.0761833537974,13248283
2010-07-23,152.60739135742188,154.16369098524552,151.33324630596604,153.28087364193487,13194906
2010-07-26,149.47662353515625,153.11706624086983,148.91235645974663,153.08067051622277,8951373
2010-07-27,153.7268524169922,154.3457341896213,149.4402273040655,149.4402273040655,14545160
2010-07-28,155.5925750732422,156.2660574383342,153.26270113584923,153.26270113584923,14313133
2010-07-29,157.75865173339844,158.22279902802907,153.8815732929071,155.82921495420052,18101253
2010-07-30,154.05447387695312,156.68469292330917,153.4902068394933,155.44694360950305,10827028
2010-08-02,154.2365264892578,157.06697171949165,153.48112911851027,155.4378662931322,11074418
2010-08-03,153.2262725830078,155.8109864731419,152.73481102159678,155.61076087270982,14728713
2010-08-04,153.70863342285156,154.35481544114754,151.98853189629386,153.444711783952,7603626
2010-08-05,156.72113037109375,157.76774969272884,153.42652388781508,153.99079102496947,14736203
2010-08-06,162.67323303222656,164.14760371307761,156.22053656702866,156.53908687216585,34896871
2010-08-09,167.35121154785156,167.77896309032104,162.90986622968003,163.58334857621887,21464474
2010-08-10,177.139892578125,178.93479730602613,164.1685093188719,171.16306002749783,81052897
2010-08-11,186.28089904785156,189.57464180597796,177.92629064129534,178.05582409950222,82490235
2010-08-12,189.61167907714844,191.18453063244255,183.29253402659418,186.33645675140448,34680035
2010-08-13,187.52069091796875,191.51757874865862,186.42894556808335,190.03724728008038,19571364
2010-08-16,185.29095458984375,189.2323365369667,183.69035007919263,188.15909792312905,13504956
2010-08-17,186.27166748046875,188.51991074478323,184.67106302043896,185.938587534042,20910035
2010-08-18,193.9786376953125,195.86604791777583,187.44667211940074,187.63172604666633,33446080
2010-08-19,192.52606201171875,194.29319933536672,190.95321062451384,192.44278845670394,15331571
2010-08-20,187.8815155029297,192.07270365746658,187.41891636369172,190.35182629813545,20173575
2010-08-23,187.8815155029297,189.88921288995425,186.15139186839107,188.7142082225012,12888823
2010-08-24,187.2153778076172,188.7419693006186,186.35494622602803,187.9833038263891,9869360
2010-08-25,183.6163330078125,187.52994750362333,181.91394815811165,186.42895581828284,15772252
2010-08-26,184.56004333496094,188.3626455571266,182.66337249619502,183.190738396227,30891404
2010-08-27,183.33877563476562,187.24314390023403,182.6541231768075,184.48602724838634,12903049
2010-08-30,183.1629638671875,186.8730315535971,181.37731989036865,185.78128624063768,13117949
2010-08-31,186.956298828125,187.798237740058,181.59010653416348,182.26551262614612,32532480
2010-09-01,187.03033447265625,188.64944576563528,185.6240302037053,187.8167672961313,14422741
2010-09-02,188.17758178710938,190.9532051601474,187.63172336422883,188.92700095396626,13703574
2010-09-03,187.58544921875,189.7134337973434,186.93781042375224,188.76046815526354,5986873
2010-09-06,191.51760864257812,192.4428070367642,188.667971904384,188.667971904384,10815687
2010-09-07,192.28550720214844,196.23613546469392,191.14750184058374,191.14750184058374,11105372
2010-09-08,191.12899780273438,193.12743463769417,189.87996586279502,191.51758393194405,7991987
2010-09-09,187.78900146484375,193.071935166016,186.64174985658516,191.3325509336994,11910673
2010-09-13,190.03726196289062,191.42507371371786,188.24235724313337,188.9640233488678,12417880
2010-09-14,195.2554168701172,197.623947428678,189.6671847033108,191.51759563495042,28712790
2010-09-15,189.59315490722656,199.65939537866558,188.57543675624115,197.06882581630435,32875429
2010-09-16,190.3703155517578,192.62780485051462,188.7419439015832,189.75967618294231,18527507
2010-09-17,191.610107421875,193.90461060242058,190.49985520193601,192.2577462266224,14344420
2010-09-20,195.67176818847656,196.34716010897907,191.8876728103382,192.43354552727445,13433877
2010-09-21,199.95545959472656,200.7696455221198,194.55226722258956,195.7735318447357,24206907
2010-09-22,198.1605682373047,205.21062498218464,196.00483050250713,203.3417215522534,15792487
2010-09-23,198.78968811035156,199.84441982134405,196.60621168226638,198.73418192301207,11276250
2010-09-24,198.5306396484375,199.3540718146723,196.54144910296216,197.43889427686068,8037616
2010-09-27,200.52908325195312,202.6200542390188,198.04954039427346,201.78736150057065,11043551
2010-09-28,199.9369659423828,200.76965874459225,197.3463962366143,199.65016015516946,8215034
2010-09-29,204.73876953125,205.36790149407653,199.94620259281814,200.00170878082466,20404829
2010-09-30,203.1936798095703,206.32087574228547,201.00094271961268,205.38641689952794,15719417
2010-10-01,206.16357421875,213.7225036978326,203.7302914553404,204.4704500403611,34713076
2010-10-04,210.7711181640625,212.24218917662694,203.5452537646902,208.3378209377528,17769624
2010-10-05,209.90142822265625,211.89986514356042,208.76342288054212,211.86286577234264,10861094
2010-10-06,210.7063446044922,212.9638483721532,210.0216921733723,211.67781706224585,14441525
2010-10-07,208.85592651367188,212.42721456136135,206.8112298356191,210.94689737280956,9498570
2010-10-08,204.09112548828125,210.88214379776352,202.24997516258392,209.91067131322907,13647423
2010-10-11,213.09336853027344,214.41641339613443,204.6554865902005,206.87597658060938,13036338
2010-10-12,214.01858520507812,215.55442293957924,211.9553815874588,212.95460716344843,14779922
2010-10-13,217.6731414794922,218.81114677109505,212.58450816821883,214.01857976114164,13505826
2010-10-14,218.9499053955078,221.12413539756525,216.7849216677167,217.97844730198804,13352852
2010-10-15,213.91683959960938,220.16197151012804,212.9268602041434,219.0887328213132,9338355
2010-10-18,216.30386352539062,217.93223551967375,209.51285883850684,211.87212899843286,15690758
2010-10-19,217.2660675048828,219.82889833805623,216.4981557245773,218.3485667021829,10234859
2010-10-20,214.212890625,217.7934395135217,213.35244477261855,216.47964077695957,7828280
2010-10-21,215.96151733398438,218.06173460503007,214.83277255026513,215.57293119284253,10193262
2010-10-22,212.58450317382812,217.43259052766018,211.8998507599198,217.12726368941227,10673084
2010-10-25,219.39404296875,220.18046153663462,213.77804353511843,213.77804353511843,9469365
2010-10-26,221.07789611816406,222.04936857127825,218.08023374477295,219.42178550614278,14224144
2010-10-27,221.31845092773438,222.41944255099554,218.9961804937562,220.19895248571518,8511909
2010-10-28,220.68006896972656,223.89978471230617,219.32001035677382,222.0493738580286,16175042
2010-10-29,214.46267700195312,221.43872019482063,211.15044164293653,220.68005478979345,10778624
2010-11-01,216.60916137695312,219.24599070005442,215.2583490803036,218.27453252220664,7876703
2010-11-02,213.583740234375,217.6083813849153,211.88136965156036,217.46035536421124,11642340
2010-11-03,219.3755340576172,220.55053876045721,214.96230674470127,215.00856666001826,8046298
2010-11-04,228.3500213623047,229.45101301772723,217.9784687878653,221.1056646431538,18715401
2010-11-08,234.86349487304688,236.83417885949703,229.92290122348936,231.301452532583,14387391
2010-11-09,234.98374938964844,239.44323667289328,233.45717216535635,237.02846050219222,19715842
2010-11-10,241.01608276367188,249.4354438467591,240.0353497962476,249.0653645497342,28740933
2010-11-11,236.103271484375,244.84648207358796,234.02156079268178,244.0693097015173,19481339
2010-11-12,230.60755920410156,238.869649515998,229.74711326559796,234.0770817877476,15998145
2010-11-15,231.70852661132812,232.74475157761484,226.4903596018403,230.74631465643108,14427209
2010-11-16,223.0763702392578,234.16958997051194,219.71787448607233,234.07707013389802,18540530
2010-11-18,227.7393798828125,228.89589198568865,217.6824005204266,225.38011003264597,25559314
2010-11-19,220.013916015625,230.37622216194472,217.79342591825446,229.45100963115695,16342448
2010-11-22,227.17501831054688,228.28527058770345,220.39326025506165,223.1596375376569,10901483
2010-11-23,224.54742431640625,227.4895805816578,218.57060622525066,225.38011705171388,17503687
2010-11-24,225.53741455078125,233.28138459298927,222.99309057564477,225.02854119438746,20702923
2010-11-25,223.1226043701172,231.28291294590244,222.0586121030837,227.69311801607356,18600774
2010-11-26,215.8412628173828,225.36163122181904,210.5768355086416,224.26988571574788,23512958
2010-11-29,219.45880126953125,220.96688597848387,211.87211780778043,215.7394868209914,11346172
2010-11-30,228.5165557861328,230.2374474208313,215.26761365250795,217.43259760874403,18689167
2010-12-01,238.10169982910156,241.10862290873993,226.90671453692062,227.6006132773246,30293120
2010-12-02,244.2820587158203,245.8271569968666,239.7763258799208,240.33144485895576,28966482
2010-12-03,243.2735595703125,249.19488509148394,241.09934381301582,243.51410539333025,28659135
2010-12-06,251.25811767578125,255.72686542796006,244.8186861249773,245.17951917037323,44883612
2010-12-07,247.10389709472656,250.23110672722856,242.8109435259758,249.8240138424434,24262518
2010-12-08,247.23348999023438,249.23194126193025,239.81332500472985,246.4748102184569,37380826
2010-12-09,235.7146453857422,247.95512957664204,232.9667894502638,247.4092568995293,27527774
2010-12-10,230.85731506347656,234.63214944254122,224.26984388191516,234.44710980063098,22295766
2010-12-13,236.33456420898438,239.4062540473796,231.8935694309932,232.4116890556615,16594175
2010-12-14,241.6544952392578,243.32909848917913,234.68768340580453,238.14795936455468,19158776
2010-12-15,244.79090881347656,247.02990573630424,238.72157109908832,241.07159466744488,18236064
2010-12-16,249.25042724609375,253.2103160434652,238.93438027395774,244.0692880707669,19317192
2010-12-20,249.99058532714844,252.37763696117406,244.7169263312758,246.47480315060406,14196879
2010-12-21,249.8054962158203,252.37758700592246,246.62280889690913,249.99053584438627,10812054
2010-12-22,252.60894775390625,253.76544571268653,249.25043772856355,250.93431587928112,12828124
2010-12-23,250.3144073486328,254.3390771842673,247.1779792833727,251.8410131402603,10304407
2010-12-24,241.69151306152344,249.62050845368248,240.9420795798073,248.32523078458644,16127932
2010-12-27,240.7570343017578,244.42084245355204,239.23044281552896,241.29366073874638,8742582
2010-12-28,234.7987060546875,241.88579069499883,233.75323482576306,241.57121756430413,18243573
2010-12-29,235.7146453857422,236.8341438337826,231.67149762649072,235.002239876797,15456785
2010-12-30,240.58123779296875,241.47869726815728,235.59438470241233,235.74242499201867,14592932
2010-12-31,242.09854125976562,243.49561336690698,239.81328459148529,241.66370952252709,8846131
2011-01-03,242.11709594726562,247.02992188320545,240.77555837604854,245.67913803631615,8480698
2011-01-04,240.25743103027344,244.3653459505704,237.78713431254076,243.125574453742,11792059
2011-01-05,237.3707733154297,242.38539357480303,236.1124951130477,240.5534895940515,7965283
2011-01-06,233.3368682861328,240.72000455591845,230.9961052944195,238.55503493958707,11030563
2011-01-07,220.23599243164062,233.77174145254628,214.64774582890524,233.15185569823137,21823221
2011-01-10,217.73789978027344,223.32614565042172,214.16661175242064,220.3839895704204,24076605
2011-01-11,214.28689575195312,221.84582567449925,211.04867321462405,219.07020227994767,21430559
2011-01-12,225.380126953125,226.32383211025194,217.60838958091398,218.34856251914292,24175519
2011-01-13,228.8403778076172,230.73704857625467,224.26986399703657,225.9352351925406,28974199
2011-01-14,218.79261779785156,226.6753804887022,216.86819416860243,226.6753804887022,17378776
2011-01-17,218.1357421875,219.82888072436293,213.8150348272932,219.72710035217503,12138596
2011-01-18,221.96609497070312,223.64072667050192,218.71862621116244,219.2737451734243,14289937
2011-01-19,220.7078094482422,223.51118579887026,218.9591790674822,223.49267898028614,12275924
2011-01-20,221.0686492919922,222.4194473251241,215.04555719694966,219.25525212469375,11811864
2011-01-21,219.7178497314453,222.78952508368897,216.93298013281384,220.19895568142255,10804575
2011-01-24,219.8843994140625,221.6422905153212,217.4418558389563,219.71786656794782,6420389
2011-01-25,215.75796508789062,221.82731716303388,214.6292203343343,221.82731716303388,12718970
2011-01-27,221.28143310546875,221.9568392292361,216.6831665058387,218.7093706081982,21052972
2011-01-28,212.85281372070312,220.18044371315403,207.61615458155734,219.8288712356422,15697246
2011-01-31,212.25144958496094,214.4626935090699,205.7842649225864,206.3208770853671,12785820
2011-02-01,197.8182373046875,213.06561630646908,196.69873882087802,213.06561630646908,25801333
2011-02-02,206.18211364746094,208.89297057795198,199.3448491225281,201.19526014668818,22464911
2011-02-03,214.05560302734375,215.48041414024974,202.43501801405142,203.50825662098978,14176336
2011-02-04,212.95460510253906,220.1897013762211,210.94690769459638,212.84357845417654,24900735
2011-02-07,212.12191772460938,214.61998170341627,205.54370636199081,211.15045949758516,17675020
2011-02-08,205.81201171875,214.24063365127822,204.33168020802597,212.79731577917602,15107437
2011-02-09,198.66017150878906,206.83898691655668,194.75580345704142,203.5452440092812,24693875
2011-02-10,204.00787353515625,206.67245615170367,198.66018721265218,199.10427955909537,15376154
2011-02-11,211.446533203125,216.49815325950726,203.31396270885753,205.0996211964838,18418788
2011-02-14,223.760986328125,226.08325667957345,220.54127085376192,220.8465834111195,22358249
2011-02-15,228.9606475830078,230.91282439311138,222.3916831299678,224.62143367565895,20341477
2011-02-16,229.1641845703125,230.3206966411349,225.25983086843527,228.34075242779707,8898446
2011-02-17,231.04237365722656,232.12485850498345,226.7124057283124,227.96143768260367,8783062
2011-02-18,223.0763702392578,232.7632713312469,222.25293798581612,231.11640682436348,13037718
2011-02-21,214.9715576171875,223.6592326828476,210.09571677789205,222.97458021393805,22259966
2011-02-22,210.36404418945312,213.53750034621336,207.74570706581116,212.79734163538902,12652636
2011-02-23,211.66854858398438,215.2028372539008,209.11497861023383,210.02168430095804,10373475
2011-02-24,195.10739135742188,211.29849061905495,192.19298806812918,210.76187843925183,27479492
2011-02-25,205.52517700195312,208.1712667128172,198.46586043778876,200.21450503117907,23675008
2011-02-28,200.3533172607422,208.43035316601564,195.2184235556008,206.32088948993353,32936017
2011-03-01,211.28924560546875,212.05715737330397,203.01789539977412,203.3602216391062,16617058
2011-03-03,217.70089721679688,219.21824238033565,207.2460852542114,210.5398139782918,24321630
2011-03-04,217.56210327148438,221.03162515075516,215.73945991568777,220.88359914243298,16747431
2011-03-07,208.7171630859375,213.72252307008688,207.43113172031846,213.72252307008688,15032881
2011-03-08,215.04556274414062,215.55442180485,208.1712852111183,208.35632486955805,11187862
2011-03-09,215.2583465576172,217.70088992410112,213.3524295934766,216.73867803259878,8613937
2011-03-10,215.5729217529297,217.40482572824476,212.98235234840593,215.77646822451393,9448044
2011-03-11,215.1288604736328,216.86824487358882,209.46660062844708,213.90758146795412,10636263
2011-03-14,217.57139587402344,218.29304774157796,210.9839236162963,213.72253359426963,7874601
2011-03-15,211.33551025390625,214.63848552191035,208.8467066889307,211.00243028293244,9013856
2011-03-16,215.85049438476562,217.31231914407522,212.22369985121932,213.16740499047492,9036527
2011-03-17,210.93765258789062,215.09182725407945,209.56834767102708,212.42723043152088,9032721
2011-03-18,206.77423095703125,213.3524423013779,205.950798754549,213.3524423013779,12633716
2011-03-21,207.46812438964844,209.7256281821811,206.35788644734743,208.92994909549938,9665340
2011-03-22,210.22525024414062,211.63156882253548,209.11499798388448,209.11499798388448,10590215
2011-03-23,210.37327575683594,211.81659360550051,208.3655784075413,209.38329649473917,8258485
2011-03-24,214.14810180664062,214.99928702668856,211.90910498135773,212.07563780792435,5973436
2011-03-25,219.06094360351562,220.55052132029937,214.88826247262767,216.66466020306243,8578910
2011-03-28,226.4903564453125,227.2120225358995,220.0879385359872,220.5690445067307,10631114
2011-03-29,229.3492431640625,230.5612614465115,224.36237602626815,227.85965113455987,10904318
2011-03-30,231.11639404296875,232.91129875053784,229.1919701326697,229.72858230156532,8188538
2011-03-31,230.99612426757812,233.31838063121225,225.93524375500334,232.2081426380962,12968559
2011-04-01,229.7841339111328,231.28295823835708,228.40556825842467,229.63609359930265,6426352
2011-04-04,232.07861328125,232.78177258406248,228.89591100134118,229.45103000774586,6545193
2011-04-05,236.9174346923828,237.75937372589678,230.20044351342466,232.8742866377556,9861795
2011-04-06,240.3129119873047,241.23813877821794,236.54733797475095,238.21270909914347,12918993
2011-04-07,238.86959838867188,240.92355554686725,236.20500184775682,238.65679138425824,7981152
2011-04-08,231.9120635986328,238.27748196532934,230.5797723723948,237.59282953288474,6889310
2011-04-11,225.66693115234375,231.28293067690404,224.03857352993393,229.08094723601968,6465806
2011-04-13,231.08863830566406,231.79179757837187,222.9560824266637,223.8627739111839,10990760
2011-04-15,228.68310546875,234.81722475179066,227.32306104033867,231.11640281356884,7786713
2011-04-18,223.13186645507812,233.66996669537954,222.23442122626838,228.97916552820624,8936854
2011-04-19,222.2899169921875,224.6306943281504,219.8936334669197,221.84582467091874,8257848
2011-04-20,231.625244140625,232.3284033941231,224.6584468768577,224.7694735241409,9279930
2011-04-21,230.14492797851562,232.78177178780675,228.1557372767588,232.1896391420895,6037869
2011-04-25,229.92286682128906,232.59670974564452,228.73860164377166,228.73860164377166,3600964
2011-04-26,233.3924102783203,234.44714209004928,226.5828848810425,229.63606793094772,5786749
2011-04-27,231.20892333984375,235.5203847633775,230.579791313695,232.96681447920207,6580068
2011-04-28,228.0261993408203,232.8280125808512,227.23976654675542,232.04159405572932,6905431
2011-04-29,228.8681640625,239.93361646063687,224.63996185600308,227.41558550059307,6356607
2011-05-02,226.7401580810547,230.1911876275042,225.51889349447808,229.72857421735335,5867512
2011-05-03,215.2213592529297,227.01772326344582,212.42722897823407,226.12953859761308,10442426
2011-05-04,214.51821899414062,217.58990903280102,210.79889008412866,215.20287150857592,8152829
2011-05-05,210.41952514648438,217.38632192604734,209.28151992710397,214.64771237987733,5394325
2011-05-06,222.04013061523438,223.52970844813862,212.04790330429856,212.7603088531707,11239677
2011-05-09,217.76565551757812,222.49345566890761,216.29458459418802,221.86432371341763,6402004
2011-05-10,219.50503540039062,222.68775156072044,216.6831665266961,217.60836475776233,7554666
2011-05-11,224.20509338378906,224.82497908285063,218.57984790946526,219.45878627216572,8956174
2011-05-12,219.64385986328125,225.75021184194912,218.8204133469207,221.6608037018609,9508238
2011-05-13,224.09408569335938,228.37779402908632,219.6716118733582,220.86512345861644,10128121
2011-05-16,224.96377563476562,225.71318053964131,219.2922559135992,222.04937249289486,12026138
2011-05-17,220.013916015625,225.38010874115383,218.08947794689044,224.08481690562812,7890571
2011-05-18,212.64004516601562,220.00467536440289,211.45577986861895,219.8751561573993,12912545
2011-05-19,212.95460510253906,215.71170741627796,211.32623328514637,213.55598398981414,10150008
2011-05-20,216.2483367919922,218.70012655792743,213.01936047690464,213.01936047690464,7206966
2011-05-23,208.99473571777344,213.53749682990937,207.8197309298995,213.53749682990937,9471877
2011-05-24,207.5884246826172,211.30773914678034,205.75650627811174,208.92996228089422,10603819
2011-05-25,209.79965209960938,211.30773679813478,207.2645886896925,207.33861597151622,9051142
2011-05-26,215.09182739257812,216.2575858277712,211.01166573493052,211.16895230185463,14230926
2011-05-27,201.48204040527344,217.4233319981589,200.21451593477695,217.4233319981589,36507473
2011-05-30,199.35406494140625,203.85981174364593,198.5213722598334,202.61079412470053,14337441
2011-05-31,202.67555236816406,203.56375126167444,199.04875805584211,200.05722986970846,21812058
2011-06-01,199.82595825195312,202.9901538754981,199.03027907342312,202.8051141970881,12190917
2011-06-02,193.9601287841797,197.99401612241385,192.8498765772754,197.99401612241385,13160850
2011-06-03,189.4451141357422,195.7735186599858,187.6779769225065,193.9231078969383,18193522
2011-06-06,189.42662048339844,190.92545887053365,186.93781704931962,187.16911662715955,10494787
2011-06-07,190.0742645263672,191.29552909304172,187.93703369850792,188.18684008447775,10702375
2011-06-08,190.32406616210938,193.11819646088773,188.92700814719208,189.27859492151887,10460791
2011-06-09,188.95474243164062,190.7681537760941,185.67027447636292,190.407320762131,15309118
2011-06-10,188.66796875,189.54690720978158,187.07661041587224,189.37112807919212,10366693
2011-06-13,186.94708251953125,188.51067341450454,185.79981660669552,188.00181432984914,9117445
2011-06-14,182.08047485351562,186.87304184213778,181.55310898615915,186.61398918048957,18158005
2011-06-15,183.95867919921875,184.689591643634,180.26710333352196,182.08050076096617,17065451
2011-06-16,182.01573181152344,184.8561077683931,181.36807872046367,182.72813736963974,8892139
2011-06-17,181.51611328125,183.67183670766713,180.63716063861594,183.55156378400338,7010420
2011-06-20,172.27333068847656,182.07125905389765,171.26485869843418,181.6179061184227,12139966
2011-06-21,173.23550415039062,175.74281415172567,172.08825265238053,173.56858407026886,15616489
2011-06-22,173.1800079345703,174.9656520134369,171.59789606024697,174.86387164222216,10873971
2011-06-23,174.8638916015625,176.14993732205613,171.39436915008218,173.01348057870266,14139804
2011-06-24,178.8330078125,179.93399947124195,175.46526610300526,175.46526610300526,12766323
2011-06-27,180.92398071289062,182.15450585150882,175.8353473203092,177.08437927848246,10943666
2011-06-28,182.21002197265625,183.28326060696892,179.08282590359295,182.08048849765407,8802407
2011-06-29,184.51376342773438,187.4003990171549,182.8854059877235,183.3572513756631,15611249
2011-06-30,183.96792602539062,185.76283090533335,181.5901490048275,184.67108537366434,12195990
2011-07-01,184.06044006347656,186.8915699202436,182.4505891839926,186.8915699202436,9831675
2011-07-04,187.19686889648438,189.6394124042146,185.6887842404693,186.70651664741675,10758485
2011-07-05,187.99253845214844,190.2963020967568,186.70650716278706,188.7419576043381,11706177
2011-07-06,191.610107421875,192.06346029277557,187.17837335535347,188.57543133838894,12015444
2011-07-07,195.30165100097656,195.80126374151803,190.03723894520306,191.16598361420785,13654837
2011-07-08,195.0333709716797,198.7896988951337,193.55303942464968,195.5884899509621,9533475
2011-07-11,194.820556640625,196.69873480085033,193.51601852687475,195.03336365652294,5947490
2011-07-12,189.64866638183594,192.9053814334127,185.96635156228282,191.70262367560065,10584332
2011-07-13,193.49749755859375,194.0156171099702,189.66715704877728,190.22227596664652,7318116
2011-07-14,197.64244079589844,200.12199783923046,191.58234933123867,192.44278086703517,11520113
2011-07-15,191.15676879882812,196.513715826069,190.46287002773622,196.4211817209789,8878692
2011-07-18,187.7797393798828,193.63629839211154,187.2616198102174,191.51757447093703,8426639
2011-07-19,185.73167419433594,189.1671370900323,184.60854769220927,188.9500517005466,15781460
2011-07-20,182.88140869140625,187.9402092709326,181.98478506885883,186.87370473637768,9583774
2011-07-21,184.41978454589844,185.9204305768535,181.72992864521967,183.64585200277472,6784341
2011-07-22,188.18557739257812,189.70511698880364,185.06157958407275,186.3074116629369,10848728
2011-07-25,189.9694061279297,191.0075996818887,186.3263183542307,187.62875818619284,6866089
2011-07-26,183.67420959472656,191.23409228751933,182.27737537430042,190.25253546600067,9788931
2011-07-27,180.77670288085938,184.5802535139934,179.0023491596605,184.04228518600496,8775628
2011-07-28,179.4553985595703,182.34344694741944,178.46439499935252,179.68190159851613,8238114
2011-07-29,178.964599609375,180.43694937033894,177.4356422853338,179.115616186111,6880178
2011-08-01,181.4940185546875,182.52276537358532,179.44595708535994,180.26706519562146,5798914
2011-08-02,180.5313262939453,181.75826500008694,179.32325192324666,180.27649765150687,8020515
2011-08-03,175.19883728027344,178.37945773865732,173.90581503637307,178.37945773865732,9026071
2011-08-04,172.51840209960938,175.2837447223318,171.83886393103657,174.170064850517,18964954
2011-08-05,167.9220733642578,168.3751085646244,164.2223635256131,165.92120185954144,12329189
2011-08-08,156.2377471923828,164.59987345558287,155.49214014521525,164.4205458196875,15712513
2011-08-09,149.88592529296875,154.97303696564714,147.9983126893904,149.68773332027945,25192785
2011-08-10,159.35227966308594,160.33385090467127,154.02921889274774,155.6336915907341,15591080
2011-08-11,160.2583465576172,162.89156607092934,154.21798946182236,156.4831215532687,19839717
2011-08-12,151.00904846191406,160.62643889428531,149.70659419442217,160.62643889428531,26623265
2011-08-16,151.3016357421875,154.76541012213283,150.07468247675465,153.29306038128763,11608592
2011-08-17,147.01675415039062,151.03736123406858,145.74261092734469,150.82029037229577,12842158
2011-08-18,141.95794677734375,148.6117731651307,141.17458198973006,148.49851437787694,12730058
2011-08-19,134.464111328125,139.6456023002915,132.5387411652948,139.1642706764437,28247800
2011-08-22,139.11709594726562,140.07977385607126,132.13292499601127,135.04928433759866,22426448
2011-08-23,137.34274291992188,140.98583043641074,134.96433736021066,138.73956256218756,18259149
2011-08-24,132.2744903564453,139.07933344098888,131.19855369094094,137.2294786964212,18160077
2011-08-25,134.82276916503906,136.2479289959771,133.1144841796574,134.2187319608284,17495480
2011-08-26,131.8497772216797,138.23934275634713,130.92484259668274,134.98320723431803,15389329
2011-08-29,137.91844177246094,139.00382510407718,134.0205259684612,134.3980455426535,17960125
2011-08-30,140.1175079345703,141.2689454520397,137.2011345305487,140.72154502577752,16232188
2011-09-02,142.46759033203125,144.08149514450562,140.06087408507508,143.0810596018216,19816233
2011-09-05,142.17501831054688,143.26983385149867,139.92876511265175,141.193461557392,10451048
2011-09-06,144.55343627929688,146.02577168497683,141.23123125258445,141.23123125258445,19074648
2011-09-07,145.1763458251953,147.3565304930018,142.35436612081594,145.58217652951103,14902265
2011-09-08,149.24412536621094,149.68772835971228,145.15744952776626,146.12957413480063,13366123
2011-09-09,144.38352966308594,149.38570792968065,143.5529749151792,149.38570792968065,10160626
2011-09-12,138.12606811523438,140.81592395278622,135.43622683349454,137.74854857475327,11310876
2011-09-13,131.75540161132812,139.8721311506112,129.82059912553092,139.02271205939914,16215981
2011-09-14,134.49244689941406,135.57783040424314,132.13293462835182,133.07673371445046,11644242
2011-09-15,142.7035369873047,143.83609561490906,133.5958052445925,134.9643135862811,13412005
2011-09-16,152.75509643554688,154.31237939842205,143.83612277967256,145.20464593563133,33598796
2011-09-19,152.61351013183594,155.44493604204357,148.93266518205397,151.00903739016005,16555452
2011-09-20,156.86065673828125,157.42695073430656,152.37758205832165,152.37758205832165,14652145
2011-09-21,155.5865020751953,157.521304396033,154.31235899119537,155.72807191166055,11410808
2011-09-22,145.9596710205078,152.47194195137544,144.96868213021872,151.66971284971285,11588731
2011-09-23,138.5979766845703,143.26982497367612,137.79574760812247,142.04287183035467,21565164
2011-09-26,138.50360107421875,140.1552637796519,134.25647672071256,139.21146483701207,9238603
2011-09-27,146.9978790283203,148.17764238034158,142.1372703205054,142.8451341540441,11703282
2011-09-28,147.281005859375,150.72590115466403,144.5911642834419,148.08324952645233,13007360
2011-09-29,151.8584747314453,153.69889725173405,142.70355207780864,144.87430423274677,20271766
2011-09-30,147.281005859375,153.7460869204605,146.5259666958327,151.29218052732077,12077181
2011-10-03,144.9686737060547,148.55513859317452,143.788910539882,145.3461932613699,7956053
2011-10-04,138.45640563964844,144.02486284796936,136.6159832186287,143.64734328587565,17778524
2011-10-05,139.11709594726562,143.31703068586538,138.40923212847846,139.87213516110305,8976242
2011-10-07,150.2068328857422,151.3393917905719,144.44961478541077,144.44961478541077,15888950
2011-10-10,161.15496826171875,162.759441053259,149.97086322486027,150.06524312107948,20441091
2011-10-11,166.8178253173828,167.95039876099932,161.7212666548318,162.9954099594234,23070737
2011-10-12,170.59303283691406,179.32324612752586,161.0605904182146,166.10995859773752,27429984
2011-10-13,165.9683837890625,175.73677565923708,164.93019039264826,173.0941094988082,18865685
2011-10-14,169.93238830566406,171.06494717303895,163.9863960286853,164.2223603485369,15041251
2011-10-17,177.53001403808594,180.45581997832514,172.71659558808997,172.71659558808997,24399749
2011-10-18,171.06492614746094,174.2738716555755,167.80880524815262,173.84916213251094,15186937
2011-10-19,176.4446258544922,177.67157904696128,173.56602449729453,173.56602449729453,12285365
2011-10-20,172.81097412109375,174.13230723423305,170.5930319869122,172.19750479090695,13764843
2011-10-21,168.13916015625,175.17052154070927,167.19534651839456,174.4154677192618,12452690
2011-10-24,175.68960571289062,176.91655903818452,172.38627991420216,172.38627991420216,13060616
2011-10-25,181.02207946777344,182.53217222076233,174.41542913187664,177.43561463785443,16613851
2011-10-28,195.17919921875,196.31175798388065,186.1658462671824,186.6377457526535,18062425
2011-10-31,187.2984161376953,193.95225750061604,186.63775681886364,193.95225750061604,13437473
2011-11-01,182.57940673828125,191.07365689438475,181.0221236614447,184.13668981511782,20701234
2011-11-02,181.3052520751953,185.83551660155587,177.5300267846232,179.60639923885637,23264805
2011-11-03,178.09629821777344,181.4468137878297,174.98173239831064,180.2670504790479,22020039
2011-11-04,177.53001403808594,182.8153319765676,175.31207188638922,182.62657218117332,18172797
2011-11-08,179.04010009765625,179.98389903846873,174.84015114360045,178.85134030949376,12369112
2011-11-09,174.36827087402344,181.1636822194141,173.47166178152008,180.6445927448069,14049057
2011-11-11,171.25369262695312,177.57720399624895,170.35708359878328,173.70759907883536,18714170
2011-11-14,167.80880737304688,175.07611752742807,166.25152454627755,173.7075944910776,15936797
2011-11-15,171.06492614746094,174.13230181455398,162.24033327805265,163.98637587313144,22496796
2011-11-16,172.05593872070312,173.4716517618576,167.76162420354257,171.77279902363506,16710245
2011-11-17,165.30772399902344,172.7166045770987,164.03358075798553,171.77280555100745,12718626
2011-11-18,160.7302703857422,162.3347432936473,157.568514521464,162.3347432936473,13024356
2011-11-21,152.47195434570312,159.73926502183082,151.15062116209413,159.73926502183082,13593370
2011-11-22,162.75946044921875,165.35492246036054,153.84048641456553,153.84048641456553,23977749
2011-11-23,158.88983154296875,161.53248311552048,156.2471654146037,160.4470997849753,14250198
2011-11-24,163.32574462890625,165.1189774785702,154.92585984180175,157.52133648400306,19639212
2011-11-25,162.1931610107422,169.69643618183633,160.02240865597824,160.02240865597824,20140276
2011-11-28,171.6312255859375,172.66940445347657,164.08076104294756,164.69424492957998,15485331
2011-11-29,167.4784698486328,171.58403912106107,165.82680706092782,170.6874155250776,13421718
2011-11-30,163.08978271484375,166.48748834087985,160.02240674993052,164.69425562468385,15219712
2011-12-01,172.7165985107422,175.02893515507859,170.7346060697497,170.8289859690439,16657469
2011-12-02,181.1165008544922,181.91873008055776,171.53686731710124,171.77281708947348,15915130
2011-12-05,180.83334350585938,183.66475505422738,178.56819680018782,180.12547970190667,11551076
2011-12-07,180.64459228515625,184.75014723096027,179.32325907006688,180.26705811240575,12558395
2011-12-08,177.95474243164062,180.7389788203179,175.40647036802002,179.55921541829636,12275776
2011-12-09,172.7165985107422,175.2648849033141,169.97956687539607,173.3772723616158,15030855
2011-12-12,167.3840789794922,177.24686510984296,166.2987102125264,176.5390013581825,14557815
2011-12-13,168.8470001220703,172.10313588651132,164.45830552186877,164.69425527931887,14435173
2011-12-14,167.14813232421875,171.48965113943527,166.2987132735669,166.9121825879266,14651520
2011-12-15,162.94821166992188,166.10996751492,158.08760302431395,165.1661539342191,18271794
2011-12-16,162.71224975585938,169.6492302937012,160.73025739587794,165.54366117476988,16090287
2011-12-19,169.69642639160156,170.1683258858871,159.73925972729228,162.33473605749091,20733578
2011-12-20,165.07179260253906,170.5930611867178,164.08078895910458,169.8852118384191,14724475
2011-12-21,167.0537567138672,171.67841533123567,164.8830045284958,169.6492329912702,21303228
2011-12-22,173.28289794921875,174.08512711862156,163.7504404837795,165.16615357383444,12456091
2011-12-23,174.55702209472656,176.82216880228773,172.43345979272547,174.5098321448113,10706784
2011-12-26,176.25587463378906,178.0491072842091,174.69859173265925,175.54802538591835,7173974
2011-12-27,171.8671875,175.9255524721439,170.68742414752404,175.54803285721235,6266197
2011-12-28,170.07395935058594,173.18852536922557,168.79981606008513,170.82899860076995,8871334
2011-12-29,169.0829315185547,172.24468703667594,168.09194264487718,168.37508232307076,10089218
2011-12-30,168.65823364257812,173.4716521715455,166.86500100109785,170.35708638481285,9387655
2012-01-02,173.6132354736328,174.6514144457823,168.75262661839608,170.78180916523084,10175802
2012-01-03,183.05130004882812,183.85352925957704,175.73679902167936,175.78398897525284,15868503
2012-01-04,189.89389038085938,191.1208291016667,182.1546656705405,182.95690938995983,22752471
2012-01-05,190.74330139160156,194.188196765296,188.95006878156119,189.6579325693066,21640778
2012-01-06,192.1590118408203,193.48034494523125,187.34559346063216,188.76130646137148,13553191
2012-01-09,189.32760620117188,191.309598793041,187.06247388986648,190.5073695879716,11603434
2012-01-10,193.57473754882812,194.84886623290168,189.7051324337161,189.7051324337161,11914873
2012-01-11,193.385986328125,195.65111864506343,190.41299015502025,194.6129251154,15624783
2012-01-12,194.6129150390625,197.72748091097674,191.16801951075442,191.5927436247897,12188062
2012-01-13,197.06683349609375,201.21957853882483,194.89606651138772,198.3409622476813,19211059
2012-01-16,201.73866271972656,202.54090646838662,192.48935924667373,194.4241618558208,21707417
2012-01-17,205.1835479736328,208.95877309568675,204.00378466456058,205.74982737519662,24063235
2012-01-18,201.83303833007812,207.5902560824946,200.70047949369018,205.13636404783924,24532641
2012-01-19,206.174560546875,207.87341338207264,204.239757950652,204.8060373771129,14566560
2012-01-20,206.7880096435547,208.8643818927401,203.4846842015632,207.54304880478082,10653576
2012-01-23,206.7880096435547,210.7048044040424,205.37229666044212,208.48686231212704,9225387
2012-01-24,209.47787475585938,211.88457674135415,204.3341265818446,208.58125115761516,13943106
2012-01-25,217.9721221923828,221.18106785167043,210.1857223461292,210.46886204151093,22641750
2012-01-27,226.37200927734375,227.83491228089983,219.5294083146493,221.41702086754972,26387260
2012-01-30,220.75636291503906,225.2866272473061,218.39683629266122,224.81472774515626,17473960
2012-01-31,230.0528564453125,231.75170921299312,221.8889222592167,221.8889222592167,13113944
2012-02-01,234.44155883789062,237.6505046800696,229.72253453427678,230.14724410155532,20475253
2012-02-02,232.60113525390625,238.4999374442382,231.18543670180884,238.31116308147705,17569303
2012-02-03,233.7336883544922,235.95163044932525,227.1270374618182,233.3561687733825,14121308
2012-02-06,237.60330200195312,238.7830652925751,231.8460845086484,236.42353871133113,11866463
2012-02-07,236.28196716308594,240.43472634717253,234.15840489989688,240.43472634717253,12778968
2012-02-08,236.51791381835938,239.1605800424179,231.75169991466893,237.7448670335161,10246037
2012-02-09,242.84146118164062,244.30434980032916,234.6303361557282,235.196630176843,16813705
2012-02-10,242.8886260986328,247.18294071276298,241.1425833714717,242.27515674113263,15829072
2012-02-13,243.78526306152344,246.14478997205393,239.49094795589647,242.84146394196418,10942166
2012-02-14,252.89300537109375,257.37608018489067,244.39872617946475,244.87065483869267,21793874
2012-02-15,271.67474365234375,276.25219821944853,262.378235547056,263.0389240027756,37216737
2012-02-16,260.396240234375,268.324210060589,258.8861327221832,267.0972713601314,22926916
2012-02-17,258.5557861328125,267.56915333055036,255.91314910495893,265.5871464480334,17046866
2012-02-21,256.0547180175781,260.4906021241654,254.40304076953,259.73556297608695,18509808
2012-02-22,253.3648681640625,260.4906085223279,250.95815170882227,256.7153835775823,19514897
2012-02-23,253.3648681640625,258.36703175457154,250.76939191716636,252.9401586328367,17424076
2012-02-24,250.53347778320312,256.4794702886585,248.40990071364578,254.8277927653069,9397628
2012-02-27,245.34255981445312,252.84582101050665,241.00104021306393,252.84582101050665,13464090
2012-02-28,257.9895324707031,259.97153955066824,247.27732611647733,247.70203568112063,14977178
2012-02-29,255.72442626953125,263.13330723074597,252.27953053452097,260.4906407093994,13142282
2012-03-01,252.1851348876953,258.50861740648577,250.4862675472766,254.73339223087973,10340977
2012-03-02,252.60983276367188,256.7153874050262,249.7784067349913,254.35586086252113,11080128
2012-03-05,258.74456787109375,260.113105559673,251.28849740100395,251.99634666494364,13871949
2012-03-06,251.99632263183594,263.3220262212456,249.16492584610995,258.69735324797364,11683494
2012-03-07,252.89300537109375,254.63903369720026,247.65486216951115,250.1087689286437,8605146
2012-03-09,264.87933349609375,266.1062722840901,256.9513631042407,256.9513631042407,12104133
2012-03-12,268.2298278808594,270.7781142717804,261.48160686243875,267.09726909006264,12373643
2012-03-13,267.0972900390625,271.438794855925,266.48379153430125,270.07025709807994,9553515
2012-03-14,273.7038879394531,275.59151501361464,269.7870930555682,270.40059150501963,10136227
2012-03-15,274.1286315917969,277.62071699779517,268.70172912728947,273.65670298092914,9871044
2012-03-16,270.5893859863281,281.112833311267,266.76697051059983,272.28822437037104,16463280
2012-03-19,267.52197265625,276.06341156915784,265.53996570503443,271.3915775499302,9453260
2012-03-20,256.1491394042969,269.8815034693374,254.49746188869602,267.75795552137663,18382920
2012-03-21,260.58502197265625,261.8591507303982,249.25934568005704,256.5738467718376,23277086
2012-03-22,254.92213439941406,266.53097793959836,252.9401566029328,258.9333090515389,14674460
2012-03-23,257.3760681152344,260.1131144745709,252.6098537963914,256.71540877958114,12244453
2012-03-26,253.31765747070312,257.3760217705729,251.3356507090051,257.3760217705729,10809962
2012-03-27,257.470458984375,260.0187456420404,250.8638071232463,257.5648388934874,11072644
2012-03-28,255.9131622314453,257.32886071183907,253.41206580445484,256.6210114716422,7597363
2012-03-29,256.668212890625,258.6030009002889,252.1851383907498,253.742406788772,9912451
2012-03-30,259.78277587890625,261.05690455387867,257.5648190738065,259.5468261242817,6411121
2012-04-02,261.2456970214844,264.2658833699255,260.2075179713315,264.1715034562753,8010959
2012-04-03,265.44561767578125,266.1534669891858,259.8299840111407,262.8501410816667,8305886
2012-04-04,262.8973083496094,265.96468422129954,261.7175595957396,264.26584601572705,4834356
2012-04-09,260.11309814453125,263.18047397912295,258.31985094870896,261.4344167328847,3980653
2012-04-10,267.8051452636719,268.7017543965452,260.01874457071983,260.5850240230609,8246056
2012-04-11,267.1444396972656,270.3533851504765,264.92648311424995,265.35119263004793,9951166
2012-04-12,270.1174011230469,271.533128593492,268.0410435301117,269.22079216246124,5723171
2012-04-13,273.0432434082031,278.0454365024983,270.87250563398,271.8163046662509,7798081
2012-04-16,283.8026123046875,284.9352001456703,270.7309096351563,273.46792656443336,12367613
2012-04-17,284.41607666015625,287.8137819006423,279.98019260251857,286.91717292219323,14091462
2012-04-18,292.3440856933594,293.7597841323499,285.9733844946473,286.4452839743108,17069529
2012-04-19,301.3102722167969,302.3012612496833,292.20255288176907,293.8542012699131,15746331
2012-04-20,298.8563537597656,302.72595894303635,294.93955862440174,299.84737186535233,9064027
2012-04-23,292.3440856933594,301.9237033537833,291.3058777264723,298.7147577804441,7917321
2012-04-24,294.3260803222656,296.5912270656816,291.68341397355186,292.1081526411409,6222982
2012-04-25,296.3080749511719,297.7237734117437,291.87216155145774,295.269866968458,8708476
2012-04-26,294.56201171875,298.1484768572032,292.9103635485012,298.1484768572032,6841205
2012-04-27,295.0811462402344,296.0721644054658,290.4093115902037,295.22271610503435,5664196
2012-04-30,298.761962890625,299.65860105911753,292.53286033131144,292.5800502816727,4698115
2012-05-02,287.3891296386719,295.3642903643228,286.58690039286967,295.3642903643228,10281065
2012-05-03,284.03857421875,287.86098920584783,282.57568579727393,287.05876007149,10155565
2012-05-04,284.8408508300781,286.6340690107325,278.7060988308953,281.72628487836425,11727629
2012-05-07,291.0699157714844,292.5800231546612,275.16678752771173,281.15996889118077,13212481
2012-05-08,279.7442626953125,292.15533588090847,278.4229441071212,290.69241833235407,10848195
2012-05-09,276.3937683105469,280.59370325597797,273.1376324288912,275.544349153149,11324380
2012-05-10,272.9488830566406,280.45214412392164,270.9669049469001,277.5263669143047,6723272
2012-05-11,280.7824401855469,284.9352139509773,271.8634815364849,271.8634815364849,8032875
2012-05-14,274.2702331542969,283.7554724089999,269.59836934838387,282.1982038814502,7124356
2012-05-15,274.03424072265625,276.0634084881592,268.65452842341676,271.816284053386,9218412
2012-05-16,253.8839569091797,261.48159672617743,252.70420821449906,261.3400268828158,23292626
2012-05-17,255.9131622314453,260.39623653098704,248.8346116062202,253.50644570314776,13815822
2012-05-18,245.29531860351562,251.71318036342183,241.61445915250405,250.1087222013518,12727154
2012-05-21,247.1357421875,249.40088884822978,243.5964669054004,245.57847387249248,7933464
2012-05-22,250.20309448242188,254.49740854425565,248.59863636915716,251.90193248470217,8598735
2012-05-23,246.7582550048828,250.53348052751357,244.9178467545208,247.37172442167014,7857292
2012-05-24,251.99632263183594,252.98734061846648,242.46389522997228,248.03233802019315,8885965
2012-05-25,253.93113708496094,256.52661322500416,247.60762610156524,250.8165715392343,5253962
2012-05-28,261.056884765625,262.04787365993053,252.98734554588324,255.48841275532095,8186826
2012-05-29,260.25469970703125,267.19168136446035,257.70641300733865,265.1152942181123,12691931
2012-05-30,229.39219665527344,245.20096098457134,227.97648359256635,244.44589266926647,40931062
2012-05-31,219.9069061279297,225.6641231161189,217.3586345285059,224.5315644300696,37837266
2012-06-01,211.93174743652344,222.73833224837006,210.04413506813947,221.79451878627165,24109675
2012-06-04,215.99012756347656,217.45303053049219,205.04197211895445,207.96777805298572,18637993
2012-06-05,209.19471740722656,216.46202776160078,208.6284380203862,215.37665893682336,15562153
2012-06-06,221.22825622558594,223.11586873717022,210.61043038949407,210.61043038949407,27016727
2012-06-07,223.1630401611328,225.47536202081787,219.0102958915326,222.3136211515471,13735046
2012-06-08,225.758544921875,226.46639418643935,219.81255287627624,220.85074635345185,10482024
2012-06-11,222.26646423339844,230.24162434279813,220.4732315020017,227.45738806381763,9973988
2012-06-12,229.2978057861328,230.10004950840334,219.48222320571662,219.6237930586206,13088053
2012-06-13,224.05967712402344,230.28879390241917,222.97429376857374,230.28879390241917,9961504
2012-06-14,213.96095275878906,225.9944920048132,212.92275929388794,224.62596888702083,12796631
2012-06-15,226.79672241210938,227.882105833407,215.28228711296677,215.28228711296677,16572219
2012-06-18,224.57879638671875,234.0640499358288,221.0867106731852,229.34501086040586,18359404
2012-06-19,224.76754760742188,228.9674824715369,222.9743148651526,225.56977679609878,10551632
2012-06-20,232.12924194335938,233.4977651361275,226.51359386910698,227.4573929290745,13310576
2012-06-21,234.25279235839844,235.76288533263892,229.01466417703986,231.18543101515618,11344719
2012-06-22,233.21463012695312,237.08423546258123,228.68435088019288,231.0910530875188,12999744
2012-06-25,232.36517333984375,237.7448712238382,231.2326145574117,234.44154566344992,11474845
2012-06-26,232.8370819091797,234.81908896732824,230.3831898957698,231.70452308259726,4864293
2012-06-27,225.758544921875,235.1494179441681,224.86192129761224,234.06403451602154,9351574
2012-06-28,226.84393310546875,228.40121617589662,219.6710017239923,225.38102994501733,14884028
2012-06-29,228.82589721679688,232.41236245999875,226.98547464609626,229.34498665689307,13286035
2012-07-02,224.57879638671875,228.82592136552847,224.20127675408065,226.27764928940576,9325132
2012-07-03,224.20127868652344,227.83493429361556,221.88894180505338,226.8439306935833,9242399
2012-07-04,222.9271240234375,227.69335285165246,222.31365464630866,224.76754671063892,10654075
2012-07-05,226.51361083984375,227.12708027478467,221.36986191019778,222.9271450316334,11523077
2012-07-06,227.12705993652344,230.00567613895723,224.05969848067164,227.45738960268125,12442040
2012-07-09,227.31581115722656,229.6281478445957,224.81472922357068,224.81472922357068,10330684
2012-07-10,232.6483154296875,234.4415480761402,228.25962099097012,228.82590038801385,12579287
2012-07-11,227.88209533691406,232.45954945299894,226.32481248061475,230.57193695720275,8793244
2012-07-12,223.49339294433594,227.26861804547767,222.54959394695763,226.9854783462642,9513820
2012-07-13,222.691162109375,225.09786409026987,221.08668927017368,222.73835205888636,8303185
2012-07-16,216.36766052246094,224.9091145527608,215.75419115082596,224.1540753261331,8741929
2012-07-17,213.20590209960938,219.29344904333502,212.59241822137943,218.86873951243143,12015166
2012-07-18,212.9176483154297,215.12754560395697,209.84303502470297,214.98340898235824,11897419
2012-07-19,215.99229431152344,217.62568970352064,215.03146739108968,215.70405068085336,6677436
2012-07-20,214.64710998535156,216.61678931430376,213.35001384412317,215.22361197742882,3940979
2012-07-23,207.58509826660156,212.34116225931547,206.57624563730408,212.24508105652524,5761220
2012-07-24,207.39291381835938,209.26651189183352,204.9908691857046,208.01745638831576,7368372
2012-07-25,204.65463256835938,206.7684341144745,202.82907466695983,205.32720107269571,6799635
2012-07-26,197.0641326904297,204.94285060083521,195.0944532128283,203.78986134786405,14572162
2012-07-27,204.510498046875,206.96058369301966,201.00350428420126,202.25257481860837,11852257
2012-07-30,213.0137481689453,214.07065630461742,206.91254683621165,207.92141436654413,9094027
2012-07-31,217.38546752929688,218.10607654249628,208.64200407814934,213.30198681810234,11297966
2012-08-01,218.44235229492188,220.70029008529553,214.4549529397999,215.7520639315595,10425962
2012-08-02,213.9745635986328,218.10608507228466,212.91765551974072,217.24135422262708,5808700
2012-08-03,212.29310607910156,213.30197345256386,207.6811642290136,212.34114667697128,7327872
2012-08-06,220.0757598876953,220.94050553702215,217.24134956746653,217.62567438130105,7596745
2012-08-07,229.44375610351562,230.11633935995943,222.04544401003008,222.28564702368877,12277598
2012-08-08,232.03797912597656,236.16950061223562,230.30850260318445,230.7408680293326,15104047
2012-08-09,229.92417907714844,236.36166435738338,222.5739075183625,232.90271129228415,29687040
2012-08-10,222.86215209960938,227.6182014710049,221.7091628001985,227.04171423039932,11210638
2012-08-13,219.30709838867188,222.4297521502436,214.9353594133541,222.04542735721301,9158452
2012-08-14,225.79263305664062,226.65737869489377,218.58648361672667,218.58648361672667,8542236
2012-08-16,226.22500610351562,230.35652730457574,223.10233749382672,225.84066648860426,12083860
2012-08-17,230.7888946533203,233.76744148944,227.28190121724987,227.42602301723645,12816446
2012-08-21,236.55380249023438,237.56266987158813,231.65361701459835,231.65361701459835,9961580
2012-08-22,238.37936401367188,240.10884039752503,234.44000525550595,235.0645330431035,8780180
2012-08-23,235.68910217285156,238.57155325819284,234.0557068032715,237.80290358695515,10646487
2012-08-24,236.40968322753906,238.71564678621928,231.94187790645873,233.47917706678004,8630281
2012-08-27,231.6055908203125,237.03422321426535,230.7889005993475,236.26557359453355,6697001
2012-08-28,228.00253295898438,230.98106508041613,225.93675745098926,230.0202530471153,7092818
2012-08-29,224.25534057617188,227.71429382553808,223.00628482704548,227.71429382553808,6451372
2012-08-30,227.4740753173828,229.8280944746399,220.79638711994173,222.0934833865371,8955071
2012-08-31,225.12005615234375,228.86725253434594,221.6130627668547,227.32993853846327,6881868
2012-09-03,221.85328674316406,230.0202634879227,219.69144475191024,226.94563520540183,8998041
2012-09-04,225.6485137939453,226.27305643365978,221.13266760197473,221.75719542349003,6006269
2012-09-05,219.73947143554688,225.98479399444707,218.68256339969662,223.29450553131744,6181538
2012-09-06,223.91903686523438,225.6004727379733,216.2324813431132,217.91391721585208,9322795
2012-09-07,233.7674560546875,234.58414630549655,229.2035543161559,230.11634059114206,13411363
2012-09-10,239.14805603027344,240.0608275175416,233.0948805787473,235.59302165398668,8956200
2012-09-11,240.01275634765625,241.0696643323079,236.07339763629687,236.36164122714783,8887159
2012-09-12,252.93582153320312,253.94467420348892,241.11772938245775,241.1657699858047,14929009
2012-09-13,249.2366485595703,254.0887788054009,247.50715731981063,254.0407382053075,8498861
2012-09-14,259.70953369140625,261.3429435739881,252.791628670059,254.61720093454525,14965006
2012-09-17,266.9637756347656,277.9651630819174,263.9371878853046,265.4745168807199,22424239
2012-09-18,262.7842102050781,267.5402596762217,261.8714387216425,264.5137015995667,11982766
2012-09-20,260.9586181640625,267.54020936438695,257.25946268516725,258.4604775690961,12655817
2012-09-21,264.6578063964844,266.3392274420741,260.286082041553,261.82338128323505,14142394
2012-09-24,262.9763488769531,268.93344255637913,261.6312120754557,264.03327171452696,11404905
2012-09-25,258.3644104003906,265.09015338820194,256.05843206170226,263.4567434210155,6942239
2012-09-26,252.79165649414062,257.93206004866227,252.11908808344748,256.2506093855317,6749862
2012-09-27,249.62098693847656,256.7310554118471,248.46799765531935,253.8966302157604,10587573
2012-09-28,257.06732177734375,261.3429647576821,252.83968975997857,253.8485719831482,11663992
2012-10-01,263.9372253417969,265.3784733318076,257.4997537259515,257.4997537259515,9521185
2012-10-03,262.7842102050781,265.18627006104555,259.6135006788491,264.2254579732186,9234921
2012-10-04,263.5528259277344,268.0687014316421,262.4478921690572,264.4656269299943,7662621
2012-10-05,269.5579528808594,271.43156579787063,210.8518692392348,265.6666348924156,17278699
2012-10-08,261.77532958984375,272.5845533341004,260.38215221110187,270.42269673069035,7672267
2012-10-09,259.133056640625,267.34805805985513,255.67410399520247,264.4175816216518,7948882
2012-10-10,256.97125244140625,262.3037888540583,256.1545325780142,256.6349682302912,7446704
2012-10-11,263.07244873046875,264.1293716429848,254.8094056625766,258.17227754116516,7936504
2012-10-12,260.6223449707031,263.6008620082644,259.3252192050469,263.0724154370842,7601135
2012-10-15,258.8448181152344,260.62234988822996,255.77019018850407,260.04583307239614,4803032
2012-10-16,252.0230255126953,255.5300192641043,250.9661322177611,254.61724778211564,9626107
2012-10-17,254.52114868164062,257.2114519705735,250.773952172069,254.61722988351687,7653892
2012-10-18,259.6615295410156,261.1508178461999,255.57804871601118,255.57804871601118,6699061
2012-10-19,258.4604797363281,262.68808179960115,256.1064609076943,259.4212916515277,3971067
2012-10-22,256.5868835449219,258.1722529444541,254.23289419965988,257.0192785712645,4518858
2012-10-23,254.23291015625,256.68301048945165,252.79166246290848,255.57804700939687,3154106
2012-10-25,251.01414489746094,255.14566604534735,250.0533329180447,254.23289466490195,7612764
2012-10-29,246.69046020507812,253.99269048743488,244.240360032578,251.83083390741754,4740882
2012-10-30,237.947021484375,247.6512975150456,235.40085467210295,247.0748102711047,9663502
2012-10-31,244.7688446044922,245.29729124072836,238.04310087050587,238.28330388697685,9220851
2012-11-01,256.97125244140625,258.9889577080969,246.9306778003462,246.9306778003462,10581994
2012-11-02,259.4693603515625,261.3429734255358,254.7133112197809,261.3429734255358,11189638
2012-11-05,259.22918701171875,263.93719608129936,256.1065179553516,259.4213494375628,7893034
2012-11-06,256.4908142089844,261.77533960328765,254.71331196811371,258.46050849067143,9670450
2012-11-07,258.79681396484375,262.64009200542927,256.1065104455138,256.34671347077534,9780477
2012-11-08,272.82476806640625,274.31402670774474,254.90547558702025,257.01929168209233,24674466
2012-11-09,269.60601806640625,273.4492958084258,268.1648000267982,272.8728085925826,7264686
2012-11-12,269.7501220703125,272.77670939017145,267.2039407319555,268.02066053690515,7007130
2012-11-15,261.58319091796875,264.0332913392009,259.22917170398495,262.3037999723313,13209072
2012-11-16,254.6172332763672,263.55284444272394,252.6955795768377,262.3037888016886,7400661
2012-11-19,253.75250244140625,256.68300877400395,251.7347675387723,254.85743627767818,6687932
2012-11-20,255.67410278320312,259.75758317478704,251.44650060025964,257.5477157072733,6937720
2012-11-21,255.09765625,257.49971612499144,253.6564381068453,256.44279318361106,5341383
2012-11-22,248.61209106445312,257.8840157895264,247.3149948622314,253.8966163462993,7592394
2012-11-23,250.29354858398438,251.59064482186164,245.96985000312958,245.96985000312958,8584881
2012-11-26,252.8877716064453,256.7310794557097,251.49459399747823,251.73479703350702,7711505
2012-11-27,256.20257568359375,257.4036203714272,253.41622076426475,253.99270798895353,8565140
2012-11-29,267.5402526855469,268.74129740034795,257.1153825322201,257.4997073573087,20224810
2012-11-30,262.73614501953125,272.87280050693727,261.2949270226287,267.10786924653274,71756552
2012-12-03,261.4390869140625,265.9549335987143,260.4782747761369,262.3038178381955,9740016
2012-12-04,260.9106140136719,264.60977000927903,258.7487572842293,262.54399448397174,6787421
2012-12-05,264.17742919921875,268.068747965579,261.4390849898833,261.4390849898833,10690761
2012-12-06,269.8462219238281,270.9031151562064,263.12047844498824,266.43530958293644,10675043
2012-12-07,270.8550720214844,276.2356786087919,268.1167577632061,270.27858480921526,12945998
2012-12-10,268.98150634765625,274.93857090429503,267.10789314763286,272.24829706934844,9616075
2012-12-11,267.2039794921875,271.76789625128447,262.49597055413426,270.1344860408412,9112658
2012-12-12,265.6666564941406,269.75013720237337,264.12935726709685,268.06871617279427,7716295
2012-12-13,276.6200256347656,278.9740449103345,270.3266471225553,271.1433374055321,19676825
2012-12-14,280.6554260253906,282.67316077881685,273.4973176469439,276.235661370738,12382276
2012-12-17,282.529052734375,284.21047374706194,279.6946276765909,281.4240892896404,8384957
2012-12-18,286.66058349609375,288.67828877814406,282.4809918533353,285.17129519913425,14616479
2012-12-19,295.6922912597656,296.50898153529965,287.7655322538411,288.2459382982729,11758081
2012-12-20,292.95391845703125,297.0854396706049,290.6479696697699,295.7403028780358,8167302
2012-12-21,287.6694030761719,291.2724774449988,285.9399119682095,288.77433679411763,5492708
2012-12-24,294.92364501953125,298.23847640107215,285.45955692492896,289.59107859150447,9931563
2012-12-26,294.1069641113281,296.36487261841137,291.8490259678436,293.4343659834552,4879983
2012-12-27,297.08544921875,301.6974062142924,293.00196847367033,294.9716627624913,13238093
2012-12-28,297.90216064453125,300.1600688407139,296.12462881113913,298.5266884434754,7661891
2012-12-31,300.4002990722656,301.5052626069622,297.37374100301827,297.37374100301827,3575899
2013-01-01,304.3396301269531,305.8289183581749,302.1778031344658,303.61902112945734,3980484
2013-01-02,305.5407409667969,308.3751666075358,303.85928997188927,306.0211470692266,6929285
2013-01-03,305.63677978515625,309.1437734827585,304.724008317172,307.4623227211248,6165017
2013-01-04,303.0425720214844,306.0211192219103,300.9287853631441,306.0211192219103,8965650
2013-01-07,300.976806640625,306.1171807751536,300.3522491680046,305.34853113057346,4943021
2013-01-08,301.841552734375,303.9553393637208,300.88071099372644,301.6974309187378,7304340
2013-01-09,314.52435302734375,317.406818899577,306.4534722942105,306.501512898141,16678960
2013-01-10,320.6255798339844,324.18061428137804,317.69507325879215,318.5117635532095,12753232
2013-01-11,317.4548645019531,322.97956367735554,313.99591132809064,321.73050795549415,7367759
2013-01-14,314.8606262207031,319.9049487294351,314.0439359825042,318.27153861663857,7210052
2013-01-15,318.5597839355469,320.57751887712146,315.05279031634257,316.9744440529088,6790183
2013-01-16,307.5103759765625,316.97446418003034,306.0211172043684,316.59013933559316,12745712
2013-01-17,316.0616760253906,318.2715437644958,311.40167825926187,311.40167825926187,10058966
2013-01-18,315.6773376464844,319.37649355689723,313.2272373610636,317.16659627628263,5015295
2013-01-21,310.5849914550781,317.07053220810377,309.62417938393344,316.20580134407356,3909899
2013-01-22,306.0691223144531,311.83402394884405,302.9464536791426,310.7771307492119,6102524
2013-01-23,300.7846374511719,306.2132852513665,297.9502416713831,304.57987499610385,7285144
2013-01-24,281.9525451660156,284.40264550147464,270.7589960042495,275.4670342673981,36895208
2013-01-25,289.20672607421875,292.95392254216887,278.7818268772453,283.3457431884697,15546885
2013-01-28,296.4609375,298.0463070646779,288.5822191896968,289.20674704023065,10711327
2013-01-29,292.32940673828125,303.5229560012701,291.1283916788615,294.01085745786776,13434477
2013-01-30,287.477294921875,292.0892226858044,286.4684422064781,291.2244917868927,8020234
2013-01-31,286.3242492675781,288.05371063580634,283.44178401747104,285.69969191488013,7071041
2013-02-01,270.6148681640625,288.726322874464,257.73989822140874,286.1321007910257,17259036
2013-02-04,280.55938720703125,285.2673961609622,278.0612460960227,281.5682399179306,11186459
2013-02-05,275.9474182128906,279.93481749154023,273.83360226011916,277.67687974447045,6279891
2013-02-06,274.9865417480469,278.87788897349685,272.9207962916937,278.4454940090306,6908199
2013-02-07,277.2925720214844,279.4063881043189,274.1218627154315,274.2179439175423,5762713
2013-02-08,274.2179260253906,283.63397212706093,273.545357654499,280.55934422373196,10002314
2013-02-11,279.5024719238281,280.8476087659752,277.1964934151777,278.6377114603353,5212706
2013-02-12,286.852783203125,288.1018390163317,280.0309575658836,282.72126126150044,6687500
2013-02-13,292.76177978515625,299.77576718765675,291.2244804690573,296.94134193719975,9919800
2013-02-14,285.5556335449219,294.01086879857223,283.20164393766004,293.0500270775757,7547699
2013-02-15,292.5215759277344,293.9147830653513,276.71609883384184,276.7641394373321,12615814
2013-02-18,293.8187255859375,296.12467473968866,289.78325529406936,292.7137619800299,8381949
2013-02-19,294.7314758300781,296.41289696653024,291.36860392077426,293.5304310962126,5444056
2013-02-20,292.0411682128906,297.13350178996416,289.68714901900984,295.21187766140787,7103039
2013-02-21,285.89190673828125,289.87933600823095,283.73007963139145,289.3028191433283,7695041
2013-02-22,281.4241027832031,285.89190846753144,278.4935963841839,283.3937971289043,8354663
2013-02-25,287.4292297363281,289.44693499457406,283.5379113875985,285.17129183475,5979261
2013-02-26,278.06121826171875,284.3065555958731,274.4101029894496,283.2496623854892,9178538
2013-02-27,275.03460693359375,279.4544010663512,270.51876124462336,278.68572188909224,8834384
2013-02-28,276.28369140625,281.7603490080659,269.5579486671537,281.7603490080659,14609922
2013-03-01,277.1003723144531,281.71229903131706,270.66287336684246,279.598512869435,15816820
2013-03-04,278.3974914550781,280.9917134143682,274.55421393291334,277.6768824764966,9775545
2013-03-05,288.726318359375,290.55189080032716,279.1661796627274,279.1661796627274,13305765
2013-03-06,297.27764892578125,299.24731362899337,290.79210831313884,291.2244737357952,14142959
2013-03-07,293.9147644042969,296.02855082366096,290.69601453841307,294.97165761397895,9946359
2013-03-08,291.8970947265625,295.83645447865985,288.87050658663793,293.9148300319803,7530733
2013-03-11,289.73516845703125,294.8755718982108,288.3419910655997,292.4735122765869,5816185
2013-03-12,292.76177978515625,295.88444865738177,289.6871515165588,294.2991087376547,7992772
2013-03-13,289.20672607421875,294.1549671886794,285.3634484054596,294.0108453874658,9409055
2013-03-14,289.20672607421875,290.84013612436996,281.52017073670044,287.2851020580379,8530551
2013-03-15,279.6946105957031,289.4469111465115,278.63768781587703,289.1586675619396,9581779
2013-03-18,275.61114501953125,278.63770282051667,273.9296943825865,278.5416216204854,5963578
2013-03-19,270.5668029785156,278.5896418678043,267.4441345692319,276.8121397970831,9587224
2013-03-20,274.4581298828125,275.51505267680864,265.6666411627109,270.56681180252536,9664586
2013-03-21,262.8802490234375,273.0649444212832,259.08501225211705,273.0169038246386,11868436
2013-03-22,259.7575988769531,267.3961135535453,254.71330623804798,264.1293527519212,12958381
2013-03-25,260.1419677734375,264.9941284711272,258.3164246630847,262.7361902508675,8422537
2013-03-26,264.9941101074219,267.0118155106194,255.91434688383242,260.8625884549506,9475104
2013-03-28,258.6046142578125,262.3037699498795,256.3466765095134,261.82336396862354,14679776
2013-04-01,255.09765625,256.9712694725014,251.83086548911575,256.4908337883829,5474334
2013-04-02,256.7310485839844,258.2203072282807,248.41995044578698,252.31125397972804,10570395
2013-04-03,247.1228485107422,256.53886601116716,245.6816155964773,255.6260945503258,13154097
2013-04-04,247.60325622558594,253.12798490418317,244.4805873598222,246.01790149093972,9469654
2013-04-05,245.20120239257812,251.1582814700085,241.9344118339811,247.45912549523814,8796642
2013-04-08,246.64244079589844,250.58179986799817,243.2795689582915,247.7473746620096,4790263
2013-04-09,252.5514678955078,255.1456901211214,248.85231178930303,248.85231178930303,14757966
2013-04-10,257.4997253417969,258.46053747162415,247.60327149537218,253.65644718608652,7410152
2013-04-11,267.2519836425781,270.37465218575727,264.6577913200202,267.10786184688044,14232233
2013-04-12,264.36956787109375,269.3658201390099,261.5351427033535,263.9852430532847,5438703
2013-04-15,258.4604797363281,261.63118869288155,253.75247171545524,259.8056164176076,7842745
2013-04-16,260.3341369628906,261.7753550812437,252.50342961063976,254.617245820624,6584166
2013-04-17,260.5743408203125,264.2734969723772,258.3644433953337,263.3126552539865,9809091
2013-04-18,271.3835754394531,273.25715906690675,257.0193157500382,257.7879654433525,10865859
2013-04-22,274.07379150390625,276.28368854203484,270.7109201692208,272.1521676763115,6589410
2013-04-23,270.4707336425781,273.35319919569537,266.1470501311004,273.0649556040233,4353427
2013-04-25,281.8084411621094,284.45070407225035,273.59343843822415,274.3140475128807,9855500
2013-04-26,284.6908874511719,286.32429754407525,278.82990441202,282.4809901383255,8141858
2013-04-29,284.5467834472656,287.04492452636566,280.6074242281464,283.1055653072464,5102563
2013-04-30,288.24591064453125,289.2067226412164,279.69462460123884,284.5947954207304,8048396
2013-05-02,285.6997375488281,289.0145686704601,280.60740418149095,284.114397708064,9283384
2013-05-03,274.4101257324219,282.81732042099753,273.4012730388968,282.4329659489689,8493169
2013-05-06,279.6465759277344,281.85644345630925,271.7678585095879,273.8336042428209,7899580
2013-05-07,286.7085876464844,288.9184550553909,281.08777865973707,281.08777865973707,5538329
2013-05-08,288.48614501953125,293.7706708488405,286.90080505257873,288.1498607841171,6528547
2013-05-09,288.34197998046875,291.84897326047275,283.5378905583083,289.20671074190636,5637191
2013-05-10,296.94134521484375,297.85414633025255,287.52532752700444,288.34201779769666,7473050
2013-05-13,285.7957763671875,297.6619216581184,284.30651794975415,293.67452271053213,3826127
2013-05-14,288.5341491699219,291.94506133457355,283.82614083255345,286.1320895840498,6771202
2013-05-15,296.7491760253906,299.7277230516286,290.26366497563276,290.59994919706617,8505170
2013-05-16,291.7529296875,297.3256990304103,290.45583337807767,294.9716797954292,5241812
2013-05-17,291.46466064453125,296.316790867097,289.01456041511824,289.44692581388574,7050707
2013-05-20,290.215576171875,303.811153489562,288.2458821370755,293.6264880591661,9370712
2013-05-21,281.4721374511719,291.2244684959249,280.559366019765,289.68713960663075,7548763
2013-05-22,279.7426452636719,286.4683880339153,277.67686998163043,284.4986939446946,6000824
2013-05-23,279.6465759277344,282.09664644854564,274.0738072350573,276.0435014077921,8006116
2013-05-24,276.8121643066406,284.5467603017315,271.76787159048496,281.0397668098831,9198727
2013-05-27,282.9614562988281,284.30659329038764,273.9777739102797,275.37098114508217,5573830
2013-05-28,284.2104797363281,286.9007830497184,279.21422755694454,282.480988450435,7200695
2013-05-29,291.8970947265625,293.3863536727392,283.97033461120077,287.2851664181273,10779034
2013-05-30,304.6279296875,306.5975944508684,298.62279491662605,302.6582352877318,15049731
2013-05-31,301.02484130859375,306.981905573043,299.87183722805645,303.8592368171018,6906041
2013-06-03,301.7454833984375,303.42690464704003,295.3560233809445,297.6139615511839,8077455
2013-06-04,294.1069641113281,305.3485549494145,291.08037626330463,297.8541610573569,7869007
2013-06-05,295.2598571777344,297.8540788509611,291.8009048255631,292.6175949112329,5727698
2013-06-06,294.68341064453125,297.5658762744018,292.0891886140081,292.0891886140081,5575044
2013-06-07,290.07147216796875,297.7580271252307,286.32427588539366,293.53039522598016,5902315
2013-06-10,284.45068359375,291.8970361019152,280.9436900465007,289.73517939718414,6544044
2013-06-11,281.6642761230469,285.89187834866544,277.4366738974283,284.78694460375493,9852423
2013-06-12,282.0486145019531,284.88303953368506,278.6377022711701,279.5985439059859,6532087
2013-06-13,271.8639831542969,279.0220927397041,269.12563896877845,279.0220927397041,7930995
2013-06-14,285.1712951660156,286.70862406475015,276.13960272699455,277.67690198933053,7692355
2013-06-17,287.7174987792969,288.82243270887125,277.244557841955,285.1713170443117,7282859
2013-06-18,285.9399108886719,287.76548318260683,281.52014639718016,286.32426529507524,8346448
2013-06-19,280.6554260253906,284.1624193175772,279.3583298787284,283.4418103472093,4863850
2013-06-20,277.4366760253906,280.7995475199162,272.2482618078804,275.8513362922724,13570927
2013-06-21,275.8033447265625,277.91713141317535,271.0953060153949,273.8336502230901,8484907
2013-06-24,272.7767333984375,276.3798082132212,269.50994280030307,273.83362665076373,9803184
2013-06-25,270.4226989746094,273.5934081889356,261.4390475643493,272.1521901989678,12782945
2013-06-26,261.9674987792969,271.6717889920297,258.6046271070191,269.990338337692,10490521
2013-06-27,259.70953369140625,266.5793981172774,252.791628670059,263.79301394326916,21327052
2013-06-28,270.2785949707031,270.9511634103032,264.41761178921774,264.41761178921774,8200858
2013-07-01,278.4455261230469,279.64657069816485,266.1470442413438,267.1078561923216,7853378
2013-07-02,275.226806640625,276.9562681558622,270.9511341773859,275.75525321472526,6371655
2013-07-03,273.0649719238281,278.01318351299324,266.86767505970226,271.0952776266198,10618339
2013-07-04,280.8476257324219,282.24080326023824,271.19137533732203,274.79445030428167,7101124
2013-07-05,284.5948486328125,286.6125838395143,281.61630124977785,284.40268619754596,6451932
2013-07-08,276.52392578125,278.15730623707816,271.2394003278329,277.5808190173741,7421045
2013-07-09,277.7729797363281,279.07010560917985,273.49733657976816,277.1964925201265,7151284
2013-07-10,272.92083740234375,277.1964803715164,269.7981688150433,276.4278307836016,9992393
2013-07-11,273.7375183105469,280.1750176639128,271.67177261304914,276.42782141345134,5973509
2013-07-12,281.03973388671875,282.7692249478561,273.9296665344308,274.02574772469427,8685593
2013-07-15,277.1484680175781,280.3672181314036,274.8424893824256,279.40640604859,5369818
2013-07-16,280.12701416015625,280.89566382379894,270.6629262673566,272.8728236867291,7012019
2013-07-17,274.07379150390625,279.64655987672035,271.23936672180935,279.2622351112014,5431074
2013-07-18,275.6592102050781,276.81218470828514,269.7501566033422,273.4493127708647,5264223
2013-07-19,283.1055603027344,285.93995592800127,275.7552886457684,275.7552886457684,6314977
2013-07-22,286.1801452636719,289.01454045988913,281.80839170519056,282.48096005683533,5387381
2013-07-23,287.09295654296875,289.6871491174009,282.721232012619,286.51646930420605,7396291
2013-07-24,285.6517028808594,289.15869648027615,283.15359156473687,286.3243009485218,4847043
2013-07-25,288.14984130859375,291.36859126640894,283.1535890837275,286.3242984397305,8189806
2013-07-26,278.58966064453125,289.83124989379,276.0435088581057,289.2067220971196,4301036
2013-07-29,284.1624450683594,285.3634601278085,276.7160924269775,276.7160924269775,4637896
2013-07-30,275.6012878417969,287.9351375095845,273.0861382860926,286.2906361558174,6450196
2013-07-31,281.01849365234375,282.9532008878073,268.9264540779985,273.2796050341405,6140049
2013-08-01,279.5191345214844,284.11409517511794,274.9241738678508,281.9859166921719,4108886
2013-08-02,280.9701232910156,282.3727860233453,273.0377341867661,278.40660639030773,5585970
2013-08-05,275.4561767578125,292.1431774347006,270.0873338328347,280.77668183550094,6432230
2013-08-06,278.1647644042969,279.4706917589507,271.2481265162643,275.1659384183995,8021889
2013-08-07,269.7970886230469,277.39087381723397,262.9288186057236,274.8273570208089,19514500
2013-08-08,269.7004089355469,283.7271280980499,266.3146409064795,276.1817090248549,16320666
2013-08-12,272.1187744140625,276.0849544283194,269.1683157863626,272.7959220051005,6924266
2013-08-13,281.3570861816406,284.40425028070445,267.0401323317459,271.7318275287984,12221945
2013-08-14,308.68505859375,313.81206331357106,288.46721600166313,288.5155836892258,22815260
2013-08-16,303.7031555175781,312.84470810056547,301.18800593789285,307.13729115666007,15776944
2013-08-19,291.85296630859375,298.67283968042324,287.6932857535583,297.17344145671234,9729411
2013-08-20,278.5517578125,288.66069429167624,276.2784465994977,287.3063691663683,11309909
2013-08-21,274.10186767578125,284.98468586887293,269.45851042990887,281.3087121214932,6701845
2013-08-22,282.42120361328125,285.2749271008505,274.73068139026174,274.73068139026174,10558499
2013-08-23,291.1274108886719,294.6582815801954,284.50100849010374,285.37162678271,10360596
2013-08-26,288.37042236328125,294.3680442474521,283.92053633022766,291.6594244530222,5473629
2013-08-27,280.58319091796875,285.8553284917484,278.358277309882,285.3716516204252,6685315
2013-08-28,288.2253112792969,289.72470924891576,276.9555233162486,280.58312888736924,10516418
2013-08-29,296.01263427734375,298.91469552462866,285.66185964749195,289.7247752318694,10606219
2013-08-30,289.48291015625,298.62446192034486,283.92056693444613,297.9956820412938,6446936
2013-09-02,289.9182434082031,292.1431868495502,282.5179276169591,286.33900473014467,6626720
2013-09-03,287.6448974609375,301.1879675414009,286.0003963011375,292.14315148615157,8253806
2013-09-04,301.5265808105469,303.5096858365088,290.4502908569286,292.5301312579043,7834512
2013-09-05,307.7176818847656,313.7636722172073,304.3802818537548,305.7345770044702,8818699
2013-09-06,307.427490234375,309.5556684284101,302.01024970047547,307.91116709665573,5228061
2013-09-10,338.1895751953125,341.81718147715236,309.6524017997488,309.6524017997488,19224771
2013-09-11,329.3382263183594,339.10855847019593,325.2269432107961,337.12548336378626,9215459
2013-09-12,322.56671142578125,330.83764585865737,318.74563418546813,330.74091048138814,6661518
2013-09-13,323.1471252441406,327.25840863604185,319.3260479854433,321.1640201624013,5971621
2013-09-16,320.53521728515625,329.67679934188834,314.2473883438783,327.93553282900626,5795207
2013-09-17,324.114501953125,326.62965179035587,317.5364361254023,318.261981347925,4927964
2013-09-18,325.8557434082031,329.8702913946412,322.08303386443123,329.8702913946412,6614676
2013-09-19,337.7542724609375,340.07592142914064,330.2572213247584,333.5462538678911,9417331
2013-09-20,327.3067626953125,343.2682187095826,321.55097812160307,333.6429893494386,11725374
2013-09-23,322.95361328125,330.2088253619738,320.29336089480444,326.6295870043077,3980816
2013-09-24,326.0975646972656,331.0794661923071,323.24384138573873,323.5824151876615,8949693
2013-09-25,332.8691101074219,336.1097451630715,328.03228169128926,328.03228169128926,9778598
2013-09-26,332.3370361328125,335.96464253046116,329.87028407237284,331.12784394632246,4884351
2013-09-27,328.9996643066406,334.90055198993355,327.3067654145359,331.8049901674328,3361138
2013-09-30,321.647705078125,328.4192108985485,319.22929096057396,327.0649157020993,3529492
2013-10-01,324.6948547363281,328.7094022985688,319.5194827719483,322.03463214809256,5084572
2013-10-03,334.6587219238281,336.98040080831595,323.19549024314153,324.74325627401396,8317379
2013-10-04,338.6248779296875,352.89346435615585,333.1592996869854,333.73971190693493,12392631
2013-10-07,336.5450744628906,341.28513752907844,332.28865841852615,338.57651727489497,5579954
2013-10-08,339.1085510253906,347.6697206893976,338.38303575848585,340.70471445075793,7376181
2013-10-09,342.6394348144531,344.719275163245,338.5765193276339,339.3504023083275,8902894
2013-10-10,359.5198974609375,361.64807560420957,340.60798340597506,342.445955438801,12500036
2013-10-11,372.7243347167969,376.8839851333965,356.5210421806988,362.76053272468556,18217505
2013-10-14,377.706298828125,380.46325689625667,373.1113090382176,373.4982505214642,7250344
2013-10-15,376.15850830078125,380.1730560836061,369.8222817479345,378.0932455821624,8382534
2013-10-17,361.2127685546875,372.8694702404311,358.5041483364776,372.8694702404311,10044506
2013-10-18,367.2587890625,369.3385995337981,362.27685779210566,364.2599627308231,7006105
2013-10-21,367.645751953125,378.72204206441364,366.29145668365317,367.5973842649296,6983295
2013-10-22,367.59735107421875,372.53088466287744,363.8246418974383,367.98429254484483,5220688
2013-10-23,362.4219665527344,369.8706492814511,356.08574051365673,368.7097950714785,6433606
2013-10-24,366.92022705078125,372.14396707768645,362.1801340550244,364.7920189875661,7415137
2013-10-25,363.9697570800781,367.016951100998,360.43888620475457,365.75936144137137,2997007
2013-10-28,365.275634765625,369.33854962663594,361.88986740842034,364.84032565603525,3457771
2013-10-29,369.1935119628906,371.6602938588635,362.7605796994838,365.3724348195013,5728430
2013-10-30,367.2104187011719,371.6119078767659,364.88873998171994,370.499451121155,5382081
2013-10-31,368.7098388671875,373.7885057734003,366.82349903895556,367.5973820454097,9207354
2013-11-01,372.0472412109375,376.3036276079552,370.6929459422161,371.46682895291406,4537774
2013-11-05,382.39801025390625,387.8635887731032,374.36891446207085,374.36891446207085,9161527
2013-11-06,378.2867126464844,387.71847101670386,377.2709912486836,384.3327031858571,6589128
2013-11-07,367.74249267578125,382.0110802535845,365.0338722592805,378.14163530351743,5746480
2013-11-08,371.6119079589844,378.2383404854433,359.1329557048398,366.43653582182037,12795552
2013-11-11,364.79205322265625,373.4015619810129,362.2769034279375,367.5974091662063,10867678
2013-11-12,348.2501220703125,366.96856456508755,346.4121202798162,365.46913655528186,8371308
2013-11-13,354.2477722167969,357.3917016922418,350.18485669353555,350.18485669353555,7569112
2013-11-14,374.4172668457031,375.57809129687934,359.9552095387569,359.9552095387569,12412670
2013-11-18,379.4475402832031,381.14043913191205,369.58044282157357,375.3362571337352,11666439
2013-11-19,378.5769348144531,382.8333211667726,374.4656515251157,382.1078058518622,4708349
2013-11-20,373.4015197753906,379.59264326036975,371.8537538232347,376.1101400298412,4937027
2013-11-21,370.64453125,373.88519578450513,368.90326485857287,370.88636966017384,3671278
2013-11-22,361.93829345703125,372.19233254000017,359.85848293135814,372.19233254000017,6255613
2013-11-25,373.5466613769531,374.46564743246233,364.88875586577836,364.88875586577836,3853065
2013-11-26,377.5128173828125,378.62527411560467,366.67836664456826,374.9976679748451,5239356
2013-11-27,386.1707458496094,386.84789351963735,379.7861509986984,380.65676943159156,6778369
2013-11-28,384.9131774902344,391.8297869498885,381.72088013445097,389.9434470531228,9209776
2013-11-29,385.6870422363281,388.73423637863795,382.3980096571825,385.9772483605311,4868508
2013-12-02,386.84783935546875,390.66891622523116,383.17186553753874,385.00986736559196,7712473
2013-12-03,386.0256042480469,390.52382887387193,382.30126259644067,387.91194399770546,7643867
2013-12-04,379.8345031738281,387.71849611489637,377.8514279354656,384.33272806487855,4973951
2013-12-05,377.5611877441406,387.9119318772613,375.52971516211244,387.4282550334871,5074094
2013-12-06,378.1415710449219,381.7208092533679,373.35311098131774,374.36886211375844,4703974
2013-12-09,380.60833740234375,389.45971282171774,376.7872606434964,389.36297745663745,7931898
2013-12-10,377.9481506347656,383.4620968044036,376.6421932443995,381.91433081662547,7677943
2013-12-11,365.4691467285156,374.1270517331341,363.8246454622418,372.6276236815902,8412969
2013-12-12,348.6854248046875,361.8898915233229,347.28273218658853,361.8898915233229,15588961
2013-12-13,358.2622985839844,359.7617266208499,351.53916069362106,352.21630826722264,8694409
2013-12-16,356.0373840332031,358.9878425758577,353.90917611310806,355.9890163495231,4804778
2013-12-17,354.87652587890625,362.7121800633066,352.7483478204223,359.5682508205522,7048915
2013-12-18,356.4726867675781,358.7459976977793,350.6685051541405,355.0216562833066,8827030
2013-12-19,357.4884338378906,360.82583403011046,352.16795850776174,359.85848030430117,7497623
2013-12-20,361.50299072265625,364.211611061167,355.3118968837184,355.3118968837184,5363939
2013-12-23,363.38934326171875,366.09793363450456,360.92256147689733,361.5997090700938,3263969
2013-12-24,360.4872741699219,363.72793911491146,359.37481734221075,363.43773298594334,2297787
2013-12-26,358.16558837890625,364.25997664582843,355.98904245370437,360.82584101455365,5597813
2013-12-27,359.76171875,362.18010288852486,356.85962794559447,358.98783582567205,3337688
2013-12-30,362.56707763671875,365.7593447299286,360.1970313202506,361.93826791654686,3732808
2013-12-31,364.1148681640625,365.75936950529115,361.8899247465752,361.8899247465752,4388182
2014-01-01,362.71221923828125,366.43656108105404,361.84157100941786,365.22733903359125,1364747
2014-01-02,360.1970520019531,363.92139366271726,357.1498579452956,362.71220151252686,3015089
2014-01-03,350.86199951171875,355.9890339110738,348.2501444641529,355.9890339110738,5004049
2014-01-06,354.9732971191406,358.40743280783624,352.31307427719105,355.50537152570945,5490077
2014-01-07,353.1836853027344,357.923748469621,351.8777577529882,355.02168724796286,4020899
2014-01-08,358.16558837890625,359.47154577220584,352.6516421968831,353.18368675637686,5455728
2014-01-09,355.940673828125,360.24542781813204,353.0869504510939,360.05195706973524,3603790
2014-01-10,355.02166748046875,358.5041407525555,353.5706071122559,357.92372854054105,3100755
2014-01-13,363.8730163574219,367.0653133877112,359.6166302630951,360.4872485882167,6706639
2014-01-14,359.6650085449219,363.24424715850097,356.0857699313428,362.8573056692684,3272370
2014-01-15,364.9855041503906,365.8077548607206,360.53564693866093,361.7932068485773,4846708
2014-01-16,357.6819152832031,366.63002702915765,354.82819186851805,366.63002702915765,7788351
2014-01-17,357.6335754394531,361.69649136389626,355.07008778978775,355.5053970133158,5000974
2014-01-20,362.663818359375,364.4534226653325,358.4074024958801,358.9394768574492,3246922
2014-01-21,372.24072265625,375.14281386790907,360.05197537309783,362.76059582652493,5781491
2014-01-22,373.49822998046875,374.8525549355262,367.64571053005386,369.0000056469357,5654756
2014-01-23,371.0798645019531,376.30360433933487,368.2745089234624,372.6759981128212,3790225
2014-01-24,358.3106689453125,369.5804288761387,356.7629030512288,366.6300001405417,3620342
2014-01-27,336.8836364746094,351.1521928598009,334.27175168383707,351.1521928598009,9238425
2014-01-28,344.62249755859375,347.66969125983167,334.22335676536176,334.22335676536176,6612172
2014-01-29,340.2693786621094,350.71685736430237,339.10852448773005,348.34684101121735,3287502
2014-01-30,349.9430236816406,355.50536741780127,337.6091738605841,337.89937998544343,9116541
2014-01-31,338.14117431640625,346.7023135594162,335.6743927386853,346.7023135594162,6933187
2014-02-03,325.4204406738281,338.334703283201,324.6465278037482,335.67445052286445,5637192
2014-02-04,334.5619812011719,335.3842318919347,321.26074773317595,321.26074773317595,11461601
2014-02-05,343.510009765625,346.7990418561851,328.4675418762809,331.80494164702316,9438000
2014-02-06,345.9768371582031,348.4919866992747,337.60916770106655,341.5269801533673,8085726
2014-02-07,348.443603515625,351.1521938444302,344.47742355312636,348.2501327778532,5491087
2014-02-10,352.16796875,355.40863366388845,346.3154188622862,353.0869548162461,6579782
2014-02-11,362.2768859863281,370.20927652035914,358.55254408411867,368.6131129404525,15829803
2014-02-12,364.3567199707031,370.49947605888957,362.9056893222397,363.72794002303567,7803372
2014-02-13,363.6795654296875,370.93477821061015,362.47037324559324,367.5973779443314,6825757
2014-02-14,376.11016845703125,377.2710228470657,367.7908661590475,367.7908661590475,6760699
2014-02-17,373.98193359375,382.5430730462301,371.70862268507693,379.25404080818583,8642839
2014-02-18,378.6252746582031,381.3822624902937,372.7243575211919,375.2878746168675,6076398
2014-02-19,378.7220458984375,380.17307655898975,375.23954247493265,379.20572278528823,3946755
2014-02-20,379.06060791015625,382.1078020405645,376.6905614002435,378.72203409990846,6735367
2014-02-21,383.26861572265625,384.81641150688273,380.0279509349387,382.10779126311957,6397085
2014-02-24,383.6072082519531,387.7668592732211,381.3339269077069,384.0908851337077,5249755
2014-02-25,385.4935607910156,386.6543852556195,380.70510019816925,385.9772376512672,3064479
2014-02-26,388.10540771484375,389.4113650483722,383.12350632032616,384.13922770559947,7317594
2014-02-28,403.3414001464844,404.55059233914835,391.1526234917164,396.6182318789151,12677990
2014-03-03,397.29541015625,401.4550614580901,394.925363437612,401.4550614580901,6684037
2014-03-04,399.42352294921875,406.96894125008566,392.5552820553946,397.82738939403293,5615889
2014-03-05,396.23126220703125,402.6158263685626,393.86121583973056,401.4550019461344,4045134
2014-03-06,395.1187744140625,398.84311592939486,391.20096216225454,398.0692329834923,5718053
2014-03-07,395.74755859375,402.27725569687533,392.26508529947176,395.167146378037,6061674
2014-03-10,383.0751953125,393.37760325907715,380.60841317369096,391.2010272732831,5839956
2014-03-11,384.9615173339844,391.29771405938646,380.17305672758914,380.17305672758914,6113727
2014-03-12,376.15850830078125,385.0098843679702,375.3362576374198,384.13923618035096,4526604
2014-03-13,375.3362731933594,383.70394290837066,372.2890790058442,380.6083810327708,3899249
2014-03-14,380.4148864746094,381.8175791794662,370.49945136138143,370.49945136138143,3242784
2014-03-18,368.8065490722656,384.3810628669229,368.0810338032307,381.14042799856685,6884223
2014-03-19,371.80535888671875,374.99765576724695,367.1620315323939,373.3047570429753,6332285
2014-03-20,367.3071594238281,372.4341639495341,366.3881733949315,369.5320729674726,4136724
2014-03-21,376.44866943359375,377.2709498368747,369.4352961136876,369.6771345151896,5746378
2014-03-24,378.7220458984375,381.5757693690363,376.5454700694297,378.2383690115867,3193454
2014-03-25,378.0932312011719,380.6567184659127,374.03031588680216,379.2056879387009,3932786
2014-03-26,388.5407409667969,389.84666844281736,381.7208378045587,381.7208378045587,7426496
2014-03-27,383.7522888183594,391.73301657578355,380.89856554513295,389.8466768475307,9264824
2014-03-28,384.3326721191406,390.1852212811741,382.49470021454584,387.7184396763061,3401201
2014-03-31,385.638671875,390.95914728667515,383.7039345555501,387.91195316549414,4162936
2014-04-01,389.9917907714844,393.2324556177372,386.46091980510545,391.92649823899166,3988380
2014-04-02,400.5843811035156,401.45499941484724,391.7813731077446,393.5226395685842,6361767
2014-04-03,397.92413330078125,404.35709501942364,393.812850277683,402.32562243105036,5358380
2014-04-04,392.2651062011719,400.87461420269,391.2493549313733,400.87461420269,2931936
2014-04-07,390.8140869140625,396.61826966822264,387.76689246003747,391.82980845267696,3833276
2014-04-09,407.1624450683594,409.0004170556509,394.19978643686073,394.68346327562165,6959992
2014-04-10,416.7393493652344,420.80226507029954,409.19393022180196,409.19393022180196,6388136
2014-04-11,409.7742919921875,423.51083329734223,408.4199968701148,414.9013260592428,6147582
2014-04-15,398.5045471191406,415.4333859631352,395.69919156701974,411.70904440127407,6939177
2014-04-16,397.7306823730469,405.27610121167066,395.98944564329287,396.1345487041057,3823079
2014-04-17,415.0948181152344,416.5458486777118,401.7452175877328,401.7935852731487,4626464
2014-04-21,417.99688720703125,420.36693367576044,410.3063654029682,411.0319105362128,2848869
2014-04-22,414.80462646484375,420.5120433810872,412.67641839416655,416.8360693231381,2514731
2014-04-23,411.177001953125,419.5446711289941,408.5167494416918,416.255638712973,5441306
2014-04-24,411.177001953125,411.177001953125,411.177001953125,411.177001953125,0
2014-04-25,409.4357604980469,416.69097336338933,408.80698055500153,411.1770271015821,4162636
2014-04-28,402.857666015625,409.2906277191735,401.45500316758995,409.2906277191735,3555731
2014-04-29,395.6024475097656,405.13097070550566,394.2965200509194,402.470718265976,2405270
2014-04-30,401.2131652832031,404.35709461256823,391.00749434343066,400.1974439091269,5643784
2014-05-02,401.2131652832031,406.58200809863996,397.7790298469591,404.35709461256823,2847110
2014-05-05,400.9229736328125,402.32563653330453,395.2155269820409,395.2155269820409,2476756
2014-05-06,405.46954345703125,408.2265312568515,400.9713190498569,401.3582605181578,2765256
2014-05-07,403.0994873046875,407.93631521696034,401.9386629280662,405.324430531387,3416541
2014-05-08,409.2423095703125,410.35476644651163,403.92183380248406,406.1951152451519,3073390
2014-05-09,413.5470275878906,415.0948233790046,405.5662997167075,410.1128920416355,5055987
2014-05-12,430.6693420410156,431.9269018906474,412.5796780900374,413.4502964474748,6378245
2014-05-13,426.55804443359375,440.8749985136856,424.4782041451549,432.6524025678869,5529371
2014-05-14,427.912353515625,431.53995983841776,419.88325788665503,425.63907225193304,2909047
2014-05-15,425.3004455566406,434.00671816235774,422.88206136464396,430.4758474038662,4399959
2014-05-16,435.1676025390625,449.82313211474764,429.0248461685883,429.6052882928267,9495197
2014-05-19,429.8954162597656,442.8580444723591,428.3476206068959,441.1168079308275,5885250
2014-05-20,425.4939270019531,437.1022907684325,422.35002747322346,431.49157962542233,6295237
2014-05-21,422.6885986328125,430.427487870089,419.9316107635569,427.8639707398564,5302879
2014-05-22,416.7393493652344,426.7515504803125,414.2725673935886,423.2206793530538,7668503
2014-05-23,417.2229919433594,425.54229342490885,411.12863380602755,413.40191499698216,7404500
2014-05-26,429.556884765625,438.94027561709345,423.7043350264412,423.7043350264412,9211965
2014-05-27,422.35003662109375,436.618593536601,419.3512102444062,432.74914881002354,5553985
2014-05-28,414.7562561035156,421.5761297791382,409.67758931416876,418.8675393188766,8522101
2014-05-29,410.4514465332031,418.23873313207605,407.5977531917354,410.5965495844642,7166289
2014-05-30,401.50341796875,408.42005732812163,393.7645278778316,398.0692821341097,11146212
2014-06-02,407.017333984375,408.90370359478067,397.1502662686742,401.4550202024487,5511595
2014-06-03,407.1624450683594,410.1612414686772,402.6641907915299,403.7283096749803,8909589
2014-06-04,408.27490234375,415.4817469272829,407.25918098099305,411.1286255344339,6501247
2014-06-05,420.8022766113281,421.817998105907,403.53489185076637,406.2918501931947,9086539
2014-06-06,424.7684020996094,426.1227270887002,414.51439342347635,422.7369593732378,8151455
2014-06-09,433.9583435058594,438.6016709180623,425.15533567390537,425.15533567390537,7065184
2014-06-10,438.6016845703125,440.53642179122176,428.00907213532184,435.6028582889004,6419352
2014-06-11,431.2013854980469,438.69843656663585,423.4624959974504,437.2474059745907,5884465
2014-06-12,434.87738037109375,436.71538238072856,427.3319612540231,430.47589085916576,4270136
2014-06-13,423.9461669921875,435.55450108237187,420.8022375814376,435.2642949679806,5456728
2014-06-16,416.7876892089844,423.94616636303454,415.0464525252206,422.2532973649309,4802036
2014-06-17,426.5096740722656,428.73458756323515,413.2084414583278,419.9316092921762,4886836
2014-06-18,419.01263427734375,430.4758653395501,416.49748477469774,429.9921884809985,3046408
2014-06-19,424.28472900390625,429.31502785661434,420.8022258897917,423.70431679124994,6736247
2014-06-20,423.752685546875,427.62213014587564,418.8191518886478,426.7998795092006,4781531
2014-06-23,421.38262939453125,428.05742937849675,417.12624341816695,422.1565421669234,3799762
2014-06-24,427.7189025878906,431.0563029465507,419.93164503041015,419.93164503041015,4020018
2014-06-25,428.782958984375,433.9583609565621,424.86514666056735,426.6547808440325,4478733
2014-06-26,423.7043151855469,434.20019217250257,421.96307855417666,428.54111344419624,4074119
2014-06-27,418.2387390136719,426.4613050437838,416.0621633759709,422.83369887306657,2621189
2014-06-30,417.2229919433594,421.96308474127824,415.0464461222327,419.83487676688844,3244342
2014-07-01,436.0865173339844,438.11798984110766,418.67403224744453,418.67403224744453,6431546
2014-07-02,440.9233703613281,443.63196074072926,430.5725961826561,436.666954374486,5826459
2014-07-03,454.4180603027344,457.36851905232766,440.14947326366996,440.92338609500626,10138512
2014-07-04,454.12786865234375,458.7711965974428,451.2741451859534,454.659913227095,7059490
2014-07-07,463.2210693359375,464.2851584526129,456.69137189816365,458.5293440087848,5301439
2014-07-08,454.65985107421875,468.8800689354464,450.1616268098769,463.8498001690848,6757729
2014-07-09,444.21630859375,456.50571767039236,440.0874559787966,456.40856890217435,3927485
2014-07-10,440.2331848144531,461.21749881457714,436.93009668671004,447.0822329936196,5359992
2014-07-11,433.2384033203125,448.29658209809486,431.14970482564814,442.2732986007059,2738220
2014-07-14,443.001953125,445.77069304504886,429.9838981995517,432.3154986242308,3611521
2014-07-15,449.7052307128906,451.6482359856882,443.6819772951663,445.187783158175,3609319
2014-07-16,456.8943176269531,458.1572815929766,448.9280586165498,452.9111881217514,3592346
2014-07-17,461.7518310546875,463.74338088928306,451.8911407570538,453.6884230125025,5114632
2014-07-18,461.7518310546875,463.889104047912,453.05692602608536,458.3515940543204,4148084
2014-07-21,461.41180419921875,464.8120411542505,456.60288009719756,462.6747382238309,2147835
2014-07-22,472.82684326171875,474.2840747316772,458.78872690502874,461.41177351664317,4245591
2014-07-23,471.0295715332031,473.9926388864596,463.160461490581,471.6610385174386,4745188
2014-07-24,471.4181823730469,473.3126133548268,463.50049768211363,469.4266325869021,3338881
2014-07-25,447.95654296875,472.146764798111,443.3905211329579,472.146764798111,6343512
2014-07-28,440.9132080078125,456.65142787567027,438.43588452280176,443.48768025828684,8392066
2014-07-30,438.4844665527344,442.4676259375867,429.40099689209444,442.0304265196863,13595305
2014-07-31,434.01556396484375,441.73895036328867,432.3640350347787,440.0874214332236,9472953
2014-08-01,427.4580383300781,442.75908962088965,425.51503294495245,432.1212093024121,8882644
2014-08-04,433.8698425292969,435.61855019251533,428.57520509053074,429.6924158417307,7517951
2014-08-05,443.7791442871094,444.8477807499091,431.5383094525133,436.88152173220254,4030664
2014-08-06,434.79278564453125,442.0304287659514,432.5097896047201,442.0304287659514,4859128
2014-08-07,429.4010009765625,437.51298304278515,427.65232315108756,434.84136195484143,4871343
2014-08-08,420.5603942871094,425.36928817151625,418.1316451705524,425.02926749039483,6491179
2014-08-11,433.8212890625,435.6671455756776,424.54352201085226,427.06938991794107,8735749
2014-08-12,460.4888610839844,468.2608227082607,455.04849993326746,467.289334996649,14887582
2014-08-13,460.0030822753906,466.17208870676296,452.8140138243341,463.4518933552497,6299304
2014-08-14,470.7867126464844,472.0010722651633,460.14883248978464,460.8288738762448,6417376
2014-08-18,489.439453125,491.236735425142,474.9641658117987,475.1098889740514,8656402
2014-08-19,504.0604248046875,505.857706966499,491.13954884901494,493.03394981249426,9965688
2014-08-20,497.6485595703125,507.1206545387388,496.3370511758174,504.2061914398608,5467442
2014-08-21,498.1343078613281,503.38040141746285,491.72245902093965,501.2916728789536,5463932
2014-08-22,496.9684753417969,505.8090725777142,496.0455621067075,500.5630094862545,4404241
2014-08-25,493.9082946777344,503.2346363879967,490.94525723756897,502.263178668387,4005516
2014-08-26,498.03717041015625,500.5144940882865,482.20180054239097,484.290529128374,4724406
2014-08-27,506.82916259765625,509.06358410562507,501.48592079939783,504.10899728360727,3905433
2014-08-28,510.0837097167969,516.4955883114546,507.7521392937869,508.7721713881636,5597525
2014-09-01,505.1777038574219,514.4068973868277,502.02030874776676,511.0066303403825,6321716
2014-09-02,501.5345153808594,505.9062397773539,497.4542372797518,505.1776540045758,4700852
2014-09-03,507.7035217285156,515.3783341025247,506.44058778226,511.1037285068961,7395355
2014-09-04,498.377197265625,507.80068773125953,494.7340884851458,507.80068773125953,7887159
2014-09-05,491.57672119140625,501.87455052325134,488.80795133974203,498.37719487781055,10061738
2014-09-08,495.5598449707031,497.40567154022773,488.56507382849327,493.51969090185446,9265718
2014-09-09,502.4089050292969,503.62323467798564,493.13110767836605,496.5313445643191,9134923
2014-09-10,501.8259582519531,506.1005338541504,497.7942545609211,499.15436722913563,7315474
2014-09-11,499.68865966796875,503.52603566651055,496.43414626047974,503.2345893881403,3994427
2014-09-12,502.45745849609375,504.54615694587187,498.76577545637787,500.3201556980732,4645545
2014-09-15,497.7942810058594,500.7087740603616,495.60843368925083,497.4056859273512,3002542
2014-09-16,485.5048828125,496.19133761202306,480.55026548294603,495.46272182321974,5795527
2014-09-17,492.4996337890625,494.9769573334307,477.39288053475576,487.6907398177034,5000801
2014-09-18,510.4237060546875,511.78384874779124,486.42778039300885,491.2852787591137,7126911
2014-09-19,504.1090393066406,513.921124938782,501.82598329636954,510.22941177345126,5187142
2014-09-22,524.6561279296875,527.0363026260135,499.34866501350047,500.32015265865834,7973384
2014-09-23,503.04034423828125,527.1334788172755,501.3888151555838,526.2590799597601,7528891
2014-09-24,498.76580810546875,502.99180962990044,492.1110573287133,501.2916761635664,3887411
2014-09-25,489.97369384765625,500.0772547286843,485.74769284540633,498.085675194042,6390237
2014-09-26,496.5313415527344,498.4257725053668,478.3157976190714,487.7878924508524,7252440
2014-09-29,496.1913146972656,500.90305987962404,493.179672943602,495.55984770946475,5160966
2014-09-30,487.8364562988281,500.02871638699173,486.0391741535746,500.02871638699173,5576865
2014-10-01,488.4193420410156,492.9367895838129,485.01910529685784,486.9135062162902,3727045
2014-10-07,490.556640625,502.0688597906458,488.4193676806236,488.4193676806236,5462324
2014-10-08,494.4911804199219,498.08571477129107,487.6907367515956,492.5482050763115,3963078
2014-10-09,505.7606201171875,507.60644692296427,498.6686993004471,500.2716541580954,3758873
2014-10-10,478.6557922363281,499.83440242318255,475.4012787011156,499.83440242318255,7535919
2014-10-13,482.1046447753906,483.9990757878173,466.36642390897885,476.0328165829839,5193538
2014-10-14,474.0898132324219,485.9420533192364,472.2439865635279,484.67911928262475,3886857
2014-10-15,474.0898132324219,474.0898132324219,474.0898132324219,474.0898132324219,0
2014-10-16,470.0094909667969,486.8163468248335,467.96933697855945,471.6124455559422,6643744
2014-10-17,462.237548828125,469.96093573093503,454.6598850757194,469.96093573093503,9595387
2014-10-20,480.5502624511719,482.8332585750189,470.78672104573087,473.99266046193077,5839603
2014-10-21,487.15643310546875,489.77944989781065,479.67591787740787,484.82483265769605,3972592
2014-10-22,504.3518371582031,505.6633753949437,494.1511273751747,494.1511273751747,5842953
2014-10-27,489.3422546386719,503.23461792586727,487.93359754666596,502.2631602418974,3177278
2014-10-28,494.1511535644531,496.72562582828016,488.7107927045865,491.28526496841346,2422395
2014-10-29,511.200927734375,512.4153173836482,500.8059489115378,500.8059489115378,4416090
2014-10-30,511.9295654296875,516.2041713798046,505.27484450301296,507.46066193326425,6242397
2014-10-31,520.5758666992188,523.1503391560748,506.1005796219809,511.34667330894456,3956550
2014-11-03,516.2527465820312,520.6245015659655,511.24955450064516,515.4755563504674,2794484
2014-11-05,520.7215576171875,524.4132105597232,506.39196544600867,513.9210843706136,6584901
2014-11-07,518.1470947265625,528.4449235763907,517.0298539819851,521.7902033190617,2480434
2014-11-10,507.4120788574219,519.2157437933805,503.9632677075299,515.6212394605499,3389879
2014-11-11,506.82916259765625,512.4638506795627,502.3602896160304,510.0350717177854,2551014
2014-11-12,516.6898803710938,521.5959230498758,507.02348819773385,508.48071969667205,3617680
2014-11-13,511.7352294921875,520.7215802317482,508.5293202186499,517.8070573244256,2799445
2014-11-14,508.9664611816406,521.4987718774538,504.8376086546734,514.7468427331189,4717775
2014-11-17,529.7079467773438,531.9424286430982,505.17773006071985,505.17773006071985,7159194
2014-11-18,526.161865234375,535.0025220198476,525.0932289030567,533.0109425276128,4548021
2014-11-19,514.4068603515625,529.4164348616332,507.60638667966424,528.542095952138,4678498
2014-11-20,509.79229736328125,518.6328957373096,505.4691469503621,517.80710119181,3828955
2014-11-21,515.8640747070312,524.02463085557,512.1724216564111,513.4839000113369,4019464
2014-11-24,511.3952331542969,523.29610806501,510.0351502877541,515.8641367900373,3793347
2014-11-25,506.9748840332031,513.9696551620314,498.3771882206495,513.4839113288753,4359660
2014-11-26,505.1290588378906,509.8408039979806,500.3201649109059,506.8291922242404,4638623
2014-11-27,505.1290588378906,507.94643300922104,496.9199281038963,500.3201649109059,5701903
2014-11-28,518.2928466796875,523.6360892029705,506.63493382052445,509.45224827807095,8262478
2014-12-01,520.7215576171875,524.4618149062344,514.989720748716,524.4618149062344,5148090
2014-12-02,513.8724975585938,520.5272778554637,513.046763022118,520.4301290905031,3593679
2014-12-03,513.9210815429688,523.4417200632381,511.29800506159125,519.9443646632366,4040047
2014-12-04,512.7067260742188,521.9359189233809,507.12064197408176,518.7785540121338,3639457
2014-12-05,510.3751220703125,515.6212151045033,507.5577480652024,509.5007832198434,2469524
2014-12-08,501.000244140625,515.3783825904027,499.05726865589406,510.1322888502448,3135332
2014-12-09,488.90509033203125,506.00339300840074,487.0592338125995,502.50603743288946,5562200
2014-12-10,496.4342041015625,500.22303612751216,479.14157307500386,481.86176862241905,5621126
2014-12-11,489.53656005859375,498.1828602112945,483.80475286753375,492.3539042537028,4069618
2014-12-12,485.6991271972656,493.2767905028411,481.86172116387405,484.67906520458496,3900394
2014-12-15,479.8702087402344,487.496447017307,478.3157984747851,480.79312204321616,3896475
2014-12-16,467.9207763671875,477.68431723091817,464.8605902433085,476.03278821168186,4813220
2014-12-17,462.237548828125,472.535408020435,455.29135206080485,464.95774426802933,6238806
2014-12-18,471.07818603515625,476.03283349556847,467.1436306787657,467.3379282289236,4417769
2014-12-19,472.0496520996094,483.61047566566276,470.3495486138316,476.32425793809,4665944
2014-12-22,480.59881591796875,483.12468385994225,467.6293356608448,472.2439620246764,3225905
2014-12-23,474.23553466796875,487.1564411660609,471.75821102407565,482.63896335089845,4165774
2014-12-24,470.15521240234375,478.70436344475536,467.8236121336457,476.17849561649524,6510045
2014-12-26,471.3210144042969,473.65261475635316,465.2977609404935,469.23231593317684,2339159
2014-12-29,480.9388427734375,483.8047614023703,471.3210248200612,471.3210248200612,2818585
2014-12-30,479.6759033203125,485.26198739646577,476.2756665047753,484.7762435607733,1701736
2014-12-31,481.4245910644531,484.4848072581624,477.0528664873073,480.40452898844694,3217611
2015-01-01,484.2419128417969,485.2134004881048,478.21862950330916,480.4045066731913,944551
2015-01-02,497.2113952636719,502.65178636939925,483.0761292247072,483.0761292247072,4193093
2015-01-05,508.8692932128906,511.0065659874884,492.25673496576235,495.5598228558294,6758676
2015-01-06,487.10784912109375,499.6887044964711,485.0191206397,499.6887044964711,7979598
2015-01-07,479.7730712890625,486.1363457569964,475.25559350494285,480.8902821558684,9232656
2015-01-08,497.4056701660156,500.12586559506866,486.7192159485908,489.6337089107412,5535587
2015-01-09,507.4120788574219,509.9865511155443,500.80590285489444,506.39198685133437,4053562
2015-01-12,507.4120788574219,509.7436492354742,496.6770503447372,503.72036582745983,2560568
2015-01-13,504.6432800292969,510.71510750510885,500.5630021368056,505.51761887075475,4328812
2015-01-14,505.51763916015625,511.6380712273861,499.30008829455437,506.63487991254846,6070608
2015-01-15,517.758544921875,520.7216124296564,508.8207979782864,513.2410970641448,6902556
2015-01-16,510.7637634277344,520.5273047069986,507.5092496679796,515.9612525869302,4250137
2015-01-19,523.1502685546875,524.2189049162366,508.23784397600605,511.4923574064118,4617341
2015-01-20,543.26025390625,545.0089316280818,519.5071717582159,523.3931821825524,6140342
2015-01-21,535.77978515625,542.531654681637,530.436542839497,540.9772743513472,6521363
2015-01-22,550.3522338867188,552.4895068924054,532.9138793073157,534.9540035400166,6010572
2015-01-23,571.676513671875,574.2995304245087,557.6384267097823,558.6099143959428,7764736
2015-01-27,587.3175659179688,590.37778199417,579.0598609264788,579.0598609264788,7213518
2015-01-28,572.4051513671875,582.1200880238038,570.2678185562554,581.9257904892991,8297785
2015-01-29,581.5372924804688,583.5774169332707,564.0503915936713,569.2964259008764,5874507
2015-01-30,568.4706420898438,587.4633774450521,564.5360867337,584.2574079362624,4180985
2015-02-02,575.611083984375,578.9142021360292,564.2931622443117,571.0450318073229,4363228
2015-02-03,586.1032104492188,594.9438076430208,579.2055884779278,580.6142155485602,6100343
2015-02-04,574.5424194335938,589.3576962125363,571.4336589075614,589.3576962125363,3398715
2015-02-05,572.4051513671875,585.7145924121412,565.4103801936373,574.15382917773,6847443
2015-02-06,543.64892578125,555.6954339431525,536.4598564219752,550.8865395628582,12221202
2015-02-09,527.1820068359375,538.6456811513815,525.8704685218473,534.3225310742979,4628548
2015-02-10,548.0205688476562,551.8094306865738,527.8620498957689,528.4935468460484,5617236
2015-02-11,542.9688110351562,555.1124663334285,537.5770247265663,550.8379207642815,4637550
2015-02-12,545.7861328125,549.8664408443624,536.7512378014786,546.1747278696889,5488927
2015-02-13,549.4292602539062,551.0322448853922,539.1799753725053,546.6604904109325,3506531
2015-02-16,557.7841186523438,563.9045509928793,549.3807202201156,552.7809271140903,5793607
2015-02-18,567.6448974609375,570.2679146186018,544.6690003756047,556.3755786299524,5846505
2015-02-19,560.11572265625,575.6596447311218,555.7925127689382,569.2963108034699,4316943
2015-02-20,563.3701782226562,568.3248251262423,555.9382677986553,562.9815831660125,3907248
2015-02-23,557.8327026367188,567.7905409311727,555.7439742266996,565.410366226596,3040407
2015-02-24,548.31201171875,561.5243637918234,543.9888616548324,560.5528761293003,4350356
2015-02-25,552.0037231445312,559.5813868213087,547.923415042553,550.5464916550316,3082740
2015-02-26,544.6688842773438,555.7439631117891,541.4629751013281,553.8495322693639,3570924
2015-02-27,558.755615234375,564.4389081733092,547.4376936385526,550.8865049373388,4357037
2015-03-02,568.3248291015625,583.868751338796,556.7640661541673,580.3713958045389,4951897
2015-03-03,557.735595703125,565.8961524941752,555.695411556825,565.8961524941752,3593208
2015-03-04,557.735595703125,575.2224945508922,553.8495848861861,564.9246647727863,6242783
2015-03-05,554.4324340820312,561.3300562948818,551.517971146198,559.5813785333819,3354510
2015-03-09,548.9921264648438,557.2498317299932,545.980454705853,554.7239038141653,3566055
2015-03-10,544.2318115234375,556.3755282384998,542.7745799011624,551.7123271158346,3917160
2015-03-11,535.1968994140625,549.0892936574223,532.5738226415883,545.0089853065642,3184841
2015-03-12,547.8262939453125,550.7893614226385,538.4999520100957,539.0828446353354,3430749
2015-03-13,542.4345092773438,549.5750338609995,539.277144246157,549.5264295096852,5382475
2015-03-16,541.0258178710938,549.5750295362317,538.4514054190246,543.1145464021374,2786971
2015-03-17,555.2582397460938,562.4958528150893,546.3690377154339,547.9234179792311,5395883
2015-03-18,544.2318115234375,554.7239391352031,540.637246923774,554.0925020645763,4569613
2015-03-19,538.01416015625,552.7323474589092,535.5368367543073,548.8949413860817,3295114
2015-03-20,531.9908447265625,534.9539117599576,525.5789668781808,533.3023829025464,5119749
2015-03-23,535.7311401367188,541.9001765013244,532.4280821855955,532.4280821855955,3153860
2015-03-24,517.0784912109375,536.7512668751704,513.3382336172098,536.0712254882545,4519046
2015-03-25,526.4048461914062,530.0479551067303,518.29283383315,520.2358692043371,8625253
2015-03-26,509.3065185546875,523.6360516477775,505.9548561126402,515.7669415545153,6544581
2015-03-27,520.090087890625,521.4987749738204,503.3803801512476,510.6665975869666,4721243
2015-03-30,524.6075439453125,525.6276359780142,516.2041455228149,521.5473277785883,4012522
2015-03-31,534.5167846679688,543.8431254213106,522.2759212263875,524.7532445354099,5409542
2015-04-01,548.7977905273438,550.2550219548675,532.3794699831119,533.448106363296,4222512
2015-04-06,557.87548828125,563.1287138626019,545.3069180389474,553.7023461122594,5728358
2015-04-07,550.2164916992188,560.379356135256,544.0304341776305,558.7591711011187,3201751
2015-04-08,551.345703125,559.2991968644908,549.0873088473628,554.7824083092164,3774897
2015-04-09,549.774658203125,554.6350932718458,542.2629786637498,552.6221779493658,3043135
2015-04-10,552.4749145507812,559.1028457893897,545.5032768446758,548.6945029965984,2808049
2015-04-13,546.1906127929688,553.7022919347179,542.4593450873555,552.8185438246138,2889208
2015-04-15,530.6763305664062,541.2810077107915,528.5161041275892,541.2810077107915,4118983
2015-04-16,531.4619140625,541.2810718280889,524.5394198240364,533.9167035038972,4027716
2015-04-17,525.6685791015625,534.9476950367515,524.4903281325204,531.7073850091219,2728290
2015-04-20,523.5574951171875,533.3275689135775,511.6271946629383,533.3275689135775,5011252
2015-04-21,517.8623657226562,528.2706482016617,514.0328705084943,521.8391123334377,3243871
2015-04-22,514.032958984375,520.1208493769625,501.4153340362233,519.4334962802949,4311384
2015-04-23,502.7408447265625,518.2551009955205,499.25505593397247,518.2551009955205,4961920
2015-04-24,506.8648986816406,510.5961663727039,499.4023333338248,505.9320667760302,4302328
2015-04-27,507.50311279296875,513.5419184064373,503.7718450661576,511.57808697849686,3082875
2015-04-28,520.26806640625,524.1466458304741,508.976034624885,511.0871775826506,6417077
2015-04-29,511.4798889160156,518.4514660974271,507.4539987696914,517.2240715280676,3685760
2015-04-30,499.0586853027344,511.3817161114394,497.5858116618999,508.8287591065458,10009172
2015-05-04,497.291259765625,506.66854349717397,488.5031015307055,502.49540142379607,5849866
2015-05-05,501.21893310546875,506.3739910658483,496.8984796042159,500.28610110731364,3398712
2015-05-06,488.8467712402344,499.30416817946843,486.833825935809,499.30416817946843,5925410
2015-05-07,479.2730712890625,493.90360959608694,473.8725348024254,484.57541021007734,5504557
2015-05-08,504.41015625,506.57038298687087,488.3558269967645,489.7305031176405,6229295
2015-05-11,520.1207885742188,521.3481832707166,507.65044647152394,512.805504196815,5520513
2015-05-12,504.2628479003906,516.1931488617926,501.90625596980595,516.1931488617926,4569616
2015-05-13,511.0380554199219,516.0458016875689,497.3894027534939,507.6504341535112,4442178
2015-05-14,507.25762939453125,509.61425105984495,500.87520727565595,509.61425105984495,3587736
2015-05-15,510.4980773925781,515.014866356611,507.69958124477256,509.61432914982106,4038816
2015-05-18,511.2834777832031,514.916577580979,501.0715313134614,507.8958568916098,4363711
2015-05-19,500.58062744140625,509.36878521598703,499.50054411036774,507.5522650870459,5500642
2015-05-20,496.1129455566406,504.5573972531367,494.44367675206365,501.7589612655979,6385674
2015-05-21,501.95538330078125,503.23186189100807,495.86749318040796,497.340366922528,4708702
2015-05-22,505.3428955078125,507.6012894372692,500.97335903240565,502.4953162502108,4744826
2015-05-25,496.1620178222656,504.70469685650215,493.90362357747193,503.72278110386304,3080546
2015-05-26,488.6012878417969,496.84937422713284,484.6245110370466,495.8674584677907,7389680
2015-05-27,463.21875,466.3608923519359,455.16702895172074,465.03530011078516,15936377
2015-05-28,475.59088134765625,478.63482604957704,463.7096952331398,465.2807663662947,11792862
2015-05-29,472.9397277832031,481.3842094546899,470.73041728596075,476.42554676937806,7892019
2015-06-01,463.5133056640625,474.1670972657296,462.4823061398356,474.1670972657296,4610219
2015-06-02,458.5055847167969,469.7485024002248,456.5908369626125,464.54436076090605,6237231
2015-06-03,448.5882263183594,460.27301800907827,426.8387979671753,458.554665408511,9702740
2015-06-04,443.0404357910156,450.15932557954477,437.39441975183735,448.58825425376523,8001049
2015-06-05,434.1049499511719,441.42020415562433,431.55196306165095,437.59073880418794,11195670
2015-06-08,427.72247314453125,430.0790647665528,421.2909075070796,427.4278804632234,7072020
2015-06-09,432.09197998046875,435.7741637547564,423.5002178404642,423.5002178404642,7741629
2015-06-10,438.5235900878906,441.2729422652176,428.1152769039678,431.9447424244201,9716102
2015-06-11,422.420166015625,438.719943430537,420.35813695539804,438.42538069294335,9668308
2015-06-12,414.17205810546875,421.73282148981644,409.7043533565213,418.83615799388934,10871836
2015-06-15,418.6398010253906,420.2108722748949,410.5389957972539,418.29612450742223,7287773
2015-06-16,424.97314453125,427.9188919193105,413.6320290734939,419.32712870413405,6192559
2015-06-17,425.8569030761719,429.48997363037995,418.78709718662697,428.1152974756609,7034146
2015-06-18,437.3943786621094,439.40729394418094,423.59844452645893,427.03514961875976,8198142
2015-06-19,425.2185974121094,436.756107308036,423.79483757457933,436.756107308036,6891821
2015-06-22,432.53387451171875,435.9705795305406,427.1333380535701,427.1333380535701,5281379
2015-06-23,428.1152648925781,439.30909839433775,427.13334914741165,433.02484361841044,5762483
2015-06-24,422.81292724609375,430.7664508011198,420.35813787514064,430.7664508011198,7081258
2015-06-25,424.5803527832031,428.21345294587235,421.7328031786274,425.16950821035084,7745469
2015-06-26,429.68634033203125,430.8646212584821,423.40208549388757,427.13335337618486,5009173
2015-06-29,420.5054016113281,424.6785433669572,410.5880469754012,421.04544326401617,7143044
2015-06-30,426.2987365722656,428.36076573570773,415.0558186945488,420.25996042380035,6387312
2015-07-01,436.4615478515625,439.30909751369893,423.5984456225291,428.8517008417771,6054910
2015-07-02,428.5080261230469,436.9525075428559,427.1333500699828,436.9525075428559,4641851
2015-07-03,425.3168029785156,428.1152688713865,422.66564842134125,428.1152688713865,3709457
2015-07-06,423.3038635253906,425.66045520814566,413.0919462563261,420.2599188675579,4600687
2015-07-07,423.7456970214844,427.8206710401066,420.2599083659394,426.4950788874035,5667938
2015-07-08,397.6268005371094,416.3322838512241,392.7663055200227,416.3322838512241,15521757
2015-07-09,390.6060791015625,396.05572957352996,387.120290124134,392.91358714109697,9351601
2015-07-10,394.6319580078125,398.46142367330475,390.8515761465385,393.0118029146072,13661389
2015-07-13,394.8283386230469,399.3451571754927,389.86964598613133,399.3451571754927,8047912
2015-07-14,378.9703674316406,396.20297557249614,374.06078904784266,396.20297557249614,11333562
2015-07-15,387.1693420410156,387.8566950057823,375.68094652278916,380.0013695373108,15561638
2015-07-16,388.10223388671875,391.44074173346587,385.3528815342666,387.75855735123895,5199913
2015-07-17,390.8515625,395.9575365195102,383.3399128096312,388.78956334374726,6590110
2015-07-20,383.6835632324219,394.6319173929411,382.25977346831627,391.7843678304193,5777196
2015-07-21,382.06341552734375,386.1874436030407,379.1176683451217,384.71457001192965,6461958
2015-07-22,382.5052490234375,385.69647504906084,378.9703764752983,380.98329167441585,5955109
2015-07-23,394.0919189453125,396.1048343828599,378.0375893524031,381.7197736642771,9510349
2015-07-24,383.192626953125,392.12806639987866,381.965232247958,390.3606000450236,7059848
2015-07-27,370.62408447265625,378.2830147711703,366.25454772134077,377.30109909363324,8450904
2015-07-28,363.4070129394531,368.1201963958747,359.4793500705386,366.2545625262782,10975840
2015-07-29,369.6422119140625,373.07891718633573,365.96002769376975,367.1383086648483,9532212
2015-07-30,370.62408447265625,375.5827466579433,369.2002947539521,374.7481123388991,6562559
2015-07-31,376.90838623046875,383.4381203143871,373.17708820702103,373.9135250578169,6947628
2015-08-03,381.1796875,387.2675468729438,375.0917981613671,379.3631374581749,6647982
2015-08-04,373.8644104003906,380.0013836505612,371.1641421703156,378.92127036539324,5621275
2015-08-05,369.5931091308594,381.4742965612997,368.3166305494925,371.90061730396974,8298929
2015-08-06,376.17193603515625,377.74300725425957,366.4509759426354,369.691285984912,7976356
2015-08-07,386.28564453125,388.838631437869,375.48457143575365,375.48457143575365,10706804
2015-08-10,378.72491455078125,388.1512817232101,375.1900118782752,377.055645799248,14494111
2015-08-11,362.4742126464844,380.98333152424124,360.9031413687099,380.0996132947719,9984809
2015-08-12,348.7765197753906,359.2339175208613,347.1563346602344,358.39928306032186,11107801
2015-08-13,343.08135986328125,354.42250484796665,341.70668379517446,350.4457280485221,11147702
2015-08-14,348.8255615234375,353.24418228868865,338.8591229016201,345.09429375239023,6400810
2015-08-17,349.6601867675781,355.748046128242,339.00639542930503,347.9909180912813,5812093
2015-08-18,342.29583740234375,351.8695159916718,341.41211921800544,349.4147266097928,5623977
2015-08-19,344.89788818359375,348.48187448047764,337.7789993883452,342.39401514533364,6435894
2015-08-20,336.0115966796875,343.37596513439405,334.8332857406577,341.7066962983838,7789676
2015-08-21,326.3887939453125,333.2622042929935,321.82289163606265,333.2622042929935,8793065
2015-08-24,302.675537109375,311.2673001254562,296.14580321029155,311.2673001254562,14753473
2015-08-25,322.90301513671875,325.3578046238982,300.2698380855093,302.430064820504,13398318
2015-08-26,329.03997802734375,335.2260353452019,312.49469143505195,316.17687554465584,13781660
2015-08-27,328.00897216796875,336.3552567520463,321.33195648698404,332.2803120364882,17224851
2015-08-28,333.9004211425781,335.8151687400911,329.1872377781156,335.8151687400911,7123909
2015-08-31,333.9986572265625,342.44313919703285,326.437923458832,333.85137584800333,7244287
2015-09-01,323.9339904785156,333.2131060315,319.2208070023364,328.8926828507208,8606005
2015-09-02,318.58258056640625,326.4869904542863,315.6368332841119,322.903003920633,8097313
2015-09-03,327.5179748535156,333.65494807416826,320.3009183185797,320.3009183185797,8138855
2015-09-04,317.06060791015625,324.8177367879872,310.2853948387771,324.03221612910266,6592654
2015-09-07,317.0115051269531,326.9779439726201,314.21303925296826,321.87197009848313,5357928
2015-09-08,324.9159240722656,327.2234321374912,310.5799477589252,320.104542766158,6729868
2015-09-09,338.6627502441406,344.3578798100336,327.5671137946932,329.28546642854434,8833492
2015-09-10,347.6963806152344,350.00388867095927,325.01412030475524,333.90044604886555,9872906
2015-09-11,338.3681640625,352.4095469119521,336.0606561208333,348.48188402083935,8569963
2015-09-14,340.5283508300781,344.5542111702374,336.06064640685423,342.5903797814464,5480940
2015-09-15,328.30352783203125,339.69375620689846,327.0270194132857,339.69375620689846,5802405
2015-09-16,331.9366149902344,334.24412304932383,326.4869944377751,331.5929684423266,5708786
2015-09-18,324.2776794433594,327.76346840189433,320.93917185555154,323.24667988257886,14893326
2015-09-21,325.70147705078125,328.84358957545555,319.7608685870725,320.9391795123826,5172386
2015-09-22,310.0889892578125,327.56710800399355,308.32155285194415,325.99603677339314,7122834
2015-09-23,304.6884765625,306.8977872271302,300.7117293524431,305.3758296444402,8954516
2015-09-24,297.9132080078125,306.35768875509706,296.14577178973144,304.09929470247255,13799813
2015-09-28,279.8459777832031,298.89513659355345,278.3731042159231,298.89513659355345,13577316
2015-09-29,283.5281677246094,289.46874591922995,274.05268690028424,276.1147159314194,12304403
2015-09-30,293.2000427246094,294.32923982002194,282.8899275682783,284.0191246636909,12926187
2015-10-01,292.36541748046875,296.04760157971896,286.2284439817183,295.99851777800535,7501080
2015-10-05,309.45074462890625,316.275071121999,297.0295163038821,297.0295163038821,14527820
2015-10-06,327.665283203125,328.6471989094985,313.77115198538803,314.75306769176154,18806867
2015-10-07,335.1769714355469,338.76095818846017,323.0503050550823,327.8616865840407,17802539
2015-10-08,337.0426025390625,341.01934959221217,335.3733336720385,337.5826442494978,12085332
2015-10-09,350.0038757324219,352.7041440037135,334.9314632068015,339.93923944851673,11635790
2015-10-12,355.7971496582031,360.3630515387858,349.95473942490935,350.0529369852238,10509775
2015-10-13,354.56976318359375,358.6447073215565,348.62915525402184,353.4896499267908,9969583
2015-10-14,345.9289245605469,353.7351671614909,344.75064357925766,352.2622934606103,7009418
2015-10-15,374.40447998046875,376.81018566021135,348.87466935593324,348.87466935593324,19487376
2015-10-16,379.7559509277344,383.88000943992375,373.7662583136282,381.57250122395334,16497652
2015-10-19,371.8514709472656,377.05561193826344,369.44576560357194,377.05561193826344,7455714
2015-10-20,376.22100830078125,388.5931525690162,370.5749928180981,372.14606398902623,15426131
2015-10-21,374.5517883300781,379.4122534884317,371.7042085798422,373.07891465196644,8720671
2015-10-23,376.0736999511719,381.768798825776,375.091784285503,376.95741805713624,6744440
2015-10-26,377.6448059082031,382.84894743089677,376.31921364391224,379.4613560506987,5064657
2015-10-27,376.41741943359375,379.95232222700764,375.28822228219957,376.07374291820645,4423221
2015-10-28,379.3140563964844,383.683593633352,375.2882256437742,375.8773511432106,8018683
2015-10-29,384.12542724609375,389.62413109934806,377.3011012617209,381.9161169589399,15381516
2015-10-30,377.98846435546875,383.7326472834492,376.56467459042864,382.7016477747577,6651831
2015-11-02,380.93426513671875,384.9600961401062,377.4484458976453,379.11771482516707,7511675
2015-11-03,375.1408996582031,384.174536528995,373.913504972807,384.174536528995,5887746
2015-11-04,397.528564453125,399.88515606478904,382.99619457743495,382.99619457743495,13985828
2015-11-05,396.6939697265625,405.33481648680527,394.1900965078817,396.3012094130408,12912937
2015-11-06,388.98590087890625,397.0867054521597,385.4019145456956,392.66808477583965,11016134
2015-11-09,404.3038024902344,406.0221550205511,366.3036516906686,367.23648362197366,22128119
2015-11-10,400.08160400390625,409.8516482175832,395.41750396197784,400.62164570669484,12654616
2015-11-13,396.6448669433594,409.94981295849084,394.53372417353637,403.9110372757133,11007237
2015-11-16,393.01177978515625,397.52859823803635,387.07120147111976,393.74821659924464,7673487
2015-11-17,400.13067626953125,403.27281871976476,391.34251814187485,395.7120553045916,6063987
2015-11-18,398.9032897949219,406.02217927433895,395.95754242412863,400.57255862464814,6960097
2015-11-19,399.59063720703125,402.4872707681035,396.2030157920494,402.4872707681035,5645524
2015-11-20,395.56475830078125,403.27280278371694,394.0918847040046,401.1125761888352,5420173
2015-11-23,394.8283386230469,397.0867329164241,389.3296042968385,393.10998601896245,4658448
2015-11-24,393.6991271972656,399.14874755771854,389.8696318459309,391.8825770885512,5624579
2015-11-26,416.72503662109375,418.7379818798652,396.6939613952631,397.430398204784,15070353
2015-11-27,410.0971374511719,424.08943792784237,408.9188564430785,417.8542664591348,9720127
2015-11-30,415.84130859375,421.8310004957944,410.44077211850646,412.30640599863443,9901753
2015-12-01,409.80255126953125,419.2780324260688,408.575156561024,419.2780324260688,6402692
2015-12-02,405.678466796875,411.32448209045504,402.88000104952795,408.3787349807611,6543300
2015-12-03,398.2650146484375,404.4510715835829,396.9394224578523,401.3089593171952,5999323
2015-12-04,392.7171630859375,404.058276478338,391.48976856443585,395.22103592352624,8477407
2015-12-07,391.9316711425781,395.7120528264905,388.15128945866576,395.6138552569685,6156323
2015-12-08,395.12286376953125,399.5905980944218,388.9368069697609,389.7714412911746,7851653
2015-12-09,386.8257141113281,397.6758709497299,385.64740324816404,395.51564435582577,6103583
2015-12-10,382.55438232421875,393.94461102125973,378.28304281711706,393.94461102125973,10684178
2015-12-11,371.11505126953125,385.54919409833013,368.5129506886968,383.830841621162,6537672
2015-12-14,364.8799133300781,366.74554733677877,353.98064207472225,363.06336312657015,12682481
2015-12-15,372.6370544433594,374.060844371515,358.8902329355675,364.536248911982,7717531
2015-12-16,373.5698547363281,378.0375593606782,366.10728912983643,369.10212014628775,11874858
2015-12-17,376.0246276855469,380.0013742671837,369.2493854121079,378.037542875622,7604665
2015-12-18,371.4096374511719,377.84117371421513,369.98584760817585,374.9936239939141,6454322
2015-12-21,373.2752685546875,375.6318603753459,370.6731977950919,372.2442689974278,4015631
2015-12-22,371.2623291015625,375.87731487409206,370.3786109719878,374.0116810526146,3802024
2015-12-23,371.60601806640625,373.9626098129758,370.67318614149605,373.0297778880656,3953766
2015-12-24,375.4845275878906,377.79203529105786,370.7713445919767,374.0116541559567,4568751
2015-12-28,386.87481689453125,387.85673267345135,376.8101801605999,377.9393773132198,7166351
2015-12-29,384.7637023925781,390.31152052769517,381.7197574972113,385.79470196995965,7359611
2015-12-30,386.33477783203125,387.8567353134402,383.4381142782238,384.9109879566293,4866177
2015-12-31,384.2236328125,388.59317002074073,382.11251987817246,386.87481740536157,6410622
2016-01-01,394.6319580078125,395.71207139184685,366.254597094687,385.40195538784087,4377363
2016-01-04,370.2313232421875,392.86449936247476,368.2674917332181,392.76630179388815,7822660
2016-01-05,367.6783447265625,375.5336703025334,365.37083684548327,374.1589643541873,6901068
2016-01-06,359.282958984375,368.70935596899733,358.00648052388743,367.4819613086478,7211230
2016-01-07,337.3371276855469,351.5258215762261,331.98570508509886,349.80746909645404,11782307
2016-01-08,346.9599609375,349.4147504871276,339.3501133336545,339.3501133336545,8770370
2016-01-11,353.68609619140625,358.15380125991334,335.47153945017703,337.68085008166383,10576721
2016-01-12,348.580078125,357.3682357428779,345.2415706938421,356.1408411015927,8363062
2016-01-13,358.0064697265625,363.11241338020943,349.8565514482258,353.9315255702387,14191511
2016-01-14,347.8927307128906,352.9005069226974,340.52836274720124,349.66019700407,10673343
2016-01-15,335.1278381347656,347.4999827494249,333.2131203751353,347.4999827494249,6557584
2016-01-18,334.0477600097656,337.09167495218253,328.35263051201963,334.8332806467071,6285144
2016-01-19,347.7454528808594,350.74031386342386,335.81518264833295,336.7970983870708,7304555
2016-01-20,336.0606384277344,343.3268084006018,332.673017376227,343.3268084006018,9156596
2016-01-21,322.6084289550781,337.9263216585656,317.1588081694041,334.4896163068847,16524035
2016-01-22,333.3603820800781,339.64463660332467,325.50505643459763,329.43271925733785,9595392
2016-01-25,326.585205078125,339.2519130603212,325.1614151643879,339.2519130603212,6106931
2016-01-27,330.9547119140625,334.8332913514783,327.17436001651913,331.8875439202336,8333202
2016-01-28,328.1562805175781,335.2260564742048,326.2906164785682,330.2182797763695,13153617
2016-01-29,330.8074035644531,334.4405037530535,318.3370917683213,325.99602247883723,10350998
2016-02-01,332.37847900390625,336.2079444084498,326.2415056101857,332.62395793965504,6563774
2016-02-02,323.5903015136719,338.46634809136367,321.77378147173357,337.58260000365595,9179304
2016-02-03,314.5075988769531,320.0554467688848,311.3163727286375,319.66265650115525,6685445
2016-02-04,319.61358642578125,323.3448544039224,315.3913605575852,319.4171912834827,6086981
2016-02-05,331.0038146972656,332.869448681991,320.7427828327389,324.5231645704957,9236577
2016-02-08,317.6497497558594,328.892697243541,315.53863685572065,328.892697243541,6974342
2016-02-09,305.0321044921875,316.81509282575877,303.21555446429085,313.72206438133406,12489713
2016-02-10,286.27752685546875,304.3448007497779,283.0372168449083,304.246603180978,21756193
2016-02-11,271.3524169921875,294.5747179291292,260.99318809893254,293.10184433948353,21632886
2016-02-12,292.9545593261719,298.4532933188573,266.6883139711906,275.9183156915788,21542152
2016-02-15,311.51275634765625,314.94946130342237,292.3163163667241,292.5126815276401,18888699
2016-02-16,295.7038879394531,318.33706134023754,293.49457775732355,313.62384830561547,13598374
2016-02-17,304.5411682128906,307.83059201544427,293.24913692683765,297.4713926914721,13717526
2016-02-18,308.3215637207031,313.32934033478296,300.6626324043639,309.4507609067965,12498247
2016-02-19,312.44561767578125,314.2130541189234,305.47400954437927,306.4559253385009,7706462
2016-02-22,313.0838623046875,318.33711788624305,307.9288042973623,314.21305949410595,8699779
2016-02-23,312.7892150878906,318.87710404123453,308.7633849370561,318.14066731134716,11635881
2016-02-24,300.7607727050781,310.28536716443966,299.23881532709805,310.28536716443966,7629905
2016-02-25,292.8072814941406,306.5541016588291,290.84345004204226,304.19747994375916,12959812
2016-02-26,296.3421630859375,299.6807006278921,292.21813489138475,297.7168691164792,9181680
2016-02-29,294.2801513671875,300.22072944849435,285.001035886919,297.7168563649626,12607181
2016-03-01,309.64715576171875,311.26731085029314,295.6548555105621,295.6548555105621,11440045
2016-03-02,311.365478515625,320.1045223662277,308.66521030548046,317.06057766347226,12418149
2016-03-03,330.61102294921875,333.6549375985423,315.6858925589138,318.6316396123407,12844057
2016-03-04,337.28802490234375,342.4430820515062,332.5257280190276,333.99860149021686,8197520
2016-03-08,339.7919006347656,347.3526631691754,335.32419638805203,340.23377466606155,7888999
2016-03-09,341.4121398925781,342.68861846217743,329.92371290341435,333.7531785779048,6383925
2016-03-10,342.1976318359375,347.2054080510648,335.2260241612065,340.7247582412348,7443048
2016-03-11,347.8436584472656,349.46381346030387,338.9082190261243,342.1976428196812,7641330
2016-03-14,359.82305908203125,363.84888991393257,352.4586905372962,353.3914925735473,13066837
2016-03-15,353.8824157714844,363.99616556048625,353.04778142512805,360.26486788433135,9800731
2016-03-16,353.04779052734375,356.1899328655697,346.9108171836916,353.44058079388964,7554537
2016-03-17,354.37335205078125,360.75580377504133,352.11495804231805,360.2648459500983,6914296
2016-03-18,359.4302062988281,361.14855866052443,355.9444177799476,355.9444177799476,6594019
2016-03-21,367.923828125,368.70934870587394,359.1356705437374,360.608544107143,9325793
2016-03-22,370.3786315917969,374.6008573157639,363.7015865357189,370.13315265515484,8909026
2016-03-23,370.1822509765625,372.5879566362943,367.28558742428885,371.1641667616462,5766182
2016-03-28,356.72998046875,368.70936462114605,354.96254410264794,368.70936462114605,8062793
2016-03-29,365.7145080566406,372.0969599950414,356.4844766654794,357.41730855044415,9364810
2016-03-30,381.57244873046875,384.41999828014684,369.98582543890774,373.6189255315348,10295891
2016-03-31,379.608642578125,386.4820529663684,373.61895038951747,380.8851210925223,10738707
2016-04-01,372.7843017578125,379.41223295053976,370.8695840593275,379.41223295053976,5683771
2016-04-04,381.3760681152344,383.9290550370073,375.48457366453863,378.97039252728115,6011729
2016-04-05,363.7997741699219,379.01946782615346,362.3269005902866,379.01946782615346,6058241
2016-04-06,369.8876647949219,375.4845664359202,365.32173271098117,366.9419176262839,7323269
2016-04-07,368.4148254394531,377.84119328233214,363.60341397777177,369.1512623000338,8724110
2016-04-08,364.73260498046875,373.1770561721385,363.79977306326145,368.70935164711113,4860484
2016-04-11,379.65771484375,380.7869119515105,367.1382891598749,367.1874029262847,6827449
2016-04-12,388.6422424316406,390.2133136270745,380.1486771748672,380.9342277554295,7702684
2016-04-13,401.35809326171875,404.3038407351993,390.9497795289491,392.7663297974006,12373115
2016-04-18,399.9833679199219,402.48724097823515,395.22107076354627,400.2779306447743,5571076
2016-04-20,396.7921447753906,402.92911796863257,393.4045235864453,399.63969434391703,7589901
2016-04-21,404.0583190917969,409.6552506863917,398.65778262762944,401.30896705995116,9211869
2016-04-22,409.4588317871094,412.8955366102626,400.62159081328684,404.6474510278325,5995998
2016-04-25,404.7456970214844,410.04803624714793,402.5854703164366,410.04803624714793,3272996
2016-04-26,411.4718017578125,415.98862040629706,397.7249806328459,401.25988348669,6998505
2016-04-27,410.9808044433594,417.55965162275066,407.1513392046836,411.3735946960967,6227941
2016-04-28,403.9110412597656,413.33743825462875,402.2908862994821,411.22629546398207,7546101
2016-04-29,400.96527099609375,406.2185258389089,395.7610999506451,402.585425863137,6251095
2016-05-02,400.32708740234375,403.027355877679,395.22111320816015,400.57256635464694,4178821
2016-05-03,402.24176025390625,414.3684251342673,400.4252102169334,403.4691548781191,9620804
2016-05-04,374.8953857421875,398.16679879227763,373.2261471052084,398.16679879227763,12069134
2016-05-05,384.0763244628906,388.8877054548852,376.22099877287854,377.05563312058024,9601341
2016-05-06,391.48980712890625,393.65000372013156,377.5465920048693,381.57245242510726,9953672
2016-05-09,396.0556945800781,397.87224457689956,388.00397403693427,393.10994754707747,8700283
2016-05-10,381.9161376953125,393.55181520020494,380.1486713902106,393.55181520020494,9166453
2016-05-11,372.9806823730469,384.86186826403093,369.2984985204086,377.8411470791161,11595875
2016-05-12,380.05047607421875,381.5724634542111,372.14606633491167,372.14606633491167,6506343
2016-05-13,382.8980407714844,386.8747873865168,378.5285039022899,384.1745192004434,14027896
2016-05-16,385.59832763671875,389.5259906430895,381.9652273695496,386.67841099091817,8248193
2016-05-17,382.65252685546875,387.85666762466434,379.6085824581885,385.5000761436265,9425555
2016-05-18,377.8902587890625,380.34504801081073,374.6990328007898,376.5646666161807,8589315
2016-05-19,379.9031982421875,386.1874530583181,375.0427332519331,379.2649589968843,10988676
2016-05-20,377.4975280761719,385.5983331424786,376.5646961125631,379.706838548801,6537509
2016-05-23,374.8463439941406,382.89806526856887,373.22618897198,381.52335922242906,8153090
2016-05-24,382.06341552734375,384.6654862118353,375.7300470992903,376.85924419267076,10568106
2016-05-25,389.820556640625,392.71722011831156,386.87480936122483,386.87480936122483,8897382
2016-05-26,392.0298767089844,394.73014511461923,389.57508724931637,393.2572714388184,8469732
2016-05-27,396.59576416015625,397.6758774748309,388.838635753168,392.76629874057375,9035525
2016-05-30,413.63201904296875,415.93952710079776,394.04278740112613,397.479492603857,15767133
2016-05-31,451.3375549316406,456.49261246423083,436.9524956195507,447.7535685449778,110744326
2016-06-01,441.0765686035156,450.0119779907513,436.95251045118323,447.50810480477924,10389215
2016-06-02,445.2497253417969,452.1722196498336,436.06880674556203,436.06880674556203,13674434
2016-06-03,445.74066162109375,453.4486761982349,444.3168718135367,449.76649217768073,11672544
2016-06-06,452.17218017578125,456.5908008289648,442.05846044477016,449.5209957975955,9356808
2016-06-07,454.6760559082031,458.014593282852,450.6993092831569,458.014593282852,12568902
2016-06-08,457.7200012207031,460.3220718533653,454.82336786196197,457.0817620037391,10467158
2016-06-09,458.701904296875,461.7458489005212,456.5907915762729,460.96032834214924,8525017
2016-06-10,448.6864013671875,458.30916346107995,446.2806958608695,458.30916346107995,7039858
2016-06-13,436.216064453125,443.2367559520294,428.8026126540975,442.8439956519063,9507282
2016-06-14,440.291015625,445.64246844048864,433.17212644852475,438.818142002281,9615226
2016-06-15,443.9241027832031,444.8078209376234,439.16180555044605,441.7638762140072,5704865
2016-06-16,446.1334228515625,447.2626199604101,437.98350422303434,441.56752064971505,7255454
2016-06-17,456.00164794921875,457.3272401456774,449.03004044231966,452.66314054140054,7836702
2016-06-20,473.33245849609375,475.4436012561925,451.9267078923568,456.3453286104787,9261350
2016-06-21,476.13092041015625,477.4074288088816,468.96294773414274,475.24720226684747,8907801
2016-06-22,464.1515808105469,476.0327372542707,459.5856486614919,474.31438471472666,7660165
2016-06-23,479.12579345703125,481.0405111551825,467.4900860386889,467.4900860386889,9628216
2016-06-24,441.2729187011719,445.54425807753245,413.6319971683979,431.2573963337189,40998600
2016-06-27,440.8310852050781,448.9809738930776,435.5778299821358,443.62952110260835,12450283
2016-06-28,432.4356994628906,439.8982653140348,425.16952875218095,439.8982653140348,10190394
2016-06-29,439.16180419921875,441.66567728998706,437.34525413057816,439.01452283488345,6285461
2016-06-30,450.9447937011719,453.8905408565415,443.3840306827806,446.0842989085361,13214064
2016-07-01,449.6192321777344,456.3453613014044,446.47711964361633,455.21616414124185,7027759
2016-07-04,461.0094299316406,466.26268501984623,458.55464063488,458.55464063488,8413087
2016-07-05,452.5649719238281,460.5184956456004,451.1902958404123,460.02753776111683,4934087
2016-07-07,446.9189453125,457.03269546471023,445.88794576659797,452.6140746125178,6580663
2016-07-08,457.8673095703125,459.7329734977389,454.2833230185621,455.9034780388667,9263727
2016-07-11,475.83636474609375,477.99656135449766,463.5624182244017,463.5624182244017,10477166
2016-07-12,475.541748046875,479.8130872139631,472.3996358753359,477.21101667584355,6767972
2016-07-13,472.3996887207031,479.2730991948103,469.3066600004932,477.1619862566157,5855718
2016-07-14,477.30926513671875,480.45137764333447,470.2885733251325,471.41777047541143,5983007
2016-07-15,485.0663757324219,492.6271389193856,470.9758788652752,471.31955536753543,8889558
2016-07-18,483.93670654296875,496.06828343034556,481.3335819423155,486.2451491049922,7463954
2016-07-19,490.41998291015625,494.5948150130469,484.72257697263626,485.1646000321285,7665519
2016-07-20,485.16461181640625,493.56340988468287,483.7402752863437,487.5221581244421,5697901
2016-07-21,482.364990234375,491.1567072859236,481.0388911069641,489.6341334844678,3658371
2016-07-22,498.2294006347656,499.4572924640333,484.77169419486125,485.7049039762358,5588143
2016-07-25,499.9975280761719,501.91305122594395,494.44746327875015,496.559431124764,4638151
2016-07-26,494.3492431640625,504.2705850157937,493.21958869338124,497.0997088298801,6187499
2016-07-27,501.07806396484375,503.97587046552223,496.55941639574667,498.7696215132351,5193425
2016-07-28,497.8855285644531,502.84619900199624,489.92878441596724,500.9798096283575,6338260
2016-07-29,494.3001403808594,501.471016579802,492.2372761388344,498.8187582717945,3746332
2016-08-01,499.26080322265625,505.7932115461488,496.5594412770344,497.83643675110665,4748497
2016-08-02,484.5752258300781,502.1586610367471,482.4632578517626,500.9798728741472,5251838
2016-08-03,469.9387512207031,490.66557113195273,467.09004819468174,485.7540038533546,7925049
2016-08-04,491.1567077636719,492.5810742073171,479.9583408222254,481.4318109455165,9476008
2016-08-05,507.2666931152344,509.52600207492793,493.26869637686286,498.2293973208048,6393514
2016-08-08,505.6949462890625,513.3569791203588,504.31974344817326,509.0348359631514,4649302
2016-08-09,504.7126159667969,512.7675978864112,500.1939982818595,511.7852844804985,6015760
2016-08-10,494.5456848144531,507.3648624754122,493.4160004413956,506.4807564481802,6371139
2016-08-11,494.3492431640625,496.0682916996554,486.3433945510098,494.8403998885176,4112806
2016-08-12,507.6595458984375,510.31180403179263,497.19791433300435,497.9346493725113,7167435
2016-08-16,498.622314453125,505.89142800560114,494.39834862094483,503.8776974192341,6034295
2016-08-17,501.3727722167969,505.1546849445676,496.90325806986687,502.0604036137832,5853980
2016-08-18,502.9935607910156,508.740130112274,501.7165653715087,503.3374064518857,4990558
2016-08-19,500.9798583984375,505.8914256376379,499.21170618345633,504.90911218979784,4567273
2016-08-22,495.036865234375,504.5161538642119,494.20189282298116,500.0957734052998,4330313
2016-08-23,495.0859375,499.60458498862056,491.59873703453275,496.31382921006946,5342115
2016-08-24,489.535888671875,497.0996838618777,484.8699000239117,495.7735847547173,5189459
2016-08-25,485.115478515625,494.3983221575911,482.61056135929056,489.5358888149877,8787262
2016-08-26,494.84039306640625,506.2352049344083,477.4043295886321,493.121344554513,16347856
2016-08-29,516.0091552734375,519.3981480889768,506.2842897506903,513.2586900737407,12534399
2016-08-30,519.643798828125,521.4119509917971,514.8304390911231,519.1526421184576,6611147
2016-08-31,528.18994140625,539.093596457851,519.6438026047947,519.6438026047947,15725942
2016-09-01,534.03466796875,536.9816079705149,530.449200317677,530.9403569846378,7571854
2016-09-02,540.125,546.0680440454395,539.3882649486466,542.2369977961407,10097146
2016-09-06,578.2879028320312,582.8065204292989,546.5100287939164,546.5100287939164,15813178
2016-09-07,577.0109252929688,587.8163728830568,573.6710356919531,579.5649161956375,13408927
2016-09-08,573.8675537109375,581.2349048970015,567.531619699791,580.3016950889685,10456258
2016-09-09,563.1112060546875,572.6396588634909,561.5886321419641,569.7418220876036,7159068
2016-09-12,543.6613159179688,550.0954561370133,539.5355880058117,541.25463630624,7055294
2016-09-14,550.586669921875,555.3508660094107,534.4767059097856,546.41183790195,12364724
2016-09-15,547.6888427734375,556.2349816347175,545.5769048651263,552.0601495429779,5258859
2016-09-16,538.995361328125,558.1504721574878,536.6868889214526,552.4530665686023,10931845
2016-09-19,544.6437377929688,546.5592611292417,539.7321702413244,544.0052100289915,6979269
2016-09-20,538.7498168945312,546.4609533981693,535.8519802622025,545.1839579202976,6874462
2016-09-21,540.1741333007812,546.5591700539553,534.3784605733331,538.8970779856276,5919149
2016-09-22,548.5729370117188,552.9933473664374,541.5984758119932,551.2742988951579,6012388
2016-09-23,543.2684326171875,548.622052822974,541.4511767467677,548.622052822974,4840360
2016-09-26,525.8323364257812,540.2232513183865,524.3097626891956,540.2232513183865,6858574
2016-09-27,522.5416259765625,532.4138636715936,520.8716812026984,528.1899280358091,4912743
2016-09-28,530.4492797851562,535.7537965652706,522.0996151959455,523.573085417571,6604953
2016-09-29,516.9915771484375,537.2272709904906,507.5122879552029,533.3962244020254,9315794
2016-09-30,525.3903198242188,527.0602646646925,511.9817773308291,516.3039204969122,5659248
2016-10-03,531.2350463867188,536.3430877853278,529.4668943521826,529.859843673479,4505939
2016-10-04,540.2232666015625,542.6299464239422,531.0877639679507,537.7183794213926,5715454
2016-10-05,549.7517700195312,552.453132123708,540.0268424622321,545.4786703540755,5929204
2016-10-06,541.6967163085938,554.2212116935746,539.3882439309134,553.1406310203041,4273945
2016-10-07,555.6947021484375,557.266379605547,542.8263606402033,544.6927800817161,9122002
2016-10-10,552.1093139648438,560.9992395235765,550.9796893656053,560.9992395235765,3673211
2016-10-13,535.21337890625,547.0503021663646,527.5022434635753,547.0503021663646,9510827
2016-10-14,546.2644653320312,547.5906244138104,535.360810423106,536.3431238367265,5872827
2016-10-17,537.8656616210938,547.9834771127618,536.2448805705396,547.9834771127618,3463154
2016-10-18,544.447265625,546.1663142760488,539.4865943659627,539.4865943659627,3965424
2016-10-19,540.7635498046875,545.0857529316189,535.4099295548181,542.2861236486107,4275157
2016-10-20,537.1780395507812,544.2016040912587,536.3430971729733,543.2683944035823,2770011
2016-10-21,534.86962890625,540.2723524305555,531.9226888020834,539.2900390625,2789747
2016-10-24,549.8990478515625,554.0247762616631,533.9364545638816,534.378507599902,5161299
2016-10-25,544.0051879882812,551.0778569672271,539.3883026856598,540.1250377885573,5690576
2016-10-26,520.6752319335938,538.3077703438339,513.8973051052121,538.3077703438339,6665017
2016-10-27,512.767578125,516.4512532552084,501.716552734375,506.4807485871845,18470182
2016-10-28,527.5022583007812,530.4000946159094,515.8127056895105,517.6791249990907,5665910
2016-11-01,521.2154541015625,528.3863897215897,515.7636268477526,524.9482929004563,6848662
2016-11-02,504.2214660644531,516.6968584789345,503.2882563251191,513.3569688715243,4750117
2016-11-03,501.17633056640625,512.227356799201,496.2647633518308,500.78338120697845,6909458
2016-11-04,503.2391357421875,507.2174929650334,492.72840049689665,500.2430919055086,7564243
2016-11-07,497.3944091796875,512.0799769095959,496.1173837393737,503.92678746609,5507954
2016-11-08,530.645751953125,533.3962176959692,507.85606730905357,509.23133015830393,12739083
2016-11-09,524.064208984375,534.3784998828492,491.15670945114806,492.2863638873204,10276017
2016-11-10,524.2606811523438,539.6338501112605,522.0995796499622,526.5199900138847,6906437
2016-11-11,498.3276062011719,520.6261337313632,496.06829723460083,517.1880366218165,7823667
2016-11-15,449.3101806640625,476.3238014186313,444.98800733889715,476.3238014186313,15356070
2016-11-16,450.3415832519531,463.3572356005318,442.0410231592765,460.16471709993704,10855618
2016-11-17,464.4869079589844,467.5811892451887,451.5203587871048,451.8641744806445,8949767
2016-11-18,462.91522216796875,465.4692431823921,453.68148155689477,461.5890929895347,7246244
2016-11-21,448.8681335449219,464.4377774182849,443.51451336368683,459.7226849484063,7325876
2016-11-22,456.6283874511719,462.6696088320765,445.28264975744776,455.8425187488381,6644867
2016-11-23,463.1607666015625,466.89354551835567,453.8287893317537,458.7403563158636,6727083
2016-11-24,444.9388732910156,458.10186705572954,441.7463546924405,458.10186705572954,8046995
2016-11-25,444.3494873046875,448.27874103572873,435.312191732162,446.068535812018,7426347
2016-11-28,446.6579284667969,451.8641776529721,442.53220007100856,443.26893514326883,5025929
2016-11-29,451.716796875,458.05269995207055,443.3671334576352,446.95257116482117,8570549
2016-11-30,451.176513671875,455.5969237861435,447.05081555191924,451.8641450141133,8377510
2016-12-01,440.27288818359375,449.60486570217563,438.9958627469866,448.9172343149389,7706825
2016-12-02,425.24346923828125,445.4791314819806,423.5244207706,437.1294674961,10450654
2016-12-05,431.5303039550781,433.2002488783939,420.7248555703563,428.288681430793,8211182
2016-12-06,433.2984313964844,438.0135235584363,430.3514913008082,433.20019406439684,4209420
2016-12-07,437.4732971191406,441.25520986406224,431.4811791310888,432.2179142121322,5559803
2016-12-08,453.3867492675781,456.18634852408445,443.2198293022116,443.2198293022116,8176055
2016-12-09,455.89166259765625,460.26293931442797,452.45356563987275,456.7266349972547,5690877
2016-12-12,446.3631896972656,453.7796736335224,443.07243390951095,453.7796736335224,3837786
2016-12-13,462.3258056640625,477.6499010294147,454.0743789220503,468.36702720850934,63880404
2016-12-14,463.9957275390625,468.3670040603987,454.4672758337969,461.88375978355623,7660437
2016-12-15,455.007568359375,465.22362148779473,454.31993700413057,455.7934070700899,6539067
2016-12-16,464.7815856933594,466.50063416732246,455.9898986275013,456.7757373673253,9015744
2016-12-19,463.4554748535156,470.0860906572489,457.2669120944956,462.5713987419167,5445624
2016-12-20,464.7815856933594,466.59887150425703,460.8032283590326,464.6342446768707,3690160
2016-12-21,460.2138671875,466.10774809064833,458.8386343056644,465.1254346067903,3492856
2016-12-22,461.29437255859375,464.5851284008074,456.57925031401396,459.8700061562276,5436494
2016-12-23,457.41424560546875,460.01737021602975,451.8641806860855,456.7266441867731,3957854
2016-12-26,449.752197265625,457.26688879810604,447.5419921103173,457.26688879810604,3282425
2016-12-27,458.6912841796875,460.45943642442614,449.3101726082371,451.8641936111702,3164664
2016-12-28,455.1549377441406,460.361186977284,453.82880860654313,458.74037579925465,3772181
2016-12-29,462.57135009765625,464.33953211273865,451.2256429066312,454.565502298021,4763171
2016-12-30,463.65191650390625,466.59885665117685,459.23150628300033,462.66960312148274,3605555
2017-01-02,478.43572998046875,480.0565710744288,460.7540887619311,463.6519252860996,4024156
2017-01-03,472.59100341796875,483.98584535221613,471.41221529525006,482.3159005080025,5814518
2017-01-04,478.0428161621094,484.9681437064166,475.53792895155067,476.0781893372551,4769872
2017-01-05,493.2686767578125,494.49656853007525,486.7854022047001,487.22745523384526,7961242
2017-01-06,488.9465026855469,498.96611151724517,487.47303256193396,494.05454443853546,4907475
2017-01-09,491.30401611328125,495.6753225128572,483.4455093115802,490.56728110062176,3932710
2017-01-10,507.1192932128906,508.83834166445973,497.00147717478563,497.5908412330628,7973024
2017-01-11,510.06622314453125,514.683108026907,508.00338902644773,511.0485365256473,4886398
2017-01-12,509.0838928222656,514.7321945757205,504.12322240383924,512.4728858654684,4219627
2017-01-13,505.7440185546875,513.9954749100863,498.5240392104515,513.9954749100863,6367248
2017-01-16,517.0897827148438,520.0858265066438,507.8560130409304,509.4768540860871,6084582
2017-01-17,514.4375610351562,521.4119624838904,511.78530275336493,518.7597042020991,4297426
2017-01-18,513.2096557617188,520.2331607069981,511.9817639927203,513.7990198285769,5874608
2017-01-19,522.0504150390625,526.1269792588239,513.4551736679657,513.7498556667027,5810128
2017-01-20,513.9464111328125,519.938499220054,512.0308879063484,518.0721396308148,5013928
2017-01-23,523.2783813476562,525.4885865871009,513.7499289909194,513.9464036700009,4209879
2017-01-24,531.9718017578125,533.3961681574663,522.9345066229462,523.5730343055792,5183630
2017-01-25,539.19189453125,542.1388349787759,531.9718544614174,533.6417993728135,4504941
2017-01-27,532.36474609375,542.2369835310383,530.2036446755035,539.2900434031521,4493803
2017-01-30,522.8854370117188,533.8873596337569,521.4119668379365,532.4138894599747,4163428
2017-01-31,514.2902221679688,522.0996265028399,508.838394221018,520.8226309409072,6035022
2017-02-01,532.659423828125,534.86962890625,513.65168413851,518.1703016493055,4786720
2017-02-02,522.099609375,528.091697560541,517.4827240742497,528.091697560541,6579801
2017-02-03,513.35693359375,522.4924957286803,510.3117861858725,522.4924957286803,5298261
2017-02-06,516.5494384765625,522.0504290753563,513.946344136143,518.5632287593091,3642527
2017-02-07,497.8363952636719,515.5180356160523,493.1213031608335,515.5180356160523,7987282
2017-02-08,503.97589111328125,505.8423106045542,497.3452754891612,503.2882597240937,5975054
2017-02-09,503.7794189453125,508.83835709560947,496.80501756969977,506.2843661580861,4099871
2017-02-10,500.53778076171875,505.6949261094814,497.5417368841489,503.92677398137886,4732032
2017-02-13,496.3629455566406,503.6320886480512,494.39831877038387,503.6320886480512,4700518
2017-02-14,473.5241394042969,497.73818751662026,458.29828244624457,494.10361612260056,14901414
2017-02-15,428.730712890625,444.98798833192996,426.66784867100426,441.1078382526951,38638630
2017-02-16,438.11175537109375,439.68346273121864,427.699227835319,434.7227623126315,11622714
2017-02-17,444.9388732910156,448.524311260004,434.5754487766373,439.97817255884144,10063504
2017-02-20,447.3946533203125,450.3415935420439,441.0587198524596,443.51450337056906,5866707
2017-02-21,450.5380554199219,454.6146502198961,446.4614606199477,448.81900689168225,6875914
2017-02-22,451.9132995605469,458.44570811365736,447.73846731601986,452.1097742455382,7315280
2017-02-23,454.172607421875,456.4810499121992,449.16280307598174,455.7934185396512,9492419
2017-02-27,449.70306396484375,455.7934190554216,447.0508357630703,455.7934190554216,5510484
2017-02-28,448.6716613769531,451.8641800402812,446.0685367701126,451.8641800402812,5722402
2017-03-01,441.5007629394531,447.8366662868699,440.0763965398791,447.8366662868699,8367579
2017-03-02,453.53411865234375,459.624443878339,445.1844545704284,449.7522059843815,13667695
2017-03-03,451.8150329589844,458.5929890129428,450.48890395373024,455.1057586674356,7085620
2017-03-06,462.47314453125,464.3395640049991,453.9270357937642,454.319955164828,4036291
2017-03-07,459.2806091308594,467.48293185483556,457.80713905988733,461.1961322142532,7114541
2017-03-08,454.6146545410156,461.2944040152199,452.9938433374065,461.09792933327986,5351597
2017-03-09,459.3297424316406,461.39260652497245,453.8287815086974,454.27083452077756,3837624
2017-03-10,460.80322265625,463.5045845104749,456.8739690501048,462.6696121236038,5766815
2017-03-14,461.44171142578125,474.4573637438049,460.16471601967135,472.4927369788202,6348198
2017-03-15,465.0762939453125,468.1214415208887,462.32579842250595,466.59886773310063,4801312
2017-03-16,472.44366455078125,473.4750816794915,467.72854201623926,470.2334592939786,6272947
2017-03-17,468.07232666015625,475.63615169490276,463.3572344163048,472.83655255981733,6338248
2017-03-20,467.5811767578125,469.7422782213529,462.42403142592485,468.1214371347847,2871104
2017-03-21,465.3709716796875,469.5949072943042,462.3257941543977,469.5458036156003,4685410
2017-03-22,451.7658996582031,461.63816672474184,450.3906669759787,461.63816672474184,4695648
2017-03-23,464.5360107421875,468.563501763392,453.1411690643259,453.1411690643259,8665384
2017-03-24,462.0802001953125,466.402372999152,459.28060111376965,462.42401586810286,4296510
2017-03-27,456.5301818847656,460.85235512597893,453.92705720363483,460.70501410210886,4417413
2017-03-28,464.04486083984375,464.63425489658874,459.2315310024424,459.2315310024424,2982614
2017-03-29,460.75408935546875,466.598866090256,455.4004992996551,466.50062875446133,6680569
2017-03-30,460.1156005859375,461.49083338032545,454.6637730883249,455.3022708166664,9482785
2017-03-31,457.6107177734375,464.1430960932587,456.2845886461771,458.2492155079475,6400088
2017-04-03,462.0802001953125,463.94658959039947,459.3297347686396,459.9682324593503,2951896
2017-04-05,465.1253967285156,466.5988668343082,458.98593795438,462.08021918097916,5287168
2017-04-06,464.8307189941406,470.03696809158987,462.2766981249324,465.9112397661131,6703078
2017-04-07,460.017333984375,472.0506726309689,458.39652293774566,460.16470497047055,8089461
2017-04-10,466.5006103515625,469.84046979204777,459.28060113394787,463.308091920044,5437523
2017-04-11,463.8974914550781,469.88960903958116,462.76783706912204,469.44755602959503,4887918
2017-04-12,456.33367919921875,463.2098730176074,453.43587264816483,460.4103038023814,5991598
2017-04-13,445.331787109375,455.1549211363698,443.2198192891363,453.6814510323206,5930185
2017-04-17,441.2552185058594,447.6402559999505,439.38879894840125,444.0056842044906,4913930
2017-04-18,435.85247802734375,447.6893427901828,434.67368992793394,444.0056674518105,4235130
2017-04-19,435.21392822265625,441.54986147409306,430.54793969762414,435.16482454510174,6319332
2017-04-20,436.0980529785156,439.92906930494786,434.28076716354127,439.92906930494786,3288900
2017-04-21,432.80731201171875,440.51847858882485,429.86037166208536,438.84853373290167,5325590
2017-04-24,435.99981689453125,441.05872500537504,430.9900124634929,432.0214295620185,6214069
2017-04-25,437.7679443359375,439.8308083943234,435.45950193673957,437.96441899971705,5894090
2017-04-26,442.8268737792969,446.36320805519387,437.6206246910501,438.1117813966518,8438042
2017-04-27,447.2964172363281,452.7482446706643,444.6932926954093,446.952601547265,10589249
2017-04-28,450.78363037109375,453.8288080222195,446.3632199033448,449.015478175125,5126904
2017-05-02,443.2689208984375,449.11369760833946,440.61666273240235,448.5243035739066,6071958
2017-05-03,438.701171875,447.9349118697319,436.78564874758456,443.36716054030967,5158586
2017-05-04,428.7798156738281,440.17465754984346,427.4536865370034,438.7502910736564,6204022
2017-05-05,412.1786804199219,428.7797697479311,410.60697309194774,428.7797697479311,9487539
2017-05-08,415.1747741699219,421.1177885366047,409.8702875288054,417.2376384130859,7427873
2017-05-09,419.2513732910156,421.2160002136124,415.22391208195455,417.23764268648506,2833132
2017-05-10,424.6540832519531,425.3417146431999,416.5008937845653,420.2336728226358,5378402
2017-05-11,419.8898620605469,426.81515932895456,417.87610166505016,426.324002643881,4049649
2017-05-12,423.229736328125,426.12754288472996,419.88987674836073,422.0509482515842,3850940
2017-05-15,424.2611389160156,426.32400299056724,422.49298683944284,426.32400299056724,1885702
2017-05-16,429.51654052734375,431.7267457101603,424.60497345441814,424.60497345441814,3452072
2017-05-17,441.156982421875,444.4968422019706,427.4045939338582,428.7798267870943,6572678
2017-05-18,430.2041931152344,440.7640628425642,428.2886698712387,434.1825506492833,6158546
2017-05-19,435.5086669921875,437.08037448227094,426.91342444404165,431.235597558401,4387481
2017-05-22,441.6972351074219,444.7424127863394,434.7719373025424,438.1117970242018,6145914
2017-05-23,442.5321960449219,448.37697288947595,436.4418408451819,443.4654057857588,10330814
2017-05-24,461.2452392578125,464.97804811820816,449.9977689540161,461.6872922734599,27370795
2017-05-25,467.5811767578125,470.5281169474626,456.48104736792754,461.6872963785123,15108872
2017-05-26,472.59100341796875,479.6145385397805,465.12541525568065,465.71480931703996,7692869
2017-05-29,472.9839172363281,476.42201424635334,463.4554649602703,473.9662306677639,4253044
2017-05-30,472.7874450683594,478.3866436483934,471.51044959184566,474.1627078619306,3101380
2017-05-31,467.728515625,474.4573683560495,466.40238655017885,473.7697369904902,5393856
2017-06-01,468.2196960449219,471.2157700291499,465.1745183797341,468.5144080641623,3001232
2017-06-02,470.28253173828125,477.35520008140224,469.2511146780794,471.51042346605743,4319080
2017-06-05,469.6931457519531,473.376820998326,466.795339211502,469.84048676624286,2464819
2017-06-06,452.8464660644531,475.78348937586406,449.5066065836209,474.35912299038813,8016939
2017-06-07,449.8995361328125,455.4496008340823,445.479125843298,454.36905010108023,5250544
2017-06-08,452.6500244140625,455.2531790310331,449.26106100840235,451.3730289240156,4066322
2017-06-09,458.8385925292969,459.72266858871,446.95259446124584,451.8150577547567,4598706
2017-06-12,448.1805114746094,457.02133252287564,447.14909434344264,455.5478623481646,4341696
2017-06-13,441.5989685058594,450.6362636035901,440.07639475620357,449.0645561981815,3577406
2017-06-14,443.9565734863281,445.3809099949698,439.1432136232687,442.8268890422464,3605931
2017-06-15,440.37109375,449.75220488821896,439.0449946166009,444.00566539145893,3879154
2017-06-16,447.6893310546875,450.292455563335,444.00565581287714,446.6579139781109,7042094
2017-06-19,444.3494873046875,448.327844716236,442.53220145851554,445.7738237954938,3869675
2017-06-20,459.13330078125,462.4240568360845,447.9349334407956,448.91724689132366,12014975
2017-06-21,449.2119140625,457.758052790273,447.4437619012218,457.758052790273,5436141
2017-06-22,444.6932678222656,454.8110833881508,443.6127171361457,450.7344889602582,5008885
2017-06-23,435.31219482421875,448.42608524028316,434.57545974441547,445.97030164093877,6753648
2017-06-27,434.4772033691406,436.6383048330103,426.7169335307783,435.9506734641902,5915274
2017-06-28,434.6737060546875,438.897641941602,432.3652634280971,436.0489389031368,4960238
2017-06-29,427.8957214355469,438.3573531108628,426.3240140058587,436.6383046672908,11085101
2017-06-30,424.899658203125,427.89573212345283,420.4792478092419,426.22578731685525,4776892
2017-07-03,422.6403503417969,427.0116570662709,418.71109664890395,423.8682421208259,6230025
2017-07-04,419.349609375,428.6815872293462,418.46553325804854,426.5205156076679,5020683
2017-07-05,424.1138000488281,426.27490146695857,419.84073086805773,421.3142009319216,5050749
2017-07-06,429.36920166015625,431.0391164866148,426.1275493891017,427.6992568558712,4038188
2017-07-07,429.1236267089844,433.6422744701025,424.60497894786624,426.766080479044,5311730
2017-07-10,439.04498291015625,440.1746373163293,436.14714641021936,438.7011672271056,1154721
2017-07-11,448.8681335449219,454.123486409827,443.0233566489984,444.0056700783753,12069006
2017-07-12,452.8464660644531,455.59693152447375,448.52429320820994,452.8464660644531,6051540
2017-07-13,450.93096923828125,456.2845894370153,447.4928722242241,456.2845894370153,4382063
2017-07-14,443.3180236816406,451.8641622190885,442.43394762069016,451.8641622190885,3974269
2017-07-17,446.1176452636719,450.2433737257679,445.23356915831624,446.95261768788504,4922453
2017-07-18,448.082275390625,451.3730314522735,444.5950746251607,444.5950746251607,2349268
2017-07-19,452.45355224609375,454.7128610460539,444.9879645060562,444.9879645060562,3395937
2017-07-20,452.01153564453125,456.1372641952374,449.26106992927913,455.30229175309114,3318626
2017-07-21,456.3828430175781,457.6598385342571,449.506648744754,451.86419507129955,3150269
2017-07-24,455.7934265136719,460.0664958828029,452.8464862560404,456.72663625305245,3773074
2017-07-25,448.0331726074219,456.481074311959,446.65793976664315,453.9761570162069,7052112
2017-07-26,449.2119140625,450.587176829968,446.9526051922194,449.11370670296066,3641559
2017-07-27,437.52239990234375,452.7973918713312,432.51259536596257,450.88186867341784,13738611
2017-07-28,437.9644470214844,439.536154498807,434.62458736831553,436.7365552388615,3365171
2017-07-31,436.7365417480469,441.74634606196037,435.8524656874329,438.35735285547673,3804621
2017-08-01,438.995849609375,444.3494695956875,437.81709152373674,438.6520339260458,4012791
2017-08-02,432.56170654296875,441.99192106642096,430.40060509753107,441.549868050546,4045533
2017-08-03,423.81915283203125,433.6913910795166,422.0018669417951,433.20023435122727,6197142
2017-08-04,427.8957214355469,430.99000263841134,425.78375362900925,427.40456473738345,4166729
2017-08-07,422.3947448730469,432.02140381158176,417.7778600891186,430.84264576607274,6461815
2017-08-08,422.3947448730469,427.79746835398123,418.4654914323674,424.35937159338664,7134979
2017-08-09,408.6914978027344,422.29654504489287,407.6600806740875,421.2159942571792,10849567
2017-08-10,373.4755859375,396.46171468771314,368.61312236553124,393.9076937203945,28114017
2017-08-11,367.8763732910156,372.39502098788574,352.1593586777813,369.3498434110063,14699477
2017-08-14,368.7604675292969,375.04726768865703,366.01000182764795,373.2791154487153,8216208
2017-08-16,382.3655090332031,383.78987552169605,368.8586991444259,372.7388492490601,11019760
2017-08-17,378.4853515625,385.50891655023366,377.6995128117597,385.50891655023366,5971420
2017-08-18,373.6719970703125,376.2260178081784,370.3321376336378,374.99812610514914,5856198
2017-08-21,367.7290344238281,375.78398647349326,364.7329605089735,375.2437260841362,5123101
2017-08-22,366.9923095703125,373.230005950513,365.6661804221081,372.100321504892,4163794
2017-08-23,373.2300109863281,374.4087691512152,366.7467361570521,369.34986082956726,4448871
2017-08-24,377.3556823730469,379.1238644598685,373.37732513889307,373.37732513889307,5208541
2017-08-28,372.5914611816406,380.5482057290103,371.60914778018326,379.02563194788183,4403872
2017-08-29,369.4480895996094,375.587548580001,367.82727842435145,372.2967925709457,4689547
2017-08-30,371.8056335449219,375.98046562567725,370.77421643374834,374.1140761027873,3734824
2017-08-31,369.89007568359375,373.7211216866508,369.1533406795942,373.3281723689251,4685511
2017-09-01,383.93719482421875,385.90182160599517,371.95295946425244,372.64059082900445,7380325
2017-09-04,376.61895751953125,389.04521623045,373.7702546100528,386.04917230420693,8433560
2017-09-05,381.2849426269531,382.6110717209092,376.6189539474299,378.87829276842103,4477993
2017-09-06,375.9313659667969,379.860619731894,375.0963935461483,378.1906748905969,5953907
2017-09-07,371.4618225097656,377.60128152909215,369.34985460268274,376.9136801056239,7938665
2017-09-08,368.4166259765625,375.04724137792743,367.4343125837677,374.2614026548219,7471355
2017-09-11,368.6622009277344,373.2790858224581,367.58168018787705,373.2790858224581,5402725
2017-09-12,381.3831787109375,383.10222716617034,368.85868282281274,372.0020977035117,9266823
2017-09-13,382.7584228515625,386.9823885966127,380.351772929429,384.0845519805646,6537279
2017-09-14,397.2475280761719,399.40862952070916,383.3477996327778,383.838956326734,11476571
2017-09-15,394.6444396972656,399.55600708615503,392.92539111115434,395.72499051838696,9675506
2017-09-18,397.787841796875,405.69545304302335,396.0687932670317,404.56579857612036,8966503
2017-09-19,416.1570739746094,420.1354613083588,406.6777554765781,407.6600688956037,28208471
2017-09-20,407.4635925292969,415.272996169264,405.695440373521,415.272996169264,5179160
2017-09-21,406.33392333984375,411.04904554703927,401.5696974548148,408.0529717535678,6946502
2017-09-22,404.5166320800781,414.68358141254697,401.618825637414,406.67773347615383,9781308
2017-09-25,400.9803466796875,407.95474792106376,397.4440124017146,406.3339367871922,6957357
2017-09-26,403.97637939453125,406.579503868013,396.1669759962606,402.1590936375561,5077291
2017-09-27,397.73870849609375,406.9233452165222,394.89000549678195,406.1866101316401,4727360
2017-09-28,394.3005676269531,399.75242463608146,391.9430216128168,399.75242463608146,4850748
2017-09-29,394.3988342285156,397.83693116450513,390.37134325079114,394.3005968919221,7520906
2017-10-03,408.64239501953125,420.43015641432544,407.6600815699651,420.43015641432544,9696920
2017-10-04,416.058837890625,418.465517765619,405.4007612443488,410.1649573587149,7663143
2017-10-05,415.8132629394531,418.2690465145215,412.6698779500617,415.51858090157566,4606192
2017-10-06,417.33587646484375,418.465530940126,408.83887109272825,414.53627712848163,5308695
2017-10-09,418.0726013183594,424.45763860594906,415.5676840880704,416.5008938366181,4414381
2017-10-10,416.10797119140625,421.31422033232934,413.94686967376276,418.07259803369067,5057869
2017-10-11,408.1512145996094,417.384954493903,406.7759818456211,417.384954493903,4320451
2017-10-12,412.7189636230469,414.33977471630885,402.1099910327633,408.151212368281,5442846
2017-10-13,417.2867126464844,421.70712286510314,411.49106968874923,413.5539337863364,6969434
2017-10-16,429.320068359375,430.2532780998089,418.3181760384959,418.7601990909436,8476709
2017-10-17,424.6540832519531,428.04307657222716,422.5912490338665,428.04307657222716,5135763
2017-10-18,425.5381774902344,429.56563845383306,419.05490304523687,424.6049677677463,5539785
2017-10-19,419.39874267578125,425.4399644439131,416.74648434936836,425.3417271025964,1313380
2017-10-23,415.27301025390625,423.2297551804159,413.553961719443,421.51070664595267,4013418
2017-10-24,408.6914978027344,416.30442702014204,407.7091843553269,415.2730098914952,4541742
2017-10-25,414.4871520996094,416.8938019485952,407.7582992981594,413.5539423762759,5666968
2017-10-26,411.98223876953125,414.92917900390245,409.6246925775995,414.2415776025783,6207936
2017-10-27,422.2965393066406,426.66784607933647,414.58537285370767,414.58537285370767,7414741
2017-10-30,428.82891845703125,433.1511215573135,420.67572893007764,420.67572893007764,7675104
2017-10-31,420.82305908203125,431.0882462133599,419.7425083348662,431.0882462133599,6214996
2017-11-01,430.0076599121094,432.1687612277543,420.87215794051446,423.3279412638275,7310931
2017-11-02,427.2080993652344,432.6108231626232,422.2965322766991,427.99396808609595,8262211
2017-11-03,439.78173828125,441.402549458744,424.9979030493755,426.324032186535,8116263
2017-11-06,454.712890625,459.72269522234745,435.7051193462028,437.8662209302594,19456789
2017-11-07,443.85833740234375,457.65982935337337,442.09015520953426,450.0960337916971,13266543
2017-11-08,430.44976806640625,446.9526221228896,423.67178124315967,440.0764279363836,11193613
2017-11-09,432.365234375,442.9251033605358,418.12169016195173,434.2807574844368,40547266
2017-11-10,415.0765380859375,431.1865027172681,412.5716507688292,431.1865027172681,22534490
2017-11-13,410.7052307128906,419.938970501451,408.74060395031074,415.5185602856463,9857544
2017-11-14,406.9724426269531,414.38892702052,403.38700459800486,411.14727471029096,8987515
2017-11-15,401.42236328125,410.16494651011567,399.80155217340945,406.9724279731044,9867270
2017-11-16,406.1374816894531,408.5441314999785,404.07461758198457,404.07461758198457,6291441
2017-11-17,414.33978271484375,415.9606238172205,409.6246903565463,412.03137019269724,6191428
2017-11-20,415.5185852050781,418.170843484752,412.6698822240603,413.5539583246759,4051153
2017-11-21,416.7464904785156,422.3947929422787,415.0274419025878,416.94296516403864,6745407
2017-11-22,421.01953125,425.34170423511495,416.99204029516466,417.9252500207601,7899417
2017-11-23,418.7110900878906,423.4261824543481,414.97831112926394,421.0195325918583,7374216
2017-11-24,417.9743957519531,422.3457028337926,416.7465038725408,419.4478660072479,5108182
2017-11-27,413.9468688964844,417.2376248466969,410.41053459144734,415.51857636292596,7946028
2017-11-28,408.5932922363281,414.7818549910674,407.1689257401952,412.3751750432091,6217480
2017-11-29,406.628662109375,412.03138605103544,404.76224258363044,408.5441553383582,4327453
2017-11-30,397.001953125,404.9586976307138,395.13556366756734,403.14141185196655,25646262
2017-12-01,391.8448181152344,402.9940814526337,389.48727189754845,400.6856389149265,7959197
2017-12-04,396.51080322265625,403.9763911581657,394.5953100537085,398.6227710653647,10043491
2017-12-05,395.1355895996094,398.32810834715127,389.53639088202016,397.39489856827714,7144542
2017-12-06,390.02752685546875,396.85461703570354,388.0137963591656,393.121838074518,5573968
2017-12-07,394.8899841308594,398.13160633781825,390.12575817749655,390.960730557418,7998863
2017-12-08,403.8781433105469,406.4321641138364,398.81923536004246,398.81923536004246,12288946
2017-12-11,402.8958435058594,407.8565442671066,401.8152927475205,404.71312932972563,5066242
2017-12-12,399.6542053222656,408.15121007802406,398.7701292743404,404.2710602293531,6151197
2017-12-13,394.84088134765625,402.6011511772349,392.92535823512964,399.80155200424446,5140689
2017-12-14,395.28289794921875,397.3948657197603,391.15719974165927,396.85460535211894,4674026
2017-12-15,397.9351806640625,401.76619708569564,397.0511045633513,399.3104134849273,5614113
2017-12-18,398.62274169921875,402.650232392,382.41457157627457,391.94302297301385,5356208
2017-12-19,412.66986083984375,414.2415682582864,400.14536512628854,400.14536512628854,9686883
2017-12-20,415.12567138671875,420.1845796759721,411.8349153223876,414.4871736375984,11191127
2017-12-21,413.3574523925781,418.51459756371514,412.1295606851645,416.50086715468683,4885225
2017-12-22,414.5362548828125,418.85842784811075,413.45570414703144,414.5853585616919,5345261
2017-12-26,416.6973876953125,417.63056750899034,413.70131361267556,414.5362860612081,3700655
2017-12-27,414.9783020019531,420.8721823193041,412.8663042393086,416.0097190663593,3673355
2017-12-28,411.1964111328125,416.20621566206154,408.6423901985064,416.00974098333523,5018893
2017-12-29,424.2120361328125,425.7837435252042,409.7720175583375,410.60698992096667,8640908
2018-01-01,416.9429626464844,428.6815905788157,414.7818610300928,423.32800017566285,6807536
2018-01-02,431.5303039550781,433.0529078505316,414.53629257751066,421.26514597628955,15331261
2018-01-03,426.22576904296875,433.5931193835749,424.31027594110634,432.6108060048274,9794953
2018-01-04,422.3456726074219,425.63639862647346,418.2199441967344,422.3947762879525,8395377
2018-01-05,423.96649169921875,428.63248059424274,422.19830949967104,423.62267599559885,7021611
2018-01-08,425.8819580078125,428.4851124721332,424.01556856340994,424.3593842452849,4635214
2018-01-09,429.81121826171875,435.6559950111727,425.34170426119005,426.5695960171403,12629045
2018-01-10,425.6363525390625,431.53023250024677,423.6717258853344,430.253237166453,4702579
2018-01-11,427.0607604980469,429.860359748171,425.243474670575,425.83286871973166,4564895
2018-01-12,429.36920166015625,433.64227103055794,424.4576345626432,429.2709643226407,7408870
2018-01-15,424.7032165527344,432.2670119609503,423.4261911097544,430.302385105129,4042775
2018-01-16,414.4380187988281,427.5028050475892,412.0804726268026,425.3417035695006,5623745
2018-01-17,415.469482421875,416.9920562663456,402.84674869245197,414.585376341522,10204447
2018-01-18,411.5401916503906,420.7247975280524,407.1197815573803,416.5008620969724,9579830
2018-01-19,410.6560974121094,414.48714358471204,407.70915726569217,407.8565282552733,3894062
2018-01-22,414.4380187988281,416.8938023067352,411.04905554461203,411.6384196042489,4643782
2018-01-23,410.60699462890625,415.32208688231856,407.4144761299973,415.32208688231856,6185011
2018-01-24,396.4617004394531,408.88795914833577,395.52849070371974,408.6423807944929,10789570
2018-01-25,393.22003173828125,400.4400410348984,390.9607229685378,396.3143428495637,16312167
2018-01-29,392.1886291503906,398.72100733478806,391.05897472385703,395.3811477345829,5789602
2018-01-30,388.8487548828125,395.1846581549851,388.0137825197998,392.9253493871391,6963005
2018-01-31,392.4342346191406,393.8586011539459,388.25940233595827,388.5049807055572,5111454
2018-02-01,386.68768310546875,396.6581586147312,383.64250541877357,392.82714216016575,7259426
2018-02-02,376.9627685546875,390.37134051553005,374.5560887252275,385.0668541327361,10070356
2018-02-05,388.79962158203125,390.9607229967615,373.2790822582145,374.2613956325782,9876017
2018-02-06,368.8096008300781,373.1317740618168,350.1947487577164,356.5797862525976,25294860
2018-02-07,371.11798095703125,378.5835686000447,368.5639901651643,373.67200172672335,12706795
2018-02-08,368.2201843261719,373.27909234528624,365.61705980932913,373.18085500963014,12452396
2018-02-09,362.2280578613281,366.5993643812254,361.4913228283898,363.3577122496018,8816777
2018-02-12,365.22412109375,369.54632416577334,363.6524435888253,366.7958285765015,6002369
2018-02-14,370.1848449707031,375.53843550839093,364.0453856537478,366.3046946912559,9623436
2018-02-15,369.15338134765625,375.440211389972,366.5011530277675,373.08263513518995,10225880
2018-02-16,364.19268798828125,372.6896927846208,361.09840681685216,371.31446003929955,8545282
2018-02-19,362.2280578613281,368.072834447102,356.3832812755542,367.0905210698509,5658765
2018-02-20,362.768310546875,364.3400179127643,360.0178451399371,363.79975755784517,3972114
2018-02-21,358.004150390625,365.9117617061641,356.4324428682679,365.9117617061641,8640166
2018-02-22,352.15936279296875,356.579773204596,351.1770493681627,356.579773204596,10870704
2018-02-23,353.8293151855469,358.1514883517122,352.4049486979365,353.7310778453966,6751064
2018-02-26,365.46966552734375,366.8940318590238,355.5974284684515,355.5974284684515,10576794
2018-02-27,365.9608154296875,369.9392023629775,363.79974411205785,368.36749505517736,6156672
2018-02-28,363.35772705078125,367.04140236552524,360.6563651533023,363.455964388073,8009429
2018-03-01,364.19268798828125,369.64451529137887,362.5227432403605,363.2103746019339,6991806
2018-03-05,345.8234558105469,362.2281032576876,343.9079624715426,362.2281032576876,14665325
2018-03-06,340.3716125488281,351.61911361264055,338.89814236463405,348.8686179487817,8876632
2018-03-07,341.6485900878906,349.0159406215095,337.17907608862555,338.89812454647,15599393
2018-03-08,339.04547119140625,345.67608678176424,335.01798017058644,344.5955360233258,7674221
2018-03-09,335.46002197265625,342.53269035676783,334.1338929034072,339.43837920257806,5519224
2018-03-12,346.3637390136719,347.5424972028731,334.33039888471046,338.89815057075054,8238960
2018-03-13,346.90399169921875,350.1456440973348,343.8097103020657,346.36373128844656,6184241
2018-03-14,347.7880554199219,348.6230278250322,343.4167786742942,344.7920114709206,3820313
2018-03-15,346.8548583984375,352.06110729015995,344.89023165019125,347.7880381171594,4331145
2018-03-16,333.7409973144531,346.3637312437662,332.4148681507507,345.823440855236,14205582
2018-03-19,329.76263427734375,336.04943430689525,326.6683229545947,335.1653582051786,9391347
2018-03-20,332.8077697753906,334.3794772196761,327.6506243967772,329.56614752853545,5080453
2018-03-21,327.94537353515625,336.196801079601,326.37366591292164,333.88835831986546,6812442
2018-03-22,332.2184143066406,334.23214484876473,328.87852465946867,332.5130963447667,9255091
2018-03-23,324.9983825683594,328.8785023705795,323.7704908630065,324.16341021315446,8578297
2018-03-26,326.47186279296875,327.9944365639446,318.5642219772704,322.98463225435273,8907023
2018-03-27,325.2930908203125,329.86084233703406,324.2616736957657,328.0435864488161,6822448
2018-03-28,321.06915283203125,327.74887221152295,319.44834165678384,325.6369043178474,10975624
2018-04-02,333.1515808105469,334.77239191134055,326.815677420567,329.0749862304217,9874486
2018-04-03,337.03173828125,338.4069710650492,331.1869614778204,332.41485324511007,6989584
2018-04-04,349.3106384277344,357.26738267611313,340.12600247367453,340.6662628330443,27157199
2018-04-05,355.7939147949219,365.7643895101754,353.4363387234042,356.18683414756646,28886070
2018-04-06,357.6603088378906,361.8351407167148,350.1456174515722,355.59744473749475,13297051
2018-04-09,351.9628601074219,362.0807055644348,350.68586474792886,355.499194150865,9555113
2018-04-10,347.0022277832031,355.9412862142312,345.2831792379219,354.12400032793977,8201215
2018-04-11,349.507080078125,350.8332091043068,344.30083128238846,348.7212413844448,5622957
2018-04-12,352.06109619140625,357.9549762503399,350.68586350655323,351.6681768497088,13145938
2018-04-13,350.7349853515625,354.6151352491587,348.1318608529164,351.56995773206336,5935628
2018-04-16,333.1515808105469,346.5601526121318,331.5798733882096,344.59552582866655,19157051
2018-04-17,330.4993591308594,338.1122880663116,326.71744650284364,336.245868603101,14241074
2018-04-18,328.8785095214844,333.74097277153766,327.50327677715205,332.2183990149243,6699271
2018-04-19,328.3382568359375,331.0396187096812,326.6192083708279,330.5484620053642,7087115
2018-04-20,330.05731201171875,337.17908436911443,328.6820792072353,330.00820833141916,11908652
2018-04-23,328.14178466796875,333.49540477702203,327.11036757216004,330.00820414088184,8056732
2018-04-24,325.6860046386719,329.07499795199476,324.7528248699817,328.87852327551957,9210931
2018-04-25,322.7882080078125,328.09269468073796,321.95323557368823,324.9492796267974,6306039
2018-04-26,324.40899658203125,330.00819488812766,320.23416468052136,324.06518090045944,16647689
2018-04-27,330.9413757324219,331.6781107763399,325.194836394296,327.11035949961314,8804236
2018-04-30,334.3794860839844,336.6879286435537,331.285204770353,332.51309655971676,5937740
2018-05-02,330.1064147949219,345.4305102351009,329.07499768881894,343.0238603282518,16022148
2018-05-03,327.60150146484375,329.9590475038085,323.328432406694,329.5661281602851,6870513
2018-05-04,328.4856262207031,331.33432935619953,323.67229609826734,327.8471284455136,6660062
2018-05-07,329.22235107421875,331.8746094150095,327.79801453980195,331.8746094150095,3888627
2018-05-08,326.275390625,330.64669725699,324.40900115592854,330.3519852495623,8114997
2018-05-09,335.9020690917969,341.1083179652188,325.14572569182843,325.14572569182843,19019847
2018-05-10,327.6997375488281,337.67021199470696,326.8647652108764,337.67021199470696,11158000
2018-05-11,324.9492492675781,328.09266402783703,324.16341056642585,328.09266402783703,7365579
2018-05-14,317.8766174316406,327.11035725653016,317.2872234049827,327.11035725653016,8312976
2018-05-15,304.6153869628906,318.3186407094884,300.2932140604995,318.2695370313237,15323964
2018-05-16,304.76275634765625,310.16548047307805,301.27555549419714,304.4680742955827,12051269
2018-05-17,309.33050537109375,313.8491533237462,303.82954394950946,307.56235311814754,10214660
2018-05-18,299.21270751953125,309.428762245729,298.13215663993253,309.18318386299427,11688577
2018-05-21,290.66650390625,301.7666623521887,289.48774591497113,299.35998273936474,11549490
2018-05-22,302.25787353515625,306.9729663064925,291.3050541150776,291.3050541150776,17199292
2018-05-23,303.9768981933594,311.63893083747644,299.9985108768234,305.5977093321734,17698475
2018-05-24,283.54473876953125,302.20869217516724,279.0752250766796,294.69400114162073,46104103
2018-05-25,288.9474792480469,292.1891314394132,281.18720942030916,285.2638040154664,19240172
2018-05-28,291.0594787597656,294.59581336384724,285.16559774557265,288.5545913198652,8516862
2018-05-29,289.43865966796875,294.69404275941054,287.81784842835765,291.55062764551224,9816561
2018-05-30,283.79034423828125,287.08110022790476,281.0889823028604,284.8217913275926,11649429
2018-05-31,277.5035705566406,285.705894478394,276.6194943805217,284.82181830227506,28771987
2018-06-01,282.12042236328125,285.2147035984691,278.043797743679,279.46816417436247,15840810
2018-06-04,281.58013916015625,288.65280785849507,280.9416414252098,287.3266787303282,10835487
2018-06-05,279.91021728515625,283.15183953677115,278.5840881902861,281.58013209017787,7456195
2018-06-06,290.42095947265625,291.6488512596858,280.20490580013603,281.77661328309915,19754001
2018-06-07,299.9985046386719,301.4719747301956,290.02802968159295,291.05944675452923,22839023
2018-06-08,304.4680480957031,309.9689791132348,297.0515639932164,300.2932161762179,27249374
2018-06-11,304.2715759277344,308.34817054589024,301.2263983893896,305.4012303432003,14650133
2018-06-12,302.3560791015625,308.1026189921648,301.7667149920267,305.45039056576815,7932388
2018-06-13,302.9454650878906,305.745064444636,301.57023223936784,303.73133384263775,7280886
2018-06-14,300.4896545410156,304.12422600905103,298.42679046396375,303.0436753041358,6532693
2018-06-15,297.5918273925781,302.20868193398076,295.234251481079,300.3422926522298,8224497
2018-06-18,303.33837890625,305.4994804698363,296.7568968313775,297.5427355938668,8787098
2018-06-19,299.65472412109375,307.2676538207159,297.93567547924357,304.12426857660176,10498362
2018-06-20,300.1949768066406,302.79810128440454,298.67237307139436,299.5073454451971,6607472
2018-06-21,301.5702209472656,303.0436910821871,300.0967508123441,302.4542970326532,5085379
2018-06-22,302.5525207519531,303.4365967975464,297.83742852357227,301.42286636159366,6033095
2018-06-25,284.281494140625,300.88258473214205,282.5133419982201,300.88258473214205,16392183
2018-06-26,271.9534912109375,283.29919984193936,270.2344426318264,283.29919984193936,30728620
2018-06-27,266.2560119628906,274.5565714633779,265.2245949735672,273.574258148661,19077416
2018-06-28,258.6922302246094,267.8277325123103,257.21876017963666,267.18923482172045,19507165
2018-06-29,264.5369873046875,265.71577537882933,258.0046091735643,260.7551046872866,14765516
2018-07-02,261.9830017089844,271.16760822489306,260.9024509489285,271.11850454491054,16495647
2018-07-03,264.6843566894531,266.6980871612345,262.47415154723296,264.7334603681499,11484332
2018-07-04,262.3267517089844,266.6980578340415,260.95151910061645,265.22458790125677,7394858
2018-07-05,256.9240417480469,259.08514308433496,248.0832366885835,258.8395647496578,20820454
2018-07-06,266.0596008300781,267.68041200813997,257.21877988302026,257.36612090323916,19215897
2018-07-09,268.6627197265625,272.1008166883284,267.2383532798432,269.7432704815399,9387556
2018-07-10,270.5782470703125,272.00258356125227,268.0733298298428,270.03795669554756,6351033
2018-07-11,263.0635070800781,271.51140801220913,262.37590571147115,271.51140801220913,7356582
2018-07-12,261.39361572265625,267.1892590972141,260.8042216555528,264.83171280662776,8573517
2018-07-13,258.9378356933594,264.63524180635267,258.0537595693195,262.5723775317075,8352827
2018-07-16,247.64120483398438,256.1873131062909,246.06949745745365,255.89263108848974,11067012
2018-07-17,253.38775634765625,254.41917343803127,247.83767658239765,248.52529297228537,6350966
2018-07-18,247.39564514160156,254.8612332595012,242.9261160047898,254.8612332595012,9348644
2018-07-19,248.03414916992188,253.2895321875036,246.75713867146226,249.50761936301052,9556686
2018-07-20,248.91819763183594,249.50759163914685,246.56065158041676,248.23058128258137,6422014
2018-07-23,254.17361450195312,254.91034961645155,246.658922329635,250.4408202573783,8891743
2018-07-24,254.22268676757812,259.08514991348244,252.55277203445155,254.17358309047802,9906160
2018-07-25,253.28952026367188,257.071432910128,251.5704717859942,255.40148811211057,6721386
2018-07-26,253.6824188232422,258.3484071655864,252.94568382181942,255.49970448898316,8817721
2018-07-27,263.4073486328125,264.9299524844131,253.97713340945492,254.51742379982718,15275469
2018-07-30,262.76885986328125,266.8454548712019,261.49186431115197,263.01443823698526,7801098
2018-07-31,259.4289855957031,265.66668193758005,257.5625960545769,264.19321177703404,10026055
2018-08-01,260.3621520996094,263.2599885920325,245.57834756719453,245.57834756719453,53282545
2018-08-02,256.2364807128906,261.7374422707221,254.12451269794366,258.7905017909369,17421472
2018-08-03,253.87892150878906,259.18340810906557,253.04394908610033,257.5134632636881,9041836
2018-08-06,249.5567169189453,257.1696306168621,248.03412818379692,255.3523748480727,11371744
2018-08-07,247.1500701904297,251.47224337792224,246.1186380694172,250.68638961958348,14490727
2018-08-08,250.63726806640625,253.68244572410026,247.39564570752924,249.01645688696775,16125867
2018-08-09,253.28952026367188,255.7944074828716,250.9810777409394,252.11073217356233,7777719
2018-08-10,245.67657470703125,254.07534185417833,245.13629936702048,252.70010916043472,14606037
2018-08-13,244.30133056640625,245.2836439301545,238.80038472276354,244.84160591425027,13877900
2018-08-14,244.3995819091797,245.4310139980273,242.82787444151535,244.20312222294996,9171033
2018-08-16,246.85536193847656,248.32883204755353,240.91236283408352,241.45263820519438,14148347
2018-08-17,253.6824188232422,255.49970448898316,248.52527381328278,249.21289015016163,16117660
2018-08-20,265.3228759765625,267.0419245602972,254.61566507915197,257.21878979609886,25576718
2018-08-21,264.04583740234375,269.8415106086435,261.98300318621864,267.0419113438393,19505584
2018-08-23,252.35630798339844,264.4387808628199,251.47223191364225,264.4387808628199,18667622
2018-08-24,250.9810791015625,254.0753603825918,250.48992239099192,252.45454923327424,8703468
2018-08-27,254.22268676757812,254.9103181139287,251.96337802012604,252.45453470242649,6127707
2018-08-28,255.40147399902344,258.5939924240112,254.46826431443554,257.0714187047623,8506857
2018-08-29,257.0714416503906,258.83959386784454,256.38381024481,256.4329139261397,5117552
2018-08-30,254.76296997070312,258.3484076555287,254.41915430715568,257.6607763284338,6333570
2018-08-31,262.76885986328125,263.50559498439327,253.53511900757658,254.51743250239258,12360078
2018-09-03,261.8847351074219,268.1715343118418,260.5586061399855,266.599827016281,14597832
2018-09-04,257.3170166015625,266.010466529598,255.74530910809028,265.7157844898712,14775900
2018-09-05,261.7864990234375,266.2069089506625,250.88281520738443,256.38377577905135,10084307
2018-09-06,265.175537109375,267.1892677612975,259.18341885886844,264.92995873827084,14736214
2018-09-07,272.4937438964844,274.9495275112289,264.4878953079828,264.7825773506212,26189156
2018-09-10,270.8238220214844,277.01238457946954,266.9436720194002,271.1185040565021,21322969
2018-09-11,262.5723876953125,273.9181266561156,261.00071007077327,272.34641905374724,13444031
2018-09-12,257.759033203125,263.4564689769869,254.27183258314517,263.4564689769869,14456273
2018-09-14,261.8847351074219,264.8316750449147,258.7413205163003,260.3130278118611,10710620
2018-09-17,255.64707946777344,259.42899230657025,255.05768539274322,258.6922572072395,9461420
2018-09-18,247.05181884765625,255.2050080351961,246.16774278770293,253.19127756653438,11554420
2018-09-19,248.1323699951172,250.48991615156675,246.5606625648755,249.06556472417375,7845650
2018-09-21,245.9221649169922,253.1421743799929,224.80242688299705,250.53903488478062,18547453
2018-09-24,235.95167541503906,246.5606631208086,235.1167180193323,245.7748094039159,8889259
2018-09-25,236.54107666015625,239.1933199202158,231.28569382034794,236.73753634813966,9030367
2018-09-26,229.22283935546875,238.8986174141674,225.4900454137494,238.0145413440634,17810869
2018-09-27,221.26609802246094,232.3662426746445,219.15413016342782,230.6471941883435,17430781
2018-09-28,219.74349975585938,226.6196934048334,215.61778656425747,223.86921294746128,14196824
2018-10-01,225.29359436035156,226.37413015532368,216.1089576640634,221.0205248837012,9743094
2018-10-03,223.5745391845703,228.6825659433027,221.80637204030168,225.93208538431966,9094685
2018-10-04,219.30148315429688,226.7179528836136,217.82801294273386,220.0382182600784,13898979
2018-10-05,212.42527770996094,222.44487162612788,210.9518075755566,218.81031495904648,10471026
2018-10-08,208.59425354003906,214.63547486916676,204.4194216489912,213.94785849665905,11854170
2018-10-09,181.0894775390625,202.35655621350946,167.28797155681488,202.06185920182378,142760251
2018-10-10,185.4116668701172,187.57275349942978,181.77711004051224,182.71030483624793,35670907
2018-10-11,179.71424865722656,184.4293563718394,174.85179991577849,177.454924649296,19323517
2018-10-12,180.50009155273438,185.06784297605458,179.37043711137102,182.66117808646743,18014894
2018-10-15,181.0894775390625,183.20144530980346,179.46865146924748,183.20144530980346,11658409
2018-10-16,182.56295776367188,183.9381905761525,181.28594730127503,181.9244450380167,9695745
2018-10-17,176.7672882080078,184.47845417003825,175.9323308355597,184.2819944935159,12004524
2018-10-19,171.6101531982422,176.57083901680292,170.92253679512496,175.7849852751346,10469358
2018-10-22,167.73001098632812,173.7221286481691,167.04239461257083,173.28007563247755,11721075
2018-10-23,167.63177490234375,172.59246054609432,166.55123916092617,166.99327719100214,15588511
2018-10-24,167.63177490234375,171.90484416720807,166.01096379576094,170.8242934368776,15421903
2018-10-25,162.42552185058594,166.74769468636106,161.6887868225166,165.96184099197126,14877057
2018-10-26,165.5198211669922,169.74377212333923,162.9658001267133,163.06403747015256,19584723
2018-10-29,172.24867248535156,173.37832697717263,164.73396546721352,166.94417076862223,14171750
2018-10-30,174.1150360107422,178.28986762171908,172.93626302424872,173.86945768068472,15602414
2018-10-31,175.9323272705078,176.81640329139992,170.38224784051374,175.14647359143027,12579712
2018-11-01,176.27613830566406,182.75941280277706,175.04824654400727,178.7810404972265,28947802
2018-11-02,186.9342498779297,188.45683870158854,177.7004945857199,177.74961325530504,29425248
2018-11-05,186.44309997558594,187.91657018352433,183.3488035455669,187.91657018352433,14818506
2018-11-06,189.8320770263672,196.4135742411415,188.35860682952605,189.04622325693578,35339222
2018-11-07,191.40377807617188,192.28785416873862,189.930307929285,191.5020004259496,3932893
2018-11-09,191.79669189453125,197.19941560987016,188.60417333546735,189.48824940241215,22341961
2018-11-12,182.7593994140625,191.01082545234212,181.92442708173962,191.01082545234212,20789180
2018-11-13,176.32525634765625,179.76335326808407,175.19560192650945,177.5531481049519,22189598
2018-11-14,173.6730194091797,179.76335974709076,173.13274401871445,177.30757614398843,15795883
2018-11-15,177.01287841796875,179.46866201141702,174.36063513482733,174.85179185351697,18740276
2018-11-16,176.7181854248047,178.63370866257128,174.70445482331903,177.70049888461776,10022823
2018-11-19,181.33506774902344,182.2191438530144,175.93234380728987,177.4058139732172,14522581
2018-11-20,180.50009155273438,184.96962062706095,179.95981617207278,180.7947885775419,13114982
2018-11-21,180.89300537109375,183.44702618910426,180.5000860093596,181.1385837194058,8097107
2018-11-22,179.32131958007812,182.85763893346393,178.5354658385768,182.2191411997579,9135857
2018-11-26,178.53546142578125,181.18770462249444,173.8694727502794,180.64742925175898,9865426
2018-11-27,176.86553955078125,181.28595007279455,175.39206937677682,178.48635074662064,11639680
2018-11-28,171.36456298828125,178.14253417884186,170.922524973202,177.79871850660666,12504717
2018-11-29,174.1150360107422,176.17789997878958,170.38224239608638,172.83802569666102,20892744
2018-11-30,168.90878295898438,171.80660443676138,167.33709054185903,168.9579016258442,18393012
2018-12-03,172.34689331054688,173.32920676912954,166.9932879590541,170.18580669944777,14068885
2018-12-04,172.64158630371094,175.58852661045992,172.1995482554813,174.80267286421082,11481923
2018-12-05,166.20742797851562,169.94022197931207,165.61804891875616,169.94022197931207,14960527
2018-12-06,159.7732696533203,165.7162687634654,158.7418525670986,165.5198090798476,15428019
2018-12-07,159.52769470214844,161.29586187022596,157.95600221078993,159.38035368352254,13545006
2018-12-10,154.32144165039062,157.6613012259674,153.7320476128592,157.07190718843597,13520495
2018-12-11,155.30377197265625,156.67900489149852,151.91477837101877,152.25859409518665,12094881
2018-12-12,161.19764709472656,164.14458751701468,155.20552890717505,156.67899911831913,22461175
2018-12-13,163.8990020751953,165.02865652608827,162.62199161619884,163.06402966268246,12235499
2018-12-14,163.99722290039062,165.42157436533543,161.9343737063402,163.06402814673115,10091732
2018-12-17,170.8734130859375,172.8380398877049,164.2919162977993,164.2919162977993,28526103
2018-12-18,171.65927124023438,174.45887050066193,170.03846008245847,170.92253617053382,18015933
2018-12-19,170.8242950439453,173.37831589116507,169.449062273235,173.37831589116507,11540042
2018-12-20,173.2800750732422,174.16416611285925,168.71232382974858,169.94021556067835,15819006
2018-12-21,173.1327362060547,177.3075681429383,172.05218547388435,173.86947125374004,23742481
2018-12-24,169.44906616210938,174.7044489922677,168.46675273508265,173.13274151345956,11374468
2018-12-26,167.87734985351562,169.1543602392666,164.6357277059566,168.41762520774634,12044191
2018-12-27,165.2742462158203,170.33315474038216,164.73397079355777,169.6946569615629,15231581
2018-12-28,167.8282470703125,169.15436114076888,166.15830233216997,166.40388067731885,8669584
2018-12-31,169.64552307128906,170.8242961666326,168.71232832868014,169.39994471855445,8511388
2019-01-01,170.38226318359375,171.11899826365158,168.27029528299337,170.43138185338032,6715543
2019-01-02,165.56893920898438,168.71233933120064,165.02866379995172,167.5826848305166,13410104
2019-01-03,163.11314392089844,167.1406198886152,162.17994918380023,166.01096546827205,9321842
2019-01-04,167.9264678955078,168.9087812672147,165.51980313260847,166.0109598184619,17650435
2019-01-07,172.24867248535156,175.04825687378752,170.13668953732372,170.13668953732372,21438351
2019-01-08,176.7672882080078,177.30756356012864,172.9853907209869,172.9853907209869,20128985
2019-01-09,179.81246948242188,180.35274484604193,177.01287031842614,178.28988072637003,17468948
2019-01-10,182.4647216796875,183.54527246043546,180.30363510710512,180.40185745786448,16961888
2019-01-11,177.11111450195312,184.42934656077648,176.22702342122983,183.25057344205885,25902974
2019-01-14,179.17396545410156,194.79275814289764,174.31151692405615,177.1111162235226,18935120
2019-01-15,182.07179260253906,182.51383062969924,178.04430171305114,180.0580471577951,13536578
2019-01-16,182.17001342773438,184.0364178441528,180.79478069051044,182.7102887848269,11874245
2019-01-17,181.62974548339844,183.98730668631651,180.1562753524171,182.71029624168338,9365756
2019-01-18,180.05804443359375,182.36647186891045,178.0934176857944,182.36647186891045,6797621
2019-01-21,178.28990173339844,181.67888033881235,177.45492925588553,181.04038255406573,6918258
2019-01-22,177.65139770507812,178.28989546738467,172.83805269084712,178.28989546738467,9775717
2019-01-23,177.06199645996094,179.46866137522625,175.3920666201185,178.48634794132911,9778926
2019-01-24,172.2977752685547,177.11112022652213,170.6278453806533,176.81642319008918,13461254
2019-01-25,170.18580627441406,175.73587130597952,168.90879578366312,172.83804960818063,12136892
2019-01-28,169.25259399414062,172.24865272343143,166.40387627247384,170.23490734873354,8167430
2019-01-29,170.52960205078125,171.80659740338305,167.8773440380555,169.3017103741164,6141180
2019-01-30,171.51193237304688,173.62390027044586,170.23492190509964,171.21723534368775,7757847
2019-01-31,177.9951934814453,180.64743678881663,172.69070686670267,172.69070686670267,22277646
2019-02-01,178.43722534179688,182.61205734390967,176.37437616939494,178.78104103165379,14931422
2019-02-04,177.06199645996094,180.4509748091234,175.0482509226891,177.7987315353838,11854351
2019-02-05,172.69068908691406,177.94605649047722,171.61013841161062,177.50401848291204,12064426
2019-02-06,175.3429412841797,176.27613601311964,168.85966687138435,172.88715779280463,10334594
2019-02-07,179.61602783203125,181.72799584219916,175.73587755129606,175.83411489596568,16152722
2019-02-08,148.0346221923828,161.68878705927577,126.71842501347926,161.68878705927577,102256857
2019-02-11,149.95013427734375,150.53952831197702,143.27041515903565,147.49435078122667,26161867
2019-02-12,149.11517333984375,151.6691791217884,147.93640028749138,150.24482772565796,14174912
2019-02-14,157.02279663085938,158.15245099957713,151.07979780358968,153.19176553255326,16348306
2019-02-15,158.7909698486328,159.42948261122814,150.44130517386827,156.9736988833562,20705576
2019-02-18,160.0188446044922,160.55911996464448,156.38428807360555,159.92062225922714,13503666
2019-02-19,160.85382080078125,163.01490730383355,158.69273429772895,161.09939915314885,14533142
2019-02-20,161.88525390625,163.75164340052748,160.8538218219753,161.54143821518736,11610728
2019-02-21,166.69859313964844,167.58268425747352,162.17996016344952,162.6711168992699,14811723
2019-02-22,171.21722412109375,172.19953749529517,164.88130585527696,166.99327361424503,13011477
2019-02-25,172.64158630371094,174.36063481598117,170.43138107364922,172.05219224679576,15554532
2019-02-26,179.41954040527344,180.20539414009784,169.4490651746219,169.94022188527296,31859427
2019-02-27,174.2133026123047,182.8085456086197,172.98541075568826,180.30364322333932,19723906
2019-02-28,174.31150817871094,178.33899907607164,173.47655078997906,176.81641032273222,18692372
2019-03-01,177.11111450195312,180.74567119671303,174.2132928800059,175.49028834841715,20539919
2019-03-05,190.617919921875,194.84187057631104,178.19164631069788,180.54920748450346,58138551
2019-03-06,185.4607696533203,191.94402898585483,184.4293376036929,191.94402898585483,22468702
2019-03-07,185.95193481445312,190.02852954281371,184.47846467327508,188.01478401875437,27051501
2019-03-08,177.9951934814453,184.62580924433047,176.81642034360402,184.47846822294295,28012914
2019-03-11,178.6337127685547,181.33507484513274,177.84785898485822,178.7810537953478,25669662
2019-03-12,181.53152465820312,182.7102977750985,180.30363287208016,181.13859029329572,18657724
2019-03-13,178.48634338378906,181.62974329421243,177.20933295454776,181.1877052580286,9769821
2019-03-14,176.3743896484375,179.2230927661377,174.50798502915606,178.28989795095413,15737080
2019-03-15,176.81640625,178.19163896971278,174.45886016223167,177.0128659258286,17490993
2019-03-18,179.02662658691406,181.43329154599243,176.32526459451893,177.798734772189,14690339
2019-03-19,179.61602783203125,181.23683909667972,177.55316350528378,178.78105536908242,10318028
2019-03-20,177.01287841796875,180.2053970894515,176.4234993488893,179.76335904041352,7543753
2019-03-22,172.2977752685547,178.78105011442352,171.8066185374711,178.73193144353237,11505994
2019-03-25,168.27029418945312,170.7260777736865,167.53355911418313,170.6278404347518,11864723
2019-03-26,170.0384521484375,170.52960883865376,168.5649820777887,168.8596641007883,7820112
2019-03-27,166.845947265625,171.9048555917598,166.15831585212686,170.92254213123547,10047628
2019-03-28,167.53355407714844,168.36851147733603,164.5866138646706,166.01096530291895,13203927
2019-04-01,184.0364227294922,186.39396890986197,173.2309752564567,173.2309752564567,46389181
2019-04-02,199.36050415039062,200.78485560131384,182.02267840826062,184.7240402937372,100834335
2019-04-03,197.78880310058594,205.25437572133407,195.6768203611456,201.3742409065274,81779620
2019-04-04,202.50390625,203.2406413175924,197.49411678371965,198.27997052026754,41268908
2019-04-05,201.52159118652344,205.79466053934968,198.72200694580386,204.32119041615624,32057373
2019-04-08,197.00296020507812,203.73179816695313,195.28391171286788,202.35656536875027,23877595
2019-04-09,202.25831604003906,203.92826075317254,194.64538745443474,196.46267317688591,29611268
2019-04-10,212.22882080078125,213.5549349457532,201.96364839453094,202.35656777328256,69349488
2019-04-11,214.3407745361328,215.32308790704903,209.52744501420844,212.7690821360144,41859862
2019-04-12,212.1305694580078,215.12662823717562,211.1973747533916,215.07750957084582,21788548
2019-04-15,227.65113830566406,229.1246084565098,213.30935617520032,213.30935617520032,57283251
2019-04-16,226.42323303222656,229.95956717927106,221.65900716591835,229.66487016886524,41653657
2019-04-18,232.07156372070312,235.06762288503901,226.52149845691665,227.79849401218473,42451178
2019-04-22,230.69630432128906,235.11671455107725,227.60200816708968,230.84364533338356,30282217
2019-04-23,227.5529022216797,231.6786306579322,226.17766940220457,230.8436582389493,18975358
2019-04-24,219.64527893066406,228.82990008911952,213.75139861934656,227.55288969055152,50317411
2019-04-25,217.92623901367188,221.90459638798333,216.354531540401,219.44881282906843,27132908
2019-04-26,211.78677368164062,217.9753360709476,210.21506625612315,217.9753360709476,26038093
2019-04-30,210.509765625,214.78281994209732,206.58051200619985,212.37615509836485,21289116
2019-05-02,203.63357543945312,208.88894325538124,202.84772170383476,207.26813210416046,21986007
2019-05-03,205.74554443359375,209.87125783214327,199.45874449189097,201.3742526781197,37153857
2019-05-06,196.2662353515625,200.88310568742713,194.4980680983402,200.39194894980506,30117667
2019-05-07,187.57275390625,199.26229318060388,186.00106134921114,198.1326236979146,30516908
2019-05-08,181.82623291015625,187.52363915837986,180.5492223759662,186.63956301335602,28443735
2019-05-09,183.05410766601562,186.44308589046568,179.07573540735123,181.04036220284843,32841616
2019-05-10,182.612060546875,187.22894565661502,181.0403680530369,183.69261131488085,28910719
2019-05-13,177.5531463623047,183.8399461023896,176.42349195224523,182.90675137378662,15373536
2019-05-14,181.23683166503906,182.7594205114983,174.65533454273637,175.0973725977952,21412933
2019-05-15,166.4530029296875,182.6611740586533,164.43925745830612,182.2682546935163,31427815
2019-05-16,172.2977752685547,174.40975820556244,169.7437692602684,172.88716934142056,30308248
2019-05-17,173.72213745117188,174.55709487986087,167.18974409718038,171.85573292621135,21575989
2019-05-20,186.78688049316406,188.60416621528253,176.07967080254895,178.24075720931657,29873588
2019-05-21,173.6730194091797,183.59437617236497,170.97165744576714,181.97356498988285,57822527
2019-05-22,175.9323272705078,177.2093226364826,171.70837686076413,174.45885724307948,25845734
2019-05-23,172.05218505859375,179.61601018770307,170.4313739531634,179.61601018770307,22912106
2019-05-24,179.07574462890625,180.25451776912323,172.24866916077397,173.8694803549581,22494409
2019-05-27,178.1425323486328,180.254500059487,176.12878697961358,178.53545169379706,14774311
2019-05-28,177.06199645996094,182.02268229892422,176.61995841248992,178.1425472328132,23272915
2019-05-29,173.23097229003906,176.8164101673111,172.24865890022068,176.66906915440345,15222008
2019-05-30,172.05218505859375,175.34294092587703,170.03845459091144,174.3606275313343,18078726
2019-05-31,169.54730224609375,174.70444769983231,166.99328135915317,174.65532903106168,21488115
2019-06-03,171.4136962890625,171.9048530119538,165.42157827422324,167.48444250593212,21288078
2019-06-04,170.18580627441406,174.06594142834234,169.35083384113858,171.16811973054345,17428731
2019-06-06,166.69859313964844,172.73982998358733,165.86363568210226,170.97166273685121,16874819
2019-06-07,166.5021209716797,168.6632074496357,164.29191582603792,166.8950403353397,14465703
2019-06-10,163.260498046875,169.0070379239765,160.6573733097792,167.87736842400125,20209862
2019-06-11,167.73001098632812,168.8596653868642,162.72020671240125,163.89899476902835,20363493
2019-06-12,166.06008911132812,169.15437043464865,165.1268943462722,167.8773599719289,12819208
2019-06-13,164.4392547607422,165.91272483920372,161.5905519379483,163.94809806792168,15144315
2019-06-14,161.2958526611328,164.53748978604335,160.60823629861545,164.53748978604335,10920508
2019-06-17,155.9422607421875,161.2467473954901,155.20552565206694,160.85382800965797,14381813
2019-06-18,155.50021362304688,158.15245679512034,153.97762486108766,156.18783000263437,14003043
2019-06-19,151.91476440429688,160.85382252167756,149.8027965469058,157.17014719675365,25257018
2019-06-20,156.43341064453125,157.17014570251177,149.45897943341703,150.73598986503256,19247947
2019-06-21,156.089599609375,157.90688546881168,151.7674264692467,152.2585831892119,23304207
2019-06-24,156.48252868652344,157.36660475699628,153.43735113016035,155.89313464693282,13185118
2019-06-25,157.6121826171875,158.1524579869753,154.0758633574104,155.20551777603788,13368928
2019-06-26,158.25070190429688,159.3312376998972,155.9422593141596,157.26838845979825,18481332
2019-06-27,162.9166717529297,165.028639416565,158.2506834360923,158.98741843348765,26612983
2019-06-28,159.67503356933594,163.80074652603236,158.49626058012436,162.2781578783828,15092229
2019-07-01,165.02865600585938,166.40388881034283,160.31354855076643,160.80470526506957,23990900
2019-07-02,160.85382080078125,164.39015507044002,158.4962746136175,163.84987969744867,16903683
2019-07-03,159.42947387695312,162.0817171599699,158.84007981898782,160.85382536330349,13606179
2019-07-04,162.27816772460938,164.78306984673875,159.13476789968215,159.62592459073053,19512938
2019-07-05,157.36660766601562,163.99722328387227,156.67899126639094,162.22905612132783,14374084
2019-07-08,151.81654357910156,156.67899205901236,150.78511147998995,156.5316510401022,15149035
2019-07-09,153.04444885253906,154.37056310632707,150.04838962974324,151.2762815252403,16112345
2019-07-10,148.96783447265625,153.48648251341697,146.46294706916873,153.48648251341697,31737846
2019-07-11,154.02674865722656,154.91082474771667,147.6908300382783,150.29395462943185,24099895
2019-07-12,156.48252868652344,159.96974427812293,151.27626463318322,153.14265411036504,27307153
2019-07-15,158.10333251953125,159.7241585591885,155.058170092539,156.18782446258393,19924720
2019-07-16,166.99327087402344,167.92646556641932,156.23694260080262,156.97367761936448,39025331
2019-07-17,164.930419921875,169.30172670355145,163.35872741749884,166.99328413320353,25236730
2019-07-18,157.90689086914062,164.291928447053,157.1701557639969,164.291928447053,19055022
2019-07-19,152.11123657226562,159.52769077974088,151.1289231684768,158.5944960439241,18954216
2019-07-22,153.9776153564453,156.48251736002635,152.50414535303435,152.70060502237342,15995349
2019-07-23,153.43734741210938,156.18782788202827,152.06211467160628,154.61612047381385,12942555
2019-07-24,148.5749053955078,154.76348296513643,147.8381703274309,153.58470985399606,16292964
2019-07-25,141.74781799316406,149.8027843852786,141.20754265825443,148.6240113747834,34364032
2019-07-26,144.5474090576172,147.49434922180032,135.657484886795,135.657484886795,83905651
2019-07-29,135.11721801757812,144.30183977984666,134.42960160050185,144.30183977984666,38844222
2019-07-30,131.0897216796875,137.22918049747835,130.25476427381582,135.55925069682186,35725524
2019-07-31,133.2017059326172,133.9875446785783,130.15652833082135,131.13884175218604,27024859
2019-08-01,127.25870513916016,133.88932065019296,125.29407832107637,133.10346692517683,38991424
2019-08-02,128.3883514404297,130.84413480764874,124.75379505472792,126.22726507505935,44016138
2019-08-05,121.56128692626953,125.93257869068402,120.13693545097674,125.73611900252526,35452262
2019-08-06,120.3333969116211,124.31176935831864,119.59666182848872,120.87367230370089,34790369
2019-08-07,115.32359313964844,121.65951148839811,114.43950959240382,120.43161975457403,37287779
2019-08-08,121.85598754882812,122.78918233680507,114.83244482027149,115.91298812594398,35876237
2019-08-09,119.891357421875,124.26264919826035,118.56522829257324,122.29802233346572,39245417
2019-08-13,119.79312133789062,124.06619080914429,118.85992656512074,121.61040720242693,35498118
2019-08-14,118.7616958618164,121.61040632392101,116.50237196217492,120.52985554920576,30136178
2019-08-16,119.2037353515625,120.28427864488785,115.27448156168352,117.77938385051411,35264621
2019-08-19,118.66345977783203,120.43161937225167,117.87760607289684,119.05637913584327,23194786
2019-08-20,121.65951538085938,122.59271762509704,116.89529680008343,117.87761021857153,34809225
2019-08-21,110.41203308105469,120.82455413350613,107.56332258226765,120.82455413350613,83509593
2019-08-22,105.79515075683594,111.98372820823134,104.3216806488329,110.0191013975606,58612708
2019-08-23,109.08590698242188,109.6261748602779,105.7460398955272,106.97393165582255,41178606
2019-08-26,108.5947494506836,113.35896794542928,104.91107419787149,112.52400305368317,47757623
2019-08-27,118.2214126586914,119.25284469565516,109.82263783631795,110.70671387433687,70636441
2019-08-28,114.29216003417969,121.80685887495315,112.76957879491657,118.4178807185535,74245952
2019-08-29,112.2784194946289,116.4041325885941,110.1173256165636,114.43950587823808,48098849
2019-08-30,114.63597106933594,115.22536510637732,110.01910107555506,113.5554278255209,42250518
2019-09-03,110.65760803222656,113.3098512629393,109.23324907950878,111.05053489830239,36905736
2019-09-04,107.56332397460938,111.00142108795306,104.1252268612657,110.01910762699772,76317447
2019-09-05,115.96209716796875,117.23910006156385,107.56331479572547,107.80889314000795,75789807
2019-09-06,119.10550689697266,120.13693902664674,114.48863663771814,116.25679636714337,67761586
2019-09-09,119.74400329589844,120.4316196685663,115.27447439018823,116.89529297656975,51297512
2019-09-11,131.9738311767578,132.61232898742747,123.08389056907684,124.75382060298733,96568372
2019-09-12,125.68699645996094,132.95612460912974,124.45910471066685,132.2193895595533,72084195
2019-09-13,127.25870513916016,128.6339379162536,123.28033283475787,126.91488945043025,69088728
2019-09-16,126.32550811767578,127.9954378851155,124.26264400036544,125.7361140873263,40951047
2019-09-17,119.84223937988281,128.19190359897303,119.20373414659045,126.71843344266298,47652658
2019-09-18,119.5966567993164,123.67325892011459,118.36876504573,120.87366722082888,53048836
2019-09-19,122.00332641601562,123.13298837244214,119.05638609201083,121.31571000486389,51011848
2019-09-20,130.89324951171875,135.31365943894377,120.4316111850617,122.78916464513955,89223235
2019-09-23,125.63789367675781,135.9521775651593,124.26265332681862,132.61231777960882,51032391
2019-09-24,128.58482360839844,129.86183408123964,125.73612062114115,125.7852392910415,41659100
2019-09-25,120.87367248535156,127.60251059472459,119.3510836468071,127.60251059472459,47567575
2019-09-26,122.29801940917969,124.99938128367964,120.62808961181689,121.70863286272555,45866398
2019-09-27,117.77938842773438,120.28428331945501,116.1094510054635,119.84224524869758,45875793
2019-09-30,115.37271118164062,118.71257839538971,114.34128656049101,118.51611870406317,32158885
2019-10-01,113.26073455810547,117.730255894905,111.00141080933648,115.91297765930712,40232789
2019-10-03,120.23516845703125,121.31571175923426,110.65761226551275,110.65761226551275,65103359
2019-10-04,117.53379821777344,121.61040027147759,116.6988333379681,120.62808688477568,35712218
2019-10-07,115.42182922363281,118.41788821402898,114.29216726851016,118.12319118418593,35471184
2019-10-09,118.7616958618164,119.54754211361498,113.40808314117263,116.40414211750719,44666296
2019-10-10,114.73421478271484,117.58291781263135,114.14482071291164,117.18999842537178,31229192
2019-10-11,119.15462493896484,120.03870105178402,115.17625245345094,115.96210621424231,41027561
2019-10-14,125.5887680053711,127.70074333636381,120.3333927592659,120.43162260140257,68048611
2019-10-15,124.7046890258789,126.62019724862505,121.51217032499746,124.85203754173403,57548920
2019-10-16,123.6241455078125,126.03081794383046,122.29802385645317,125.0485044992003,31522518
2019-10-17,137.03273010253906,141.79695646367688,122.88741452854684,124.85204148342196,67933615
2019-10-18,134.42958068847656,139.29202851078864,133.2016890672406,136.54154828143785,64884113
2019-10-22,129.4197998046875,133.2017126636159,127.50429153401383,130.99150735385842,53532482
2019-10-23,130.30386352539062,131.43353290282488,124.99937728263558,128.14277709274646,50293574
2019-10-24,131.1388397216797,132.75965084627006,128.19189950321498,130.64768301860224,41951668
2019-10-25,124.60645294189453,130.64768183385505,123.47679103616915,129.66536843660802,42868958
2019-10-27,145.0876922607422,148.03463258420578,137.03272504105772,137.03272504105772,39489993
2019-10-29,169.39996337890625,172.39602261008383,148.5258010970585,149.2134175626776,184435614
2019-10-30,168.85968017578125,172.54335570307938,163.6043120835177,171.90485794058003,90759545
2019-10-31,174.55709838867188,176.47260663289015,165.96185563610305,166.79682807048957,81392641
2019-11-01,171.95396423339844,174.8517857751478,169.35082472148804,172.1013052483179,40613555
2019-11-04,169.15435791015625,175.29381642162323,167.8282438650268,168.56497888640283,40641411
2019-11-05,168.95790100097656,172.64157616814902,166.9441555784731,170.18579272336737,36268596
2019-11-06,171.4136962890625,173.23098215932578,167.48444250593212,168.95791267460604,28923778
2019-11-07,168.4667510986328,171.61015103680134,164.63573476600763,171.61015103680134,38625387
2019-11-08,166.06008911132812,175.73586744846463,164.83219731811943,167.73001895230928,39102947
2019-11-11,168.95790100097656,169.89109571221104,166.06007953391673,166.2074205450386,22192924
2019-11-13,167.58267211914062,172.88715848622087,166.4038840474224,168.46674818401635,33926248
2019-11-14,164.095458984375,167.28797758333593,162.57287019324176,167.18974024626417,25433481
2019-11-15,165.56893920898438,170.33315056938451,164.39016603676754,166.01097727495141,29614682
2019-11-18,167.0915069580078,169.05613365950626,166.25653461430608,169.05613365950626,19053232
2019-11-19,164.7830810546875,168.71233485032835,164.14458330846136,167.7791400716464,19599195
2019-11-20,164.4392547607422,167.1897352383196,163.26048169575552,164.78307044128164,19504078
2019-11-21,161.2467498779297,167.0915270073326,160.11709538458564,163.99723058784033,21609120
2019-11-22,159.4785919189453,162.32729488043444,157.71042474092187,161.98347918315557,21200979
2019-11-25,163.16226196289062,163.65341866357494,157.0719068832749,157.85776060215238,26131453
2019-11-26,160.510009765625,164.34104116698194,159.67505233671477,163.7025284389657,25520822
2019-11-27,162.96578979492188,166.30566440422916,162.0817137156744,162.37641073839464,29527702
2019-11-28,161.88525390625,163.35872402981008,160.6573621366166,162.81844865338874,16609775
2019-11-29,158.64361572265625,164.78307453545256,157.75953964917883,161.88525297359533,20010205
2019-12-02,158.2015838623047,160.11709208889832,156.13871962510308,158.1033465218994,19441998
2019-12-03,155.4019775390625,160.06796620878447,154.6161238179583,160.06796620878447,21156471
2019-12-04,166.4038848876953,167.3370946140034,154.91082104171082,155.69667476385357,72084687
2019-12-05,163.16226196289062,169.15436471789133,162.2781709083111,167.3370939187072,31787128
2019-12-06,158.64361572265625,165.0286528879644,157.21926427587013,164.046339477917,27727162
2019-12-09,157.6613006591797,163.50606238988382,156.92456560937043,159.13477075879817,30920409
2019-12-10,156.87545776367188,160.36267357111757,156.23696000535554,159.28212276129022,26259395
2019-12-11,158.9383087158203,160.11708178022346,154.6161208277918,157.56306098325604,21154277
2019-12-12,170.28402709960938,171.8066008178032,159.6259211387783,160.55911583380714,66138915
2019-12-13,173.5747833251953,180.69655582571366,172.39601018496123,174.1150587195691,93019636
2019-12-16,171.855712890625,175.63762518039016,170.28402056690177,173.8694582009037,26249975
2019-12-17,177.01287841796875,177.94607318569638,172.24866724002723,172.88716497875836,38213263
2019-12-18,171.70838928222656,181.23682648443878,167.43531989800374,178.8792802655724,63861334
2019-12-19,175.98143005371094,177.01286206545785,170.92252231411658,171.56101999386308,53466924
2019-12-20,172.83804321289062,178.48634537663813,171.7575074444782,177.20933493313865,48818008
2019-12-23,172.93629455566406,175.83411638091866,171.06988991357937,173.72214835291476,27192195
2019-12-24,172.39599609375,174.85177951388889,171.56102373533778,174.50796383950447,20560311
2019-12-26,171.51193237304688,173.32920324108673,171.02077565375282,172.78892785208055,18785333
2019-12-27,173.0345001220703,173.8203538430667,171.75750468797833,172.88715910703291,12095797
2019-12-30,180.4509735107422,181.0894862315292,173.18186014777143,174.06593623635237,40948394
2019-12-31,181.87533569335938,184.57669777623568,178.33901614185172,180.74568118154045,52869996
2020-01-01,181.18771362304688,183.3979188949193,180.35275618035445,181.87533004317996,25968357
2020-01-02,190.32321166992188,191.25640635516615,181.33505050791368,181.72796985257057,57289863
2020-01-03,187.7200927734375,192.189606657971,185.902807026229,189.4882448649875,47572728
2020-01-06,182.36648559570312,187.62186853720607,181.77710652034807,187.62186853720607,28621212
2020-01-07,181.4332733154297,186.05014307710636,179.0757272636112,183.69259702528788,34995035
2020-01-08,179.32131958007812,180.94213074343244,177.01287702483927,177.01287702483927,21862695
2020-01-09,188.60418701171875,189.34092211723328,180.99125758806866,181.5806516680459,40803142
2020-01-10,192.8772430419922,195.4803675693352,186.63954692549592,188.60417373523796,60252338
2020-01-13,192.7790069580078,194.2524770748843,188.01478091787524,191.30553684113133,40535961
2020-01-14,192.38609313964844,194.74363939910367,190.17588790056655,192.2387371303615,29867542
2020-01-15,196.80650329589844,198.13261744383033,190.56880696912705,191.55112040711225,38485962
2020-01-16,194.0560302734375,197.05208937443848,193.41751752038678,195.97153855476137,28118140
2020-01-17,193.81044006347656,195.92240791327995,192.23873260159039,193.7613213948714,18204088
2020-01-20,191.55111694335938,197.88703550601093,190.8635005469864,194.49805720402645,28976013
2020-01-21,188.01478576660156,192.9263529495213,186.83601264048352,192.04227685216114,20859400
2020-01-22,182.3173828125,189.0953396404089,180.99125365581992,188.55506424365353,32952072
2020-01-23,185.06785583496094,187.03248281829985,180.54922276663004,183.44704456927207,33032086
2020-01-24,183.2014617919922,187.62187239823328,181.72799158991182,184.67493199407255,21791825
2020-01-27,178.97750854492188,183.5943787867149,177.65139437371116,182.415605638223,30132428
2020-01-28,172.9853973388672,181.04036429574145,171.8066092568113,180.6474299387518,38283588
2020-01-29,184.7240447998047,185.55900222778985,175.3920671496095,175.63764550882516,61585660
2020-01-30,182.90675354003906,189.14444967532054,180.99124539255448,187.5727422272284,70900581
2020-01-31,173.4765625,185.0187456196325,172.8380497596082,183.00500003502026,75621897
2020-02-03,160.95205688476562,165.32334852510903,156.72810625913095,160.6082411985613,66616190
2020-02-04,162.7693328857422,165.61805083541026,158.34892243628013,163.6043052995393,49034642
2020-02-05,180.50009155273438,181.6788646630512,163.65342233671117,164.4392610843135,92982265
2020-02-06,175.68675231933594,180.1562661642314,172.64157487505025,178.78103344101933,61821140
2020-02-07,170.52960205078125,174.9991157627117,169.94020805041728,174.2623807567128,45195760
2020-02-10,165.9127197265625,170.13667015243936,165.0286437022937,170.13667015243936,33279372
2020-02-11,166.74769592285156,172.05218216872038,165.42156686692806,168.81056001230758,42868276
2020-02-12,167.9264678955078,170.234910314584,166.0109598184619,169.94021330528943,34621395
2020-02-13,166.5021209716797,169.30172015172442,165.12688820995666,168.3194067536614,25049848
2020-02-14,166.1092071533203,173.0836235190501,165.3233534108528,168.95791010723744,56676430
2020-02-17,166.1092071533203,168.3194123727464,163.40784521846624,167.38620262230242,32893274
2020-02-18,158.74185180664062,165.02865158577148,155.79491159975186,165.02865158577148,52744122
2020-02-19,155.254638671875,161.68879455586648,150.34307158316597,159.96974607481832,78914233
2020-02-20,155.69667053222656,159.42946436926752,153.240887085346,155.1563951761303,54328194
2020-02-24,147.98550415039062,153.14264937618728,146.95408709636138,151.27625995670212,39706007
2020-02-25,147.24876403808594,150.68686073667018,144.84209934685938,149.50808772350942,52719851
2020-02-26,141.993408203125,145.2841491747573,141.15843579853484,144.3018357523751,47605927
2020-02-27,142.68101501464844,144.15448504922313,138.6044205812234,141.6004643270621,51328153
2020-02-28,126.6693115234375,137.1309583582045,124.80292203555709,136.39422329894964,94469619
2020-03-02,123.18209838867188,131.53175455899338,121.61039849184024,130.64767851946428,111585697
2020-03-03,128.0445556640625,129.07597272664864,123.03475140758957,125.24495652269597,86765576
2020-03-04,123.96794891357422,127.30782348931994,118.41788416191943,127.30782348931994,97546902
2020-03-05,123.52590942382812,126.86576897133267,122.05243933129736,125.29407653264761,87795649
2020-03-06,112.18019104003906,115.22536867761187,110.80495822953658,112.96604478414625,83971462
2020-03-09,103.83052825927734,107.90713055965215,102.40617676015621,107.072165629324,81549809
2020-03-11,97.15080261230469,104.6163834032206,96.07025930609238,102.99556469667368,111146790
2020-03-12,86.44358825683594,93.22155292586567,82.61256409656198,89.48875861699211,143550830
2020-03-13,88.16262817382812,92.48480865840014,76.66956432332339,80.45146943690271,106151311
2020-03-16,81.48289489746094,86.09977245149048,80.74615983511697,84.08602694996763,73702778
2020-03-17,76.57132720947266,83.496639738508,76.031059331368,81.58113158934837,71842549
2020-03-18,74.16466522216797,79.02711378530883,73.77173834461611,78.48684588632474,70105052
2020-03-19,71.65975952148438,75.14697508874465,67.5340462398849,68.761937989701,68122549
2020-03-20,75.93283081054688,78.19214719316598,71.36507188178034,72.69119350769148,86043342
2020-03-23,65.0291519165039,70.72657332067453,64.83269221061832,68.76194628398913,34184325
2020-03-24,67.33759307861328,70.2354148910193,62.376906931184976,68.66371479794388,49551990
2020-03-25,69.00752258300781,70.43187414387778,66.06058211682954,66.55173886119259,57713806
2020-03-26,69.54779052734375,72.20003366416312,67.09200706937902,70.1862882308495,63821068
2020-03-27,69.44955444335938,74.55758862453028,68.12343285108318,70.77568353009207,58814757
2020-03-30,66.94465637207031,68.76193457259775,66.06057285724569,67.58316154913565,35278010
2020-03-31,69.79336547851562,70.2354034816668,66.99376647703824,69.35131998090846,46157286
2020-04-01,66.7481918334961,70.3827558721233,66.35527247317437,69.25309397505733,38149007
2020-04-03,64.14506530761719,65.71676518232067,63.65390862836883,65.71676518232067,35346301
2020-04-07,66.06057739257812,68.07432289823862,65.7167691950025,67.33758783438087,42066469
2020-04-08,66.40438079833984,70.33363418870854,64.2432944314195,65.32383761487966,82179303
2020-04-09,73.28057861328125,74.90139723261605,67.87785487846959,68.3690115816343,112677273
2020-04-13,72.936767578125,76.22751586221986,71.41417885985639,74.65581597222223,70409900
2020-04-15,71.61064910888672,77.3080623918832,70.67744687243918,74.06643263460673,81121081
2020-04-16,73.32969665527344,74.06643170373006,69.74425125389327,70.48098630234989,47910164
2020-04-17,75.49078369140625,76.91514262563295,73.378808371316,76.91514262563295,58333485
2020-04-20,79.02710723876953,81.92493616301105,74.1646590784298,75.4907806226628,125425355
2020-04-21,73.32969665527344,76.62044503948837,72.69119144771975,76.62044503948837,58248325
2020-04-22,74.55758666992188,75.19609186263618,71.26683836218662,73.13322777933513,56529293
2020-04-23,74.31201171875,77.25895197862543,74.06643336376038,75.39255498181299,50366856
2020-04-24,72.88765716552734,75.5399080562843,72.6911974674522,73.67351094674208,40047438
2020-04-27,73.91908264160156,74.85227736487576,73.4770446136204,74.55758784437378,27835340
2020-04-28,75.58901977539062,76.81691163330443,73.8699711743113,74.31201673983456,34825405
2020-04-29,76.76779174804688,77.89745362808374,75.19609184708338,76.08016788893664,40784783
2020-04-30,91.6007308959961,92.09188763002288,84.42983958142219,84.42983958142219,170634033
2020-05-04,82.41609191894531,85.65772149123681,80.05853836989759,85.46126181817289,91159477
2020-05-05,79.46915435791016,85.26480482921443,78.9779976653328,84.4789511233081,57122148
2020-05-06,81.72846984863281,82.46520488030121,78.92887822718413,80.10765877452735,53739248
2020-05-07,81.04086303710938,83.15283854242246,80.64793614167438,81.43378993254437,31159970
2020-05-08,79.61650848388672,83.44752496081726,79.12535175664364,83.00548690408125,35362751
2020-05-11,84.57717895507812,89.04670774920857,79.96030915223741,80.00942032365543,152588401
2020-05-12,84.6754150390625,86.14888519051573,82.0231717642294,84.42983668048696,77551590
2020-05-13,85.65772247314453,90.86398630803612,84.72452777370935,90.86398630803612,68086031
2020-05-14,82.31787109375,83.79134128639858,81.08997926654285,82.4652121174493,46340453
2020-05-15,82.8581314086914,83.84044478044697,81.33555017914402,83.2019395899146,38592209
2020-05-18,79.22357177734375,83.00547660916604,78.19213978027587,83.00547660916604,44221170
2020-05-19,80.3532485961914,84.13515413341084,80.05855154364657,81.04086505951953,65378983
2020-05-20,81.97406005859375,82.90726239713226,79.27269788477666,79.81297331732303,36351053
2020-05-21,82.61255645751953,83.69309971192253,81.43378336079927,81.63024304543379,37290144
2020-05-22,81.33555603027344,82.4160993180456,80.54970227855361,81.92494259683491,29252676
2020-05-26,81.6302490234375,84.18426258300643,81.13909228142589,82.41610280843892,38014864
2020-05-27,83.05460357666016,84.47895505361872,82.51432819190666,82.61255803610092,57947903
2020-05-28,85.46126556396484,86.59092746973613,83.0546007383944,84.47895216667789,96179680
2020-05-29,85.46126556396484,85.95242226260832,83.1528305792318,84.03691413568134,80813537
2020-06-01,87.9661636352539,89.58697466986018,86.44357494246218,87.3276584578104,71070852
2020-06-02,94.79324340820312,95.57909712854078,88.16262793664488,88.40820628744333,125407771
2020-06-03,97.00345611572266,99.65569951300262,95.67733441708268,98.23134796528876,90598067
2020-06-04,96.75787353515625,99.6065840010725,95.08794369020022,97.24903025360882,72078707
2020-06-05,108.79120635986328,110.46113610078747,97.29814286184083,98.67337559226955,187209208
2020-06-08,113.4080810546875,117.04264519617861,111.34522437679071,111.98372959706883,136943010
2020-06-09,109.47882843017578,115.81475453035209,108.30005531567895,115.37270899157328,79473751
2020-06-10,109.4297103881836,111.00141027369871,106.58100013005584,109.03678354319077,84038431
2020-06-11,104.27256774902344,109.18413469439001,103.14290585269785,107.95624295804836,55485897
2020-06-12,103.43760681152344,104.37080156894545,96.26671580006263,96.26671580006263,92989560
2020-06-15,98.72249603271484,102.79909811405157,98.28045800348526,102.79909811405157,69318356
2020-06-16,93.0741958618164,101.66943822372556,90.37283397664496,100.19596810454114,215476711
2020-06-17,93.71269989013672,94.69501329046423,90.17637314784893,91.35514623045937,110830038
2020-06-18,94.6458969116211,95.48086182320134,92.48481037641854,93.31977528799877,58964344
2020-06-19,100.68712615966797,102.06236645488649,93.90916202173557,94.7932456039801,135462757
2020-06-22,100.83448028564453,103.04468561706386,99.21366154371228,100.53978324367246,68545834
2020-06-23,102.55352020263672,104.12522013981815,100.09773670877308,101.17827994718179,68638552
2020-06-24,102.94644927978516,108.84032979211355,102.35705523298702,103.38848732042713,125457492
2020-06-25,101.9641342163086,104.41991772349853,99.85215890123395,102.01324538977849,63198285
2020-06-26,99.60658264160156,104.1743415597592,98.57515054914587,103.53583633559408,56327855
2020-06-29,97.69107055664062,99.60658629947996,96.31583770880555,99.60658629947996,43274006
2020-06-30,96.51229095458984,100.4906631978288,95.57909622812956,99.95038783337931,50764363
2020-07-01,98.96807098388672,99.65568733785334,96.46316891901829,97.249022604514,50857376
2020-07-02,99.75393676757812,101.12916964230013,98.62427476809326,98.96808298677377,48083736
2020-07-03,101.62032318115234,104.46903367877655,100.29420152546119,101.03093661134037,87310642
2020-07-06,107.0721664428711,107.95625005000636,102.65175590165165,103.14291262845381,91970198
2020-07-07,107.12127685546875,110.6084848502648,106.13896347758993,107.85801188887788,85835716
2020-07-08,103.4867172241211,108.88944103025842,102.3570552930374,107.56331941309786,55887256
2020-07-09,105.05841064453125,107.02303736061005,102.79909441771433,104.41991295737057,54492650
2020-07-10,105.6969223022461,106.67923572047228,103.53583577993115,104.81283872695121,64694173
2020-07-13,106.08984375,110.11732706013653,104.96018187784486,106.92480861395597,81893001
2020-07-14,103.29025268554688,105.6478062799966,102.25882064595753,105.00930108855826,46924623
2020-07-15,101.37474060058594,104.91107486121054,100.6871242134959,104.91107486121054,49687046
2020-07-16,101.12915802001953,102.11147138590395,98.82072310908237,102.11147138590395,44333785
2020-07-17,104.51815032958984,105.05841821878879,101.47298019901534,101.81678840022498,42080157
2020-07-20,103.19202423095703,104.4690271365024,102.01324367069626,104.4690271365024,39786731
2020-07-21,106.53189086914062,107.75978268411208,103.63406918359074,104.12522590957933,66008143
2020-07-22,103.29025268554688,107.80889270314269,102.4061691508212,106.58100098670599,50735592
2020-07-23,104.17434692382812,104.56726631789397,102.84821773825625,103.58495284381527,30722413
2020-07-24,101.9150161743164,103.6340646399073,100.88358409717927,102.84821091499741,39363520
2020-07-27,99.9012680053711,102.65174847423357,99.50834864792475,102.16059178296929,29644533
2020-07-28,104.5672607421875,105.30399580846253,100.19596901340493,100.49066603769761,64271161
2020-07-29,103.87964630126953,106.82658662187292,102.99556270619716,106.18808138685083,44561639
2020-07-30,101.81678771972656,104.86195782994848,101.03093398410822,104.5181496310367,33378340
2020-07-31,102.79910278320312,103.535837861686,100.4906677028481,102.1605975496266,33809018
2020-08-03,111.050537109375,112.37665875113512,101.08005421965957,101.17828406452018,194765344
2020-08-04,109.47882843017578,113.06427393725059,108.8403306982564,110.95229857052514,95906477
2020-08-05,113.35897064208984,115.56917584635498,110.01910350119786,110.41203036973633,99371050
2020-08-06,114.73421478271484,115.6182908985058,113.45720429075047,114.14482071291164,60092530
2020-08-07,116.99352264404297,117.58290917609845,113.94835264970925,114.93066603462053,56489390
2020-08-10,121.65951538085938,122.49448028768293,117.58291319524245,117.82849154986447,71093810
2020-08-11,120.13693237304688,123.57502928893751,119.25284881006941,122.78917556752276,50224665
2020-08-12,123.13298034667969,124.16441239063572,118.46699180446619,118.85991865428069,50713617
2020-08-13,128.8303985595703,129.56713362183757,122.19979049362155,123.8697203036447,95489249
2020-08-14,122.39624786376953,130.30386621917768,121.51216430688149,128.83039612251642,75032834
2020-08-17,121.36482238769531,124.01706554412371,118.46699338919838,122.29801711083883,61154250
2020-08-18,123.3785629272461,125.24495990710605,121.41393610517385,121.8068629684796,62153763
2020-08-19,122.93653106689453,125.34319604707107,122.54360418384653,124.75380946972753,45128613
2020-08-20,119.54754638671875,123.42768909266807,118.95815980318862,121.26659496044823,43530882
2020-08-21,118.7616958618164,122.00332570259192,118.02496078512333,122.00332570259192,48650204
2020-08-24,119.05638122558594,120.82454834549776,118.66346186067797,119.84223494431485,31294253
2020-08-25,124.85203552246094,126.07993480508989,118.95815493923425,119.64577883728472,90263366
2020-08-26,135.46102905273438,136.54157992540786,126.0799468835235,128.19191496594047,197510376
2020-08-27,141.69871520996094,144.2527361763819,136.83626662861505,137.622120386661,181380747
2020-08-28,140.2743682861328,143.61422813076592,138.0150442788037,141.60048249403968,95194825
2020-08-31,140.66726684570312,145.3332551959584,135.75570016122387,141.94427718145013,160564488
2020-09-01,141.2566680908203,142.58278217032105,137.91679358066926,140.86373374255461,58811543
2020-09-02,147.6417236328125,148.9678378787005,138.94824306891655,141.74784256953785,74947929
2020-09-03,149.16429138183594,152.45503218133666,146.9049676307546,148.91871303908607,110156350
2020-09-04,145.18592834472656,150.9324529324314,144.400074600817,145.28415069464435,95560889
2020-09-07,146.7576141357422,149.31163493948264,145.38238138844363,147.34700816396315,82617101
2020-09-08,139.783203125,146.95409411244316,138.7026523638694,146.80673810560899,76286731
2020-09-09,137.6221160888672,139.24292723572836,133.29992804904865,138.50619217098904,105355010
2020-09-10,140.76551818847656,141.94429131231865,135.55925398685105,140.2743614711329,79606504
2020-09-11,141.74781799316406,144.2036013437424,139.1446786482038,140.56904498266888,65135339
2020-09-14,145.9226531982422,148.42755527385148,142.92659444070608,144.5965241614748,84505930
2020-09-15,145.7753143310547,146.7576278103446,143.95804338771688,146.7576278103446,42886817
2020-09-16,148.7713623046875,151.57096150667095,145.92265942354646,146.56115714172574,85056501
2020-09-17,145.03857421875,148.32933025642828,143.61422272069285,148.13287056512965,48119360
2020-09-18,145.2841339111328,147.83815453656507,143.66332293005078,146.069987564259,46270863
2020-09-21,135.0189666748047,145.13679715623678,133.10345864412918,145.13679715623678,64734493
2020-09-22,130.7459259033203,135.70659682379087,127.35693251713485,135.55925580218008,87298020
2020-09-23,129.0759735107422,134.28223747795724,125.63788413859224,133.10346440718905,74981613
2020-09-24,120.62808990478516,126.52197037255401,119.98958468855221,125.63788680349737,62420957
2020-09-25,124.99938201904297,126.079932770765,120.9227798491966,121.51216639911806,65040759
2020-09-28,130.50033569335938,131.92468706563187,125.24495322897096,126.62018593552806,61830817
2020-09-29,129.3706817626953,133.59463270634038,128.3883682869134,132.56320055898655,63366932
2020-09-30,130.94236755371094,132.02290320411132,127.99542761621818,129.22331925684017,48859088
2020-10-01,131.1388397216797,134.0857799401444,130.20564498361514,133.49638590088622,40491744
2020-10-05,131.53175354003906,135.06808764858516,129.7144828086601,134.52781230020835,55268322
2020-10-06,142.18988037109375,143.2213125529157,133.59463717076858,135.55926418798575,161987221
2020-10-07,138.5061798095703,141.94427647151,137.32740680897336,141.69869813851432,68273641
2020-10-08,138.4570770263672,140.96197930802066,137.13096286943087,140.32348156456024,40900948
2020-10-09,136.0012969970703,140.12701057551274,135.5592589331147,138.653540369718,37097190
2020-10-12,133.4963836669922,137.1800588784314,130.64768083237763,137.1800588784314,39279109
2020-10-13,131.7282257080078,134.6751657463175,130.50033402537878,133.0052210668123,38973506
2020-10-14,128.3883514404297,132.26848616285335,126.52196207690807,131.38441014621935,45791440
2020-10-15,124.7046890258789,131.97381752277258,124.26265097277036,129.17421820489568,64002864
2020-10-16,125.49053955078125,127.74986341718855,123.77149106378425,127.11135070009882,62553775
2020-10-19,125.98169708251953,128.0936649561738,125.53965903790741,127.50428589299543,33157664
2020-10-20,127.35693359375,127.99544633359312,124.11530368514268,125.83435972785492,27465829
2020-10-21,127.9463119506836,130.74591095246296,126.03080394421391,128.7321656168771,39252663
2020-10-22,131.1388397216797,132.2193904640153,126.17815402281481,127.40604578050844,48808592
2020-10-23,134.57693481445312,136.44332426521981,131.72823197088022,132.5140706939949,68711352
2020-10-26,131.33531188964844,138.3097437318916,128.92864681357787,135.95218233966605,88531579
2020-10-27,133.25082397460938,134.3313748501399,128.53573103498684,131.7773536837486,56856159
2020-10-28,132.4158477783203,140.71639291403585,131.13883737538418,136.54156101257232,152359338
2020-10-29,129.56712341308594,130.6476740815053,127.70073406462926,129.66536074254662,66632704
2020-10-30,130.30386352539062,132.12114926926904,127.9954360816915,130.84413888077984,51128530
2020-11-02,130.50033569335938,131.62999006025183,128.78128731570683,131.28617438915637,40388690
2020-11-03,131.7282257080078,134.96984775901876,131.18795036986862,132.61230172393587,52071476
2020-11-04,133.4963836669922,134.57693439124614,131.62999422209478,133.20170164120728,44675934
2020-11-05,135.21543884277344,135.55925454188713,133.59462766446848,134.5769411031778,38928602
2020-11-06,136.54156494140625,139.78320221477622,135.21543583310068,135.21543583310068,67966815
2020-11-09,138.5061798095703,138.9973364755617,136.24685614822755,138.11326047234198,40277460
2020-11-10,143.41773986816406,144.10535617111958,140.22522168616726,141.50223195674823,68794369
2020-11-11,148.28021240234375,148.8204877980733,143.07394811525546,143.90892054401147,78583629
2020-11-12,148.52577209472656,151.1289114055019,147.34699909971124,148.2801937628937,56145517
2020-11-13,143.76158142089844,147.34701956815806,142.77926795711073,147.34701956815806,32566537
2020-11-14,146.2173614501953,148.1328696592418,145.38238903114024,146.07000544093722,11749453
2020-11-17,155.2055206298828,156.5316497447541,149.50809978619307,149.80279681048816,82644841
2020-11-18,170.43138122558594,175.6376454365998,155.74579834831096,156.04049537703128,171801183
2020-11-19,164.9795379638672,173.2309797888786,163.60430515415536,168.3685163076605,109449407
2020-11-20,166.1092071533203,168.5158720611349,162.62199147599873,167.04240191485087,66935703
2020-11-23,167.68089294433594,170.82429279959834,162.6219849732818,166.50211987222661,54566251
2020-11-24,169.00701904296875,172.3959971864585,168.07382433518353,168.8105593658949,47695247
2020-11-25,168.41763305664062,173.67301585530402,166.25654652791567,171.90484869946965,54366608
2020-11-26,170.6769561767578,171.9048479478136,168.0247129490599,168.56498832610708,39094724
2020-11-27,177.1602325439453,180.59832953823047,171.56103401926447,171.56103401926447,125926062
2020-12-01,176.57083129882812,179.1739557786004,174.95002020597562,179.12485210038463,48881250
2020-12-02,180.35275268554688,184.0364280672867,177.89696909772033,180.74567206403373,88107889
2020-12-03,181.5806427001953,182.7102971439609,180.0089352238217,181.72798371845576,33332481
2020-12-04,180.89300537109375,185.46077164304566,178.9774972520423,183.20144784079218,47995639
2020-12-07,180.3036346435547,183.152337619783,179.46866222522215,181.18771074268386,29802472
2020-12-08,178.58457946777344,182.4155957397163,175.7849802767216,181.67886068827244,42143391
2020-12-09,179.46864318847656,183.10319952779957,178.43721118962372,179.7633401865648,40300535
2020-12-10,174.45887756347656,179.4686672469094,173.28008941310273,179.4686672469094,38368777
2020-12-11,175.68675231933594,178.24075808943155,173.37830990296655,174.80266129248886,43065542
2020-12-14,174.5079803466797,178.28989316699978,173.57478555653603,177.79873643651217,33186273
2020-12-15,175.73587036132812,176.52172411979012,170.18580535959654,173.32920540453074,41190341
2020-12-16,179.32131958007812,180.5492113671385,176.9146546752225,177.7987307663406,51259394
2020-12-17,178.48634338378906,180.74566722184474,177.45491130675134,180.74566722184474,34101954
2020-12-18,177.356689453125,178.28988419631483,173.52565815473233,177.7004901538196,46065197
2020-12-21,161.63966369628906,174.40973716381012,159.62591834401294,172.88714848336173,75582907
2020-12-22,162.03260803222656,166.20744038674334,153.92852169698816,161.63968862972018,110009846
2020-12-23,166.20742797851562,166.6985846894385,160.51000713402772,162.0817146045462,56930071
2020-12-24,172.83804321289062,174.85178872122674,168.9579082025337,168.9579082025337,73831319
2020-12-28,183.05410766601562,184.0855247425213,175.8340981969983,176.66907058064976,98012135
2020-12-29,180.2053985595703,185.1169657865355,177.89697095624487,184.5766903937866,71318085
2020-12-30,180.89300537109375,182.120897112654,177.20933014641295,179.8615882993134,38576159
2020-12-31,180.59832763671875,184.18376561172843,179.5668955515104,181.58064105331462,48978310
2021-01-01,183.2014617919922,183.69261852601898,181.23683485588504,181.67887291872634,27334421
2021-01-04,187.91656494140625,189.58649479936926,185.4116626600049,188.4077216636844,63980597
2021-01-05,189.78292846679688,190.4705447859152,181.77708098701822,183.7908262700096,75752593
2021-01-06,191.94403076171875,194.10513221480412,187.27804215067937,191.01083603729344,75621947
2021-01-07,193.27017211914062,196.80650654992294,191.64936091523177,193.51575048269734,66024848
2021-01-08,194.64540100097656,197.93615700127782,193.61398388614535,195.23479505709165,53991568
2021-01-11,216.74745178222656,221.4134405628498,196.11886980473446,196.36444816160937,182483100
2021-01-12,233.59413146972656,247.9358982362205,220.13644077505487,222.98514366329383,390577839
2021-01-13,238.3092498779297,244.39959029346372,234.1835213810034,238.60393192292688,164649387
2021-01-14,240.7650146484375,245.3818845215995,234.37997769925892,238.55480955064493,86819519
2021-01-15,255.69618225097656,259.96925180763765,238.30925195459486,241.64911173092008,250038029
2021-01-18,241.5999755859375,257.8081615308633,236.88486831004207,257.02229283114906,173383224
2021-01-19,254.0753631591797,257.07143711309783,246.85536842823868,247.0518281168312,136861059
2021-01-20,270.0379333496094,272.5919540497848,254.2718161065083,255.40147046105966,205145151
2021-01-21,285.46026611328125,293.7116922752828,275.04773858554915,276.0300519376404,283614463
2021-01-22,284.2323913574219,301.47197972260926,273.4269438406414,290.7156658630554,316008609
2021-01-25,274.2127990722656,294.2028841763047,272.4446468179299,291.64886315950906,164346913
2021-01-27,262.76885986328125,270.1362110744013,261.00070756374396,270.03797372935395,126586833
2021-01-28,262.0812072753906,268.564481813531,254.46827830494257,255.45059172048425,129156876
2021-01-29,258.0537109375,273.868930781038,255.99084705161434,268.171525741756,138442348
2021-02-01,274.6548156738281,277.012361692669,250.83371719493724,264.9790232858066,165655500
2021-02-02,316.304931640625,323.033784784446,285.263820552377,288.4072355908683,251965965
2021-02-03,325.145751953125,335.8529625626624,320.4306593842106,333.20073423433337,224190114
2021-02-04,320.3815002441406,328.5838228949304,316.7469587548678,323.1810993495728,121033002
2021-02-05,310.31280517578125,324.1634304733915,307.07118286217803,321.8058842473322,103512235
2021-02-08,330.0082092285156,333.2498315605978,312.3756711459693,313.1124062194268,102123614
2021-02-09,319.3009338378906,332.5130600311438,316.5013648479523,331.03959004577683,105981081
2021-02-10,323.0828857421875,326.7665611572577,313.84914536397713,320.2341827500987,93466949
2021-02-11,319.2518615722656,325.4895577862429,317.6801541043446,320.67622802271865,55257166
2021-02-12,319.6448059082031,324.65461073815493,315.5682108914744,320.62711940514157,64093642
2021-02-15,327.45416259765625,329.860812328601,318.26952674089574,324.0651695347484,78680452
2021-02-16,323.3775939941406,331.923702870829,321.70764916763585,329.5170529477214,65943843
2021-02-17,324.3107604980469,328.338251402362,319.6939055405655,321.1182419728182,52150941
2021-02-18,318.1221923828125,325.88246204714943,315.4208306024669,325.63688370348166,49204247
2021-02-19,306.3344421386719,316.25581355044807,296.0692550386895,316.25581355044807,80274683
2021-02-22,299.11444091796875,308.348181210183,296.8059983504584,306.92384471631743,57723298
2021-02-23,318.26953125,323.0828607579072,303.0436740451389,303.0436740451389,133310157
2021-02-24,315.96112060546875,324.1634440489393,310.90221224693727,319.25187671486447,50821757
2021-02-25,327.2577209472656,328.7803247864652,317.5328237558762,319.59568800322006,64514912
2021-02-26,317.2381286621094,327.06126279033293,313.2106376739725,317.28723234162,91901339
2021-03-01,322.4934997558594,325.98073055614685,316.99256831386606,324.16344464363965,61190868
2021-03-02,339.6348571777344,341.0592235952066,320.6762205975552,325.2439719002589,127708761
2021-03-03,342.3362121582031,350.68587586937883,340.3715854026324,342.4835531693059,92006451
2021-03-04,333.2007141113281,339.2910391468769,331.33429468676695,333.00423944206096,59863169
2021-03-05,319.399169921875,331.87456107385776,314.0455803159194,327.11033547749474,86738909
2021-03-08,315.56817626953125,325.88246685577275,313.16149647494467,325.88246685577275,81925952
2021-03-09,309.62518310546875,322.54259779567013,304.1242222931516,319.25184204365524,74702208
2021-03-10,315.7646789550781,318.71161938404634,311.0986899425451,313.84915568511747,58643853
2021-03-12,311.9336242675781,320.72534164216194,308.5937645308822,319.30097514756653,48360842
2021-03-15,312.9159240722656,314.7332098723114,304.5662601057333,314.3402905047457,45081385
2021-03-16,314.29119873046875,316.206691961593,309.52697252647766,315.3226158566259,39267404
2021-03-17,300.39141845703125,314.3402803904893,298.6232663709648,312.96504765934594,47262481
2021-03-18,301.5702209472656,311.0004358063285,294.4484486284784,305.49947464038956,73731921
2021-03-19,303.4857482910156,305.49947884532827,285.06737135098376,298.13212806931557,109932681
2021-03-22,297.6900329589844,302.0613391260845,294.7922267166636,301.02992215434404,56385019
2021-03-23,301.963134765625,306.727360776453,298.62327518348025,299.60558858868905,60240483
2021-03-24,289.2421875,299.6055816953822,288.01429577174025,298.18121529947075,61523819
2021-03-25,280.4996032714844,288.8001641996464,277.2579807664973,288.8001641996464,84528317
2021-03-26,291.1576843261719,296.0692513019097,285.36204129036645,285.36204129036645,80924011
2021-03-30,291.7961730957031,295.97100489714745,287.5231339400141,295.1851661962408,45257233
2021-03-31,296.4621887207031,302.06138740519884,292.23825285543626,293.71172303790064,58569012
2021-04-01,302.3069763183594,304.3698406413615,297.6900909277274,301.32466282910394,44088352
2021-04-05,299.65472412109375,306.1871329423878,291.9435870527721,301.37377276294393,66178755
2021-04-06,302.3069763183594,308.2499609372233,299.4091395339244,300.735268739985,63031783
2021-04-07,302.3560791015625,305.1556785331717,299.7038506751658,301.32466193204635,39073986
2021-04-08,308.3973083496094,314.14381783986653,302.06137483749717,302.45429420757415,62459774
2021-04-09,312.5721435546875,319.25186284775606,306.9729450459193,307.66057643395277,75462572
2021-04-12,281.4819030761719,302.4051972482931,277.89646503057287,302.4051972482931,105342538
2021-04-13,297.4936218261719,299.1635366342988,275.5880148250382,282.1695266545873,116874853
2021-04-15,298.1321105957031,302.1104677904465,291.255916941107,297.6409539060891,75262749
2021-04-16,304.51715087890625,309.428717828566,294.84135799251135,296.65864375945057,75330709
2021-04-19,296.0692443847656,299.11442183414295,287.62134338830197,289.7824447982665,65791784
2021-04-20,292.77850341796875,302.6998749751241,288.9966207257625,302.25785192194724,56740291
2021-04-22,289.34039306640625,297.1497964009667,287.03198061381596,288.80013270044367,61022978
2021-04-23,288.8001708984375,294.69405193718114,285.36207362583707,285.8532303790657,58158986
2021-04-26,290.1753845214844,293.7117189052061,289.3895457596916,291.74709202289705,30583139
2021-04-27,296.16748046875,297.14979383680554,289.8806809087594,290.47007492515775,35040532
2021-04-28,300.4896545410156,304.02598867627233,297.6409517573845,298.1321084434528,44668126
2021-04-29,296.5604248046875,304.51716975183314,295.92192705722493,303.43661896037406,36647292
2021-04-30,288.6528015136719,295.97101843121266,287.3757760940221,292.92587084258327,36121668
2021-05-03,287.8178405761719,289.5368891120364,279.95933298364844,284.1832688234988,35376618
2021-05-04,284.3306579589844,294.4484751385864,282.9553950603105,291.1086151942984,38640006
2021-05-05,286.3443603515625,288.7019065510015,283.39742010780714,288.30898718073274,29350536
2021-05-06,295.92193603515625,296.65867114561723,285.16559143129473,286.34437959916363,45032502
2021-05-07,297.3953857421875,300.5388006544576,295.18518056326127,297.6409640954015,41591323
2021-05-10,309.2814025878906,310.1163750344757,298.62329542342957,299.1144521593234,53260388
2021-05-11,309.968994140625,315.07703602205896,302.65077699602176,304.07511349796766,58472304
2021-05-12,320.23419189453125,328.829434775136,310.6566355418574,312.6212624859956,111584920
2021-05-14,306.7273864746094,323.6722941341354,304.51718112771465,323.52495310657486,81305325
2021-05-17,315.42083740234375,318.1221992409256,305.89238547148824,309.82163905488005,51162423
2021-05-18,326.57012939453125,330.69582803618215,318.26956847255695,320.1850917554213,86153088
2021-05-19,308.88848876953125,317.2381534304198,306.5800460736022,307.4641222186012,119407026
2021-05-20,302.25787353515625,311.0004576199994,300.68616595210125,310.41106352912516,54043899
2021-05-21,307.5623474121094,310.11636837951454,304.0260129939966,306.4817966207655,40358753
2021-05-24,306.3344421386719,310.21456211178145,304.71363101178684,309.183145024989,31963997
2021-05-25,309.6742858886719,313.35796097854507,308.2990531840175,309.96896790473187,37382263
2021-05-26,309.9198913574219,314.3403018522187,309.23225995598926,310.50928541896025,28639717
2021-05-27,312.9650573730469,317.72928339115066,310.9512969025978,311.44245360595227,49484106
2021-05-28,313.1124267578125,318.7607293581495,310.9022213924632,316.9434433955188,26618815
2021-05-31,313.1124267578125,314.0947402535233,306.58004800690156,313.0633230741585,30917309
2021-06-01,312.4739074707031,319.93949551974555,311.6880387415358,313.5544582371665,32595728
2021-06-02,317.2872314453125,318.66246422381363,310.01811820652694,310.3619338956088,26323777
2021-06-03,319.8903503417969,321.9041107835563,317.9257235563686,319.5465346587818,21408371
2021-06-04,329.02587890625,330.9413720122089,318.51511374004366,319.399189787242,41278749
2021-06-07,339.3892822265625,344.79200596678277,333.7409801345141,333.7409801345141,64986814
2021-06-08,346.51104736328125,350.34206357811104,331.53076820724993,340.12601034595644,44104954
2021-06-09,337.27728271484375,352.55224277259975,333.740948785132,349.90001480868347,59334814
2021-06-10,338.65252685546875,341.6977042310248,336.3440844912009,339.0945798533714,24351860
2021-06-11,344.54644775390625,346.6584157075093,338.2596475752024,339.8804587964406,36441967
2021-06-14,349.6545104980469,351.57000388117206,335.0671486861368,343.8588367301649,38482142
2021-06-15,346.4619445800781,354.36955537698594,345.2831565211658,349.457988427894,35526159
2021-06-16,343.17120361328125,349.70358194334295,341.9433118227499,343.9079386876001,27550588
2021-06-17,339.53662109375,346.6583932517061,336.196761525584,342.23798294676783,29236974
2021-06-18,331.4325256347656,340.76450266644355,323.1810993075838,339.5366109517491,49440514
2021-06-21,328.3873596191406,329.86082972807094,320.43064501317775,325.0475000344638,29123887
2021-06-22,331.9237060546875,338.2105060878928,330.20465753119555,331.13786729222204,26708459
2021-06-23,329.3205871582031,337.1790948308821,328.3873773809414,334.9688895479411,25741628
2021-06-24,328.7311706542969,331.43253248243707,327.4541752357609,329.07498633707985,15580223
2021-06-25,333.64276123046875,336.7370426388838,329.95908574953944,329.95908574953944,22426352
2021-06-28,336.73699951171875,338.89810084154806,331.5798544989126,334.77237284017355,17843975
2021-06-29,335.5091552734375,340.3716189640553,333.5936619845791,336.5897060911112,22462297
2021-06-30,333.5936584472656,339.24196086657446,332.8569233490949,335.95120476584634,18277841
2021-07-01,338.1614074707031,341.2556888637584,335.1653634188839,335.46004546476433,27944816
2021-07-02,338.7999267578125,339.4384245496914,334.477753269137,339.1928461699049,18304387
2021-07-05,339.9786682128906,343.9079217490631,337.915804110835,340.91184794103634,18399524
2021-07-06,311.29510498046875,351.86466567246595,305.990618709481,341.8450571778472,164083830
2021-07-07,311.4916076660156,313.45623460811873,300.83350050954056,310.4110568522933,112183313
2021-07-08,300.9317321777344,309.2322628649054,299.6056030212551,309.2322628649054,87360324
2021-07-09,300.882568359375,303.38748539893874,296.5112919204747,300.39141168234187,48807214
2021-07-12,302.01226806640625,306.4817820637048,300.68613897537307,305.30299398771405,32282319
2021-07-13,305.45037841796875,306.7273739082814,302.69988277893225,304.5171686519367,25736308
2021-07-14,304.0751037597656,307.7587790434544,303.19102768724554,304.5171567849387,21863250
2021-07-15,304.76275634765625,307.3167773843304,302.15963162824596,305.0083347169936,23617599
2021-07-16,305.7450256347656,309.87075363446075,305.0082906332361,305.5976846300245,25148606
2021-07-19,303.38751220703125,304.81184870959066,300.5879129049977,303.4857495466833,21346348
2021-07-20,296.8059997558594,302.55253937262563,295.7254489768203,301.57022593310415,27672567
2021-07-22,297.19891357421875,302.012273320057,295.7254434425115,300.09675015770694,21338361
2021-07-23,290.3227233886719,296.56041968930157,289.78246299117507,295.1851868774512,33435130
2021-07-26,287.96514892578125,291.74706127115735,285.8531812454774,289.7824345959307,27502360
2021-07-27,286.2461242675781,292.38558313561055,283.4956586858302,287.8178317333597,55132877
2021-07-28,279.4190673828125,285.75497102479045,278.58409497106527,284.87089493263386,36139725
2021-07-29,287.7196044921875,290.17538812557564,282.4642215211714,282.4642215211714,57733359
2021-07-30,288.75103759765625,294.6940217110316,288.0634062225334,288.80014127681096,30589609
2021-08-02,291.5997619628906,294.10464934085707,290.3718701152937,293.8590709713377,19273390
2021-08-03,298.3285827636719,299.11442146934144,292.434702537675,293.22054124334454,31063992
2021-08-04,292.8767395019531,301.0299588558447,291.9435597418013,299.3600140545656,26186248
2021-08-05,294.3993225097656,295.5780805411637,287.57223274718274,290.2735944553117,20704901
2021-08-06,294.7431335449219,298.03388954063985,292.385587301572,294.7431335449219,16001898
2021-08-09,292.82763671875,298.8197545808414,290.813876219533,295.4307612881509,16985859
2021-08-10,288.9966125488281,294.890492913703,285.8531976964312,292.63115412047216,15173990
2021-08-11,290.2245178222656,292.53293042386974,281.38369686277935,290.07714682401246,20802022
2021-08-12,300.5879211425781,301.9631540019132,292.04178198170695,292.04178198170695,33652880
2021-08-13,301.8157958984375,305.99062790028734,297.6900675760671,303.3383696962169,34922863
2021-08-16,298.3285827636719,302.4051772577547,297.69005509026215,300.53878784842067,14348786
2021-08-17,292.4347229003906,297.44449745906684,287.6213630650709,297.44449745906684,25539214
2021-08-18,288.1616516113281,292.4838247216409,287.42491653646255,291.6488523078945,18004320
2021-08-20,278.0929260253906,285.55851376672285,276.03006191586354,284.3797257104715,32578752
2021-08-23,272.0517272949219,283.20096118844214,270.1362040387883,282.12044035454943,24498294
2021-08-24,274.8512878417969,276.52123267680184,263.7020543076049,273.5742923640828,37589121
2021-08-25,279.36993408203125,284.08505654261086,277.45444087621223,277.79822659517134,31538128
2021-08-26,279.2716979980469,282.2677719659847,276.66857338695974,279.81198837480304,17864053
2021-08-27,280.6960754394531,281.72749259691824,276.7177178574268,277.8964760405544,13477390
2021-08-30,286.786376953125,288.3089505612119,284.77261672230713,284.9690913713995,17217097
2021-08-31,282.2186279296875,286.78640922358,281.03986983596195,286.5899345523794,36951003
2021-09-01,290.02801513671875,292.1399828330894,282.2186120521533,283.88855672992963,33103168
2021-09-02,287.96514892578125,291.05942994369843,286.5408125729363,290.02801293033406,14907001
2021-09-03,290.3227233886719,291.206829461415,286.83552268956987,287.32667940650407,16594135
2021-09-06,292.1891174316406,293.66258745403354,290.7647510855311,292.238221107924,16622865
2021-09-07,289.3895263671875,292.5329111815419,285.7549548873439,292.09088814933943,14325904
2021-09-08,290.02801513671875,293.5152155206453,286.4425774227187,288.3089667828178,14920479
2021-09-09,293.66259765625,298.1321115549887,288.35808140909035,288.80013442229546,34020970
2021-09-13,295.8728332519531,296.6586720477031,290.27363440429224,293.71173159689806,16339860
2021-09-14,300.6861572265625,301.76670803217087,296.8551407137946,296.9042443958472,23234649
2021-09-15,306.43267822265625,307.4640953052335,300.68613881643415,300.68613881643415,26808872
2021-09-16,306.13800048828125,309.428756754089,302.20874643426106,307.85704913691507,26249369
2021-09-17,303.14190673828125,309.77252187118256,300.5878860248581,306.48176614299257,24972069
2021-09-20,293.66259765625,304.76272688611283,292.0417565930482,299.50734429476785,19632688
2021-09-21,296.60955810546875,297.34629319268765,287.91607808072,293.31880205365877,19439330
2021-09-22,304.6153869628906,308.2499285040222,297.6409559274416,297.7882969397614,29545253
2021-09-23,315.81378173828125,318.2695654220937,307.6605918991552,307.6605918991552,52701665
2021-09-24,312.3265380859375,321.1673581357984,310.4601187598187,319.3500724633177,28901243
2021-09-27,325.78424072265625,327.69976388852086,317.43457662766184,317.43457662766184,56305136
2021-09-28,323.4757995605469,330.0573115134032,318.7607071014861,328.09268465915676,28497009
2021-09-29,324.40899658203125,327.1103584006553,318.2695379033403,319.25185129193085,19740150
2021-09-30,327.45416259765625,331.9236763678569,323.27933084256733,325.39129855840036,30268517
2021-10-01,327.4050598144531,331.3343136014988,319.9395016013281,326.76656206962366,29877695
2021-10-04,335.951171875,337.17906358506946,329.22231930825444,330.8431303699811,29553072
2021-10-05,338.8490295410156,345.2831705139427,332.85691162472466,334.42861910769346,31861985
2021-10-06,330.1064147949219,342.5327036152834,329.07499768881894,340.8627588000602,25272592
2021-10-07,369.8409729003906,376.22600961713044,333.2498009467663,335.0670866232494,163238084
2021-10-08,376.17694091796875,390.5186930483377,373.27910430134074,379.07474755676986,93728117
2021-10-11,408.3968200683594,413.4557283803153,381.1376216152097,383.24958955385216,113404983
2021-10-12,413.4065856933594,427.9939451604991,406.2848137964626,415.5185534327362,97349265
2021-10-13,497.9346618652344,514.5848561891336,454.71287179643343,454.71287179643343,197949387
2021-10-14,488.7991638183594,520.6261126327992,483.2982026704475,520.6261126327992,103630901
2021-10-18,500.5869140625,515.7145344096169,494.6930336692472,498.0328932298586,72322623
2021-10-19,473.3768005371094,508.24895467328616,467.6302614055906,503.3864915671185,57428637
2021-10-20,478.28839111328125,488.2097625037927,462.9151923137069,473.2785867499708,55444814
2021-10-21,499.01519775390625,501.372743873714,477.1587250176377,483.0526053060697,52608672
2021-10-22,482.2176513671875,501.66747504910137,478.77955440086106,500.88160632724515,42742785
2021-10-25,471.4122009277344,487.22745287342497,464.8798227265088,485.16458871045205,33107841
2021-10-26,499.6537170410156,500.97984615876595,474.7029620710267,474.94854042698694,58027770
2021-10-27,489.0938720703125,497.5908776137504,487.2274824677155,496.8050388267079,30361263
2021-10-28,472.5418701171875,485.16460386473693,470.0860865078521,485.16460386473693,25182748
2021-10-29,475.14501953125,482.90528965635224,459.4280046033155,473.47507470402616,31054342
2021-11-01,477.1096496582031,481.03890341704255,461.4908419845549,477.84638473798555,34315690
2021-11-02,479.22161865234375,500.9798553960376,477.8954895101417,497.54175834920204,51580720
2021-11-03,476.3237609863281,486.245132307769,473.0821387620734,475.24321025230125,22950198
2021-11-04,481.03887939453125,484.8207619662897,479.3689346392887,481.13708675133614,5531940
2021-11-08,492.53192138671875,495.9209145295618,481.5791332252984,485.16457105690796,31736426
2021-11-09,500.6360168457031,511.44149419182867,494.5947954489916,496.06826554466886,50458762
2021-11-10,501.716552734375,506.8245942393939,491.3531586925189,497.296142578125,26615777
2021-11-11,494.5456848144531,509.8206459336669,492.1390050342334,500.97982548395015,29256213
2021-11-12,498.0820007324219,500.5377842484634,488.5535786768762,497.9837933740411,20731808
2021-11-15,496.51031494140625,505.7931884675649,495.5771052298234,497.29615366223607,18014977
2021-11-16,509.86981201171875,517.5318453480551,497.24710747373035,497.93470893949797,55897781
2021-11-17,520.7734985351562,527.2076396296076,511.04857141590736,511.04857141590736,48463415
2021-11-18,500.6851501464844,524.7518283587782,492.4336936342944,522.0504665186228,47197742
2021-11-22,477.5025634765625,503.1900536302012,469.9387380877694,503.1900536302012,40044849
2021-11-23,486.7362976074219,490.5182102544273,468.5634994121902,475.83261269471757,27553684
2021-11-24,480.0074462890625,492.92486175577665,476.7166903392283,490.17439617318996,20915837
2021-11-25,484.0349426269531,486.39248886336077,477.8954836895235,482.11941944734434,15336539
2021-11-26,452.0606689453125,478.1410794707687,449.89956732945467,477.4043443714301,51787989
2021-11-29,453.28857421875,462.42407773030965,435.2631155915301,448.91726717525546,42819150
2021-11-30,450.4889221191406,469.54579569792656,447.59108565665304,458.2982955044089,35471800
2021-12-01,466.8444519042969,469.93873317543023,455.3513729225713,459.57533860666535,28256188
2021-12-02,470.6263732910156,471.9525024254849,463.3572598585152,470.9210553307523,21012008
2021-12-03,471.6086730957031,476.1273207672955,468.85817756707786,471.5104357593547,20948900
2021-12-06,458.9368591308594,472.39453550592276,457.75807099125296,471.60869673140365,17473075
2021-12-07,473.2785949707031,476.323772576027,462.6696219988039,468.4161615160104,21280797
2021-12-08,485.16461181640625,487.17837239576244,474.94855782969904,475.93087128953294,20581817
2021-12-09,485.2137451171875,489.6832593649947,480.8915419148531,489.192102635441,16951593
2021-12-10,485.7048645019531,488.01327697110435,477.9445647894157,479.12335284084116,14567815
2021-12-13,486.5889587402344,497.44351004339785,485.4593043024568,490.6164497590219,21921272
2021-12-14,480.74420166015625,483.2491189715813,474.752083554456,483.2491189715813,17722547
2021-12-15,482.9543762207031,488.89739026640086,478.6322032642667,479.17246364213656,16263723
2021-12-16,483.2491149902344,487.7186292083643,478.77957079427694,486.24515902948707,13581352
2021-12-17,461.8837890625,480.20392862708144,459.9191621927792,479.36895621188467,27341178
2021-12-20,439.1432189941406,451.8641902543898,432.2179211128946,451.7659529131168,33007516
2021-12-21,445.577392578125,452.7482688631241,441.8937170938115,444.1039223843996,18838054
2021-12-22,462.178466796875,463.7992779537323,450.04688999378277,450.04688999378277,22730750
2021-12-23,463.9957275390625,469.5457920986383,462.6204948129997,467.5811653534557,12116814
2021-12-24,459.3297424316406,466.50061811369983,451.8641547489195,466.50061811369983,15487368
2021-12-27,462.8169860839844,464.09401158358247,451.9624342154551,457.4633956512107,12557565
2021-12-28,471.7069396972656,474.26093073382026,464.2904550213116,466.79537235338665,22860916
2021-12-29,467.5811767578125,473.0821377740578,465.86212831384995,470.28253859832506,10263884
2021-12-30,462.0802001953125,467.9740803763186,460.3120481321406,464.19216793127475,11923961
2021-12-31,473.8680114746094,475.0467996286017,463.50461636725316,464.33958881151204,15541446
2022-01-03,488.7991638183594,491.99168243356047,483.2982026704475,484.77167280054033,32748423
2022-01-04,480.940673828125,490.17441431463885,475.4888161631794,488.01331272131904,24100985
2022-01-05,481.0879821777344,484.0349223442136,474.9976271758804,478.33751668015066,15420105
2022-01-06,480.20391845703125,484.2314094502277,468.6617358418687,472.9839088681515,16563230
2022-01-07,481.9229736328125,486.7363034330533,475.1941206573956,481.38268326087285,15532165
2022-01-10,494.7912902832031,495.970048421086,482.6105796802909,484.3787618538558,25193771
2022-01-11,492.4336853027344,498.91695960498106,489.33940415192865,494.10363003952494,16269193
2022-01-12,498.27850341796875,502.79715133708805,494.59482793681076,496.9032705672353,16255334
2022-01-13,502.8953552246094,504.7126110254954,486.04865649588095,495.08595173292986,27572553
2022-01-14,500.881591796875,506.2843454221971,496.70675988744597,499.99751574103163,12655602
2022-01-17,515.7145385742188,517.5809580294149,502.9444642857143,505.6949298336463,27942414
2022-01-18,501.76568603515625,519.15264566737,498.18024802563946,518.5632815940015,19353195
2022-01-19,511.6379089355469,512.9640679951222,495.87179090204285,500.9798325584753,21799071
2022-01-20,506.57904052734375,513.9463911459623,502.94446889769466,510.7538725445609,18364451
2022-01-21,492.9739990234375,504.76173016214847,485.50841098739824,501.37276682783994,17946821
2022-01-24,469.9878845214844,495.3806633501944,464.9780799055723,490.86204543959497,25228959
2022-01-25,481.87384033203125,483.7893635086276,459.378868816231,465.42009040559566,22565698
2022-01-27,485.6557312011719,493.8089502775373,468.1705649518047,472.24715950107463,26676094
2022-01-28,488.50445556640625,500.34135035597444,486.5398287111577,491.64787052593454,21784640
2022-01-31,508.5927734375,510.8029786335104,489.3885580588515,496.06827732677453,27306578
2022-02-01,495.3806457519531,505.6458329828522,484.28051609625277,499.0152173973558,48030231
2022-02-02,497.4435119628906,505.3511530134997,496.2156201827799,499.6046134870162,14311040
2022-02-03,495.5771484375,505.2038085071963,493.9563371983345,500.09579642080104,15249245
2022-02-04,491.7461242675781,498.8187631957007,490.1744167353861,494.8895093541345,12663199
2022-02-07,485.85223388671875,495.4297899359277,483.7893696651699,494.0054234554273,13392910
2022-02-08,484.0349426269531,489.6832448493884,470.6754739835409,489.19208813439406,23378623
2022-02-09,492.38458251953125,494.79126229554487,485.950441861279,487.71859395700204,12430730
2022-02-10,498.4749450683594,501.47098893669414,495.28242652958517,497.73821002094996,14537945
2022-02-11,490.0270690917969,498.0329176902663,488.2097832190579,494.3492422635631,13534899
2022-02-14,463.1116638183594,479.8600952754298,460.5085093294868,478.3866251773476,22157389
2022-02-15,495.0859375,496.55940755208337,459.03502490123117,467.7285042040878,30623088
2022-02-16,489.6341552734375,498.9169994675369,487.8168693800442,495.0859829757898,20176993
2022-02-17,491.10760498046875,502.4533129593889,489.48676385962887,496.9523518268293,27943077
2022-02-18,484.4278259277344,493.75980281766914,482.8070148845211,489.1920517039502,15476803
2022-02-21,485.7048645019531,491.5496111475552,477.5025417535003,481.4808989658666,22592161
2022-02-22,469.7914123535156,477.6990237172111,463.1116928151038,472.0507213209064,27957544
2022-02-23,468.5635070800781,476.8149339135959,466.89356225449006,473.22949588223827,17703998
2022-02-24,420.3810119628906,453.38671668503844,398.2789614911892,447.88578588323014,57265685
2022-02-25,451.61859130859375,457.46336810295674,433.78960887076914,436.98212746077013,48876182
2022-02-28,446.0193786621094,449.2610308061786,432.65994066246446,437.1294545549864,34475468
2022-03-02,439.6835021972656,446.21588058450027,436.6874282154505,444.9388851023018,25791134
2022-03-03,429.36920166015625,450.39070284194685,427.3063374836355,450.39070284194685,29599672
2022-03-04,409.87030029296875,424.2120831232315,407.41451658839736,424.2120831232315,38765185
2022-03-07,387.031494140625,394.6444232766398,380.6464568007416,394.6444232766398,44836205
2022-03-08,384.8212890625,388.45586077164296,369.69366812363654,383.5933972658743,55543383
2022-03-09,398.72100830078125,402.0117642295635,382.61107432477695,387.96469441621565,48376222
2022-03-10,412.1786804199219,427.25719607328904,406.67771976092433,419.44779308675044,59776817
2022-03-11,410.75433349609375,413.70127363354436,400.194464670229,406.2848196120904,51510243
2022-03-14,404.41845703125,411.5893331838958,396.8546315186012,411.34375482280757,40721277
2022-03-15,406.33392333984375,416.69734747784696,400.7838587425282,402.60114448974446,47706136
2022-03-16,417.3849792480469,420.97041734789013,413.25928074139625,419.4969471716947,27191170
2022-03-17,426.1275634765625,427.9939830175811,421.95273130565954,424.3594112541346,26704541
2022-03-21,420.3810119628906,428.58330448901796,419.54603961617255,427.7974657967095,18270995
2022-03-22,432.56170654296875,433.6422572656876,413.7504111521758,420.5283675360295,30441493
2022-03-23,428.0921630859375,439.094085037745,426.9134050054174,435.6559881750334,25466395
2022-03-24,425.5381774902344,427.6992489866829,419.98808278989895,422.39476261453075,17109723
2022-03-25,424.4576416015625,429.270971441381,420.0863348211545,429.270971441381,15104414
2022-03-28,425.04705810546875,427.2572634527238,418.95670249079006,424.3594266729691,16757901
2022-03-29,426.02935791015625,431.5794229416659,423.7700189743848,428.28866686810005,18710736
2022-03-30,427.94482421875,434.6736769650739,426.5695914623352,430.6953197094052,18149488
2022-03-31,426.0784606933594,430.54797491814713,424.9488062167696,428.2886659649676,14248045
2022-04-01,433.3475646972656,434.42811546844496,423.22974833491986,426.32402965134,19380324
2022-04-04,438.8485107421875,441.54987258783046,433.49489072969186,436.54006826034555,18657201
2022-04-05,449.9486389160156,453.73055148508263,440.3710833077967,442.04102807164213,28530470
2022-04-06,448.082275390625,454.5164464916031,444.5950746251607,447.8366970274845,24974477
2022-04-07,441.54986572265625,450.9800801963915,440.5675523395135,448.42605940465535,19950241
2022-04-08,444.0547790527344,448.18050749643515,441.7463664484391,442.04104848963465,16315704
2022-04-11,444.0547790527344,450.7836321197531,443.02336193072273,448.9172425772512,14339854
2022-04-12,430.5479431152344,442.82686038383935,427.30632094745283,442.82686038383935,22698696
2022-04-13,423.42620849609375,435.0175254080875,422.4930286879573,433.9860782797329,16817981
2022-04-18,426.1275634765625,428.6324807658008,416.1570879345598,422.3947843501803,15298361
2022-04-19,417.4341125488281,432.4634963419841,409.6247086305676,429.02539926714724,12669041
2022-04-20,432.7581481933594,433.8878325642524,420.67570559302607,423.3770673919305,19639290
2022-04-21,440.1255187988281,441.4025442401095,433.2493248125995,436.63831812551433,14124872
2022-04-22,431.0882263183594,439.3396525905658,430.25325396236514,434.23161110033925,14362036
2022-04-25,417.6305236816406,428.2886297524677,415.6658969396568,425.096111296744,14729009
2022-04-26,427.2080993652344,429.7130165670833,423.9664770779317,426.22578594752736,13577513
2022-04-27,422.6403503417969,425.29260857563025,417.5814422077625,421.6580369185736,13701069
2022-04-28,428.3377685546875,431.43207990931353,423.1806229340808,427.10987674025733,13875650
2022-04-29,429.8603515625,439.8308266169905,428.2886441206206,432.4143724083258,21991752
2022-05-02,425.1943664550781,435.11573791360075,420.921297116556,430.2041708527308,18945234
2022-05-04,416.00970458984375,432.8072689053291,413.25923919525553,430.20414451798234,14934742
2022-05-05,418.76019287109375,426.32401808633665,416.20620199845956,421.4124510576922,12240729
2022-05-06,401.3240966796875,412.76807089084133,399.80152301804554,411.4419419073789,25142225
2022-05-09,396.8055114746094,400.19447473118146,388.01379451905973,399.94889638022005,18076956
2022-05-10,384.8212890625,401.2750391372846,382.7093211678692,392.92537492022973,16540303
2022-05-11,381.2849426269531,389.9784222675249,370.8724145255044,388.9961088613095,29215175
2022-05-12,365.71527099609375,377.84684761989485,359.7231831700763,375.2437230757982,33511538
2022-05-13,397.1492919921875,411.933126513508,380.1552823189314,380.1552823189314,71425747
2022-05-16,398.1807556152344,404.6148966030325,389.24169738940134,404.6148966030325,24938704
2022-05-17,416.6482238769531,418.121693981418,397.83692820551676,401.17678778007195,24651585
2022-05-18,407.8074035644531,419.7916390811339,406.7268528247809,416.500883183061,20490516
2022-05-19,391.5992126464844,399.6050604874495,389.1925629154492,392.9253416701862,17706724
2022-05-20,410.60699462890625,413.9468541398921,402.7484875546688,402.7484875546688,23504236
2022-05-23,413.9960021972656,423.52442436954357,412.12958271994773,414.19244689425994,16345308
2022-05-24,418.2199401855469,419.938988677208,408.64238430343516,416.40265435593983,14525617
2022-05-25,409.62469482421875,421.4124558263545,406.1374941855508,420.87219543822056,13540006
2022-05-26,413.2101135253906,415.17474026743724,397.8369152644408,414.5362425718371,17712299
2022-05-27,422.0018615722656,425.5872996475916,417.6796884138798,418.5146308590858,16867431
2022-05-30,434.575439453125,437.32593494266024,428.28863972791345,429.27095312178477,18500266
2022-05-31,435.7051086425781,441.54988552553743,432.6108273424695,436.09805799571876,22308219
2022-06-01,436.7365417480469,438.1117745065381,431.82497476927404,437.22769844592415,11930669
2022-06-02,431.3829040527344,437.7188371865524,427.94480730863995,437.12944317771417,12742438
2022-06-03,424.2611389160156,437.1785537483906,422.8859061922562,437.0312127383137,12780122
2022-06-06,424.7032165527344,426.27492403295673,417.09028748642686,420.33190980740125,11896105
2022-06-07,428.14129638671875,430.44973884533124,421.51068101413574,424.8505405395754,11153869
2022-06-08,427.94482421875,432.6108128415389,424.3593863252247,430.9408980579731,12844475
2022-06-09,420.9212951660156,427.94483003494753,418.5637489832881,424.2611547563651,13043367
2022-06-10,420.4792175292969,421.26508619609046,414.5362337521786,415.51854710230225,11914234
2022-06-13,399.50689697265625,410.75436812546894,398.4263461689282,407.56184937407977,17442641
2022-06-14,397.9842529296875,404.56576445135966,390.6660363637645,395.8722851953023,19626627
2022-06-15,406.7759704589844,409.03527920744835,400.24359257702764,402.74847966675185,15192826
2022-06-16,386.0000915527344,413.455735161016,383.2004921566074,412.5716590300886,22261032
2022-06-17,382.07080078125,387.47352436614693,375.88220850640016,381.0884874021778,24824899
2022-06-20,375.9313659667969,386.0000787398582,369.98835166039123,383.64250249853825,17049013
2022-06-21,390.5678405761719,391.94307343476333,380.1553118277028,382.1199387622129,14743366
2022-06-22,386.14739990234375,389.9784161307329,383.5933790908091,389.3890221007133,12426604
2022-06-23,399.9980163574219,402.65024447040514,387.5717282414841,389.2907766394237,26514004
2022-06-24,402.0608825683594,405.5481132979979,398.9666012004692,402.74851397359157,14806456
2022-06-27,407.1689453125,412.03140912340695,405.0569772853351,410.16498949314916,12018949
2022-06-28,409.72296142578125,410.8035122570536,401.9135572129519,404.02552521444915,13238339
2022-06-29,409.5755615234375,412.47336790686,404.27104547384516,404.76220214674635,13104313
2022-06-30,404.5166320800781,416.50086713499815,402.7484800126161,410.9016689583269,20121916
2022-07-01,405.4007568359375,407.2671463218482,395.1846733761238,403.38699635607026,14725989
2022-07-04,401.22589111328125,407.5617940969331,397.8368981380131,404.27103845010333,11525133
2022-07-05,404.713134765625,411.3928541249948,402.94498257574094,407.6600750673165,16771012
2022-07-06,408.9861755371094,409.91935524721873,403.38697736515365,406.67773313366007,12196920
2022-07-07,423.229736328125,425.2926004731584,411.88399851935424,412.47339255762466,17616800
2022-07-08,433.740478515625,435.99981736782996,421.70713912323964,428.5342293818868,23730027
2022-07-11,429.320068359375,433.39669303596094,425.78376402848716,430.3023817796942,12619654
2022-07-12,422.93499755859375,427.30630392319057,420.5774515325134,425.3416772384862,9518822
2022-07-13,419.54608154296875,428.14132425202934,418.12171504576486,425.047042872333,10181698
2022-07-14,420.4792175292969,423.6226322408223,415.8132291162096,420.43011385292044,10744547
2022-07-15,432.41436767578125,433.936941444104,422.1000770472287,423.03325678406895,15774084
2022-07-18,442.9251403808594,445.7738434660026,435.3613446015362,436.09807970861607,21185764
2022-07-19,441.10784912109375,443.8583448076329,436.58923116790066,438.84854014449724,11553440
2022-07-20,445.4300231933594,452.6008990217819,443.7600784223331,446.3140992577391,17154184
2022-07-21,446.8052673339844,447.4437650646364,442.1392785654728,444.9388778221451,10931800
2022-07-22,446.8543701171875,451.81507088992305,444.30034922187906,448.524314927381,10340910
2022-07-25,441.5989685058594,449.50660921083016,438.4064500171146,447.9349018054215,12505062
2022-07-26,433.3475646972656,440.7640490984033,431.9723318875041,440.7640490984033,11563528
2022-07-27,436.1962585449219,437.1294682773186,428.38688490733745,433.34755564609566,10081023
2022-07-28,434.4281005859375,441.30429437700946,419.8407406193126,432.4634737884884,36380444
2022-07-29,441.64813232421875,444.6933100093279,437.2768254884203,437.2768254884203,16004096
2022-08-01,470.7245788574219,472.4927309321502,443.07243351187697,443.9565395270662,43084536
2022-08-02,467.8267517089844,471.4121895847847,460.95055798307806,470.4298761953695,19065689
2022-08-03,459.52618408203125,467.82674407833065,451.4712324069052,466.5988523615896,19125906
2022-08-04,460.60675048828125,465.5674511796974,448.37696655937896,464.78158246750144,18540405
2022-08-05,457.0213317871094,464.53602367047216,455.79343997682696,460.60676987756847,11917799
2022-08-08,459.9682312011719,463.5536689725782,456.23545242120844,457.7580261393403,10561754
2022-08-10,467.1391296386719,468.75997074571296,455.1549240360845,461.6873022100875,13360759
2022-08-11,468.2196960449219,476.4220192796315,467.1882789221484,474.0153393560571,12777503
2022-08-12,469.1037292480469,472.93477530303767,461.68727543170985,467.33557720560844,13482890
2022-08-16,481.18621826171875,482.7087920193127,469.74227330719566,471.11750605241366,16796376
2022-08-17,476.81494140625,485.6557624334777,475.6361832559827,482.2176653673336,15948755
2022-08-18,476.22552490234375,478.19015170470954,470.77369751690895,475.4396861725278,12070974
2022-08-19,462.6695861816406,479.4671504016345,459.82088347247776,478.14102138835153,16636593
2022-08-22,446.5596923828125,460.6558961338926,444.54593185961426,460.2138430981638,15050653
2022-08-23,452.30621337890625,453.9270244802894,439.68348029498645,441.0587130483471,17779238
2022-08-24,455.007568359375,456.6774831141005,449.6048447841908,450.8818401835588,12214113
2022-08-25,451.0783386230469,460.5085235599196,449.3101564640131,457.75805794963617,11255809
2022-08-26,456.8248291015625,462.1293453790612,455.74430835701514,456.7757254232924,11252560
2022-08-29,445.331787109375,448.81898769782777,442.1883722296063,443.023344617466,11647725
2022-08-30,462.76788330078125,464.0448788250327,449.0154946735832,450.5380685661774,14421066
2022-09-01,458.6421203613281,466.0094708596719,453.9761317123771,454.319947397865,13385159
2022-09-02,453.5832214355469,463.4554593099869,452.0115139688459,462.522279548196,10806707
2022-09-05,450.8818664550781,455.74432994719507,448.91723958599283,451.61860153098513,9378108
2022-09-06,449.6539611816406,455.4987379330786,448.5243067613481,454.5164245279849,9805875
2022-09-07,437.9644470214844,448.4260790138657,435.80334549293747,445.1844566988721,20764508
2022-09-08,434.3789978027344,444.545917518235,432.2178963299542,444.4477101604208,19336014
2022-09-09,438.0135498046875,441.69722514501257,432.80730064815873,439.5852572787915,14294289
2022-09-12,443.0233459472656,444.9879727585617,439.09409232467345,439.7817236997575,8962633
2022-09-13,448.72076416015625,450.8327620231649,445.528245503213,446.2649805778922,10661280
2022-09-14,442.23748779296875,446.6578979242621,439.094073041808,439.6834670548787,10360461
2022-09-15,439.33966064453125,447.78756173577653,438.1608725935387,444.3985685725421,10356713
2022-09-16,424.8505554199219,438.5047060031702,421.510695777504,438.1117866295611,20992324
2022-09-19,417.9252624511719,423.9664840741968,416.5499996614263,423.86824673523967,15236142
2022-09-20,426.5696105957031,435.5086688800904,422.9841725413565,422.9841725413565,17557661
2022-09-21,420.0863342285156,428.28865740137803,417.9743663401063,426.27492685197484,10831068
2022-09-22,424.55584716796875,426.9133932418726,415.0764992397198,417.48317896843247,13600786
2022-09-23,415.6168212890625,424.26116754558655,413.1119040374208,424.26116754558655,13441609
2022-09-26,390.4695739746094,410.5087612094393,386.1965047166806,408.64237175707547,33230938
2022-09-27,391.74658203125,396.8546238341068,383.44605157389105,396.75638649600825,21932747
2022-09-28,392.0412902832031,399.40864090248976,385.90183143379767,387.9155619452721,18114880
2022-09-29,395.1355895996094,405.94103766821274,392.5324649241023,403.73083238145296,20725995
2022-09-30,397.4440002441406,401.0294380918956,385.55800232962406,390.96072592914743,20951277
2022-10-03,390.616943359375,399.35952720225777,388.5049754052031,398.32811005514503,20332430
2022-10-04,400.68560791015625,401.71705491033697,395.7740411792697,398.81921854798424,12761425
2022-10-06,406.7759704589844,410.26317091374943,402.25732298423145,402.3555603163005,12771199
2022-10-07,404.8604736328125,406.6777594714265,401.47151029058,406.08836541865617,10670854
2022-10-10,388.9469909667969,396.26520758893815,386.0982582106275,396.26520758893815,32914630
2022-10-11,386.3929748535156,392.43419615800497,384.3792144334689,389.9784127026983,14641301
2022-10-12,389.536376953125,391.1572180877203,384.18278676999074,387.5717501018111,14287344
2022-10-13,391.9430847167969,396.3634954466856,387.5717776705532,389.5364046616148,12584114
2022-10-14,389.2417297363281,401.96270172767555,388.3085199073427,399.8016000067774,12875470
2022-10-17,389.0943298339844,391.84479526458523,385.5579957247655,387.0314657721213,9543556
2022-10-18,397.1001892089844,399.50686901350247,393.6129886541854,393.907670681021,14215544
2022-10-19,391.9921875,399.75248807913044,390.27313888676986,399.0157529591747,8648435
2022-10-20,391.0589599609375,392.82711204199455,386.14739309375125,389.9784092545915,10747183
2022-10-21,391.00982666015625,395.1355548234642,387.7191008384174,389.97840960824186,10279618
2022-10-24,394.4970703125,398.819243308455,393.0727038809822,398.819243308455,2871205
2022-10-25,397.3948974609375,403.2396745274358,396.068798274839,397.1984527560251,17979661
2022-10-27,400.48919677734375,404.4184504912139,396.85462510088314,401.32413920927974,14614841
2022-10-28,402.6502685546875,403.9272939990936,398.917489515589,400.7838790351383,12488938
2022-10-31,405.4498596191406,408.93706023042796,404.32020519420433,407.02156706931675,9928218
2022-11-01,413.89776611328125,414.9291832146476,405.4989683733956,407.5618325539549,17324893
2022-11-02,414.68359375,417.581430256704,412.7189669597806,415.5676698100336,12433578
2022-11-03,408.887939453125,415.8132367067867,407.16889105902777,411.98222056693504,10987519
2022-11-04,417.8270263671875,418.465524105586,409.52646583452565,410.80349128914975,12277023
2022-11-07,427.3063049316406,429.7620882933167,420.67568985511514,420.67568985511514,15058076
2022-11-09,425.4890441894531,433.3966850642692,424.35938977242967,431.43205825976725,14471443
2022-11-10,404.90960693359375,413.1119000735292,401.96266665016975,413.06279639326954,26251660
2022-11-11,416.00970458984375,417.974331293928,407.3653590830028,412.5716078576963,19296401
2022-11-14,426.02935791015625,429.95861173463425,416.00974866660636,416.5009053946661,17996083
2022-11-15,429.4183044433594,430.74443355248417,426.42226051126283,427.2080992540935,10696024
2022-11-16,423.9173583984375,430.44976683925734,422.0018651529253,429.22187502373896,8206169
2022-11-17,415.6659240722656,419.988097191195,412.1787233687472,414.53626961745175,15621809
2022-11-18,416.3044128417969,418.9075673710312,413.7012882903889,416.50088751571786,9851962
2022-11-21,413.6521911621094,420.0372284539226,412.5716403940833,418.0726015949031,9497812
2022-11-22,417.1885070800781,418.85842184980197,413.0627788672065,413.55393556027093,6407614
2022-11-23,416.54998779296875,421.70713317409485,415.3712296925499,419.300483316265,6568241
2022-11-24,415.9114685058594,417.72875420814995,413.2592404340897,416.99201919190983,6768613
2022-11-25,425.5381774902344,427.4536706363256,416.5008822059559,417.483195607385,18764073
2022-11-28,425.5872802734375,432.56171140447043,424.7523078884149,427.3063287223204,10701208
2022-11-29,425.4890441894531,430.15503285014535,421.95270994578436,424.8505464735552,8630105
2022-11-30,431.6285095214844,433.20021698456736,425.6363916810078,427.306336481376,14727892
2022-12-01,430.4988708496094,435.7542538196082,429.1236380107437,435.1648597521436,8909310
2022-12-02,427.69927978515625,433.34758225010603,427.3063603918558,431.23561428051653,8352658
2022-12-05,421.1668701171875,429.76211236447705,420.2336603963514,427.79748556509657,12857807
2022-12-06,419.54608154296875,423.72091371594104,417.8270330011566,421.2159964254611,8461831
2022-12-07,412.66986083984375,420.43013061973636,411.6875474505453,420.43013061973636,12133315
2022-12-08,409.8211975097656,413.9468961558065,408.0039115688273,413.5539767577781,9539923
2022-12-09,405.9901428222656,413.50486480675994,402.3064673309754,411.8840236083299,9920219
2022-12-12,406.8250732421875,409.5264349901141,400.7838520560256,404.71310550755527,8009229
2022-12-13,411.0981750488281,414.0451153717588,409.870283247607,412.5225415293755,9717894
2022-12-14,410.5087585449219,413.8977517221365,409.96849817305315,413.11188302562454,6314883
2022-12-15,409.33001708984375,415.32210501327506,408.347703662681,411.4419849626783,7542601
2022-12-16,414.14337158203125,420.23369720689976,405.79370695327185,409.9685392676515,50949198
2022-12-19,410.60699462890625,415.3712205382278,408.15121116820706,414.4380108320319,9809103
2022-12-20,403.2396545410156,410.6070051111925,400.7838710176233,410.6070051111925,12341042
2022-12-21,395.4793701171875,407.0706559319073,393.9076627242191,405.30250385095854,11606059
2022-12-22,387.4735412597656,397.54225383424534,383.2987092166887,396.9528597855397,14908929
2022-12-23,371.6582946777344,383.10224021685184,370.3321655429568,383.10224021685184,19902886
2022-12-26,377.9941711425781,383.7898439826574,368.56398681380995,373.52465731962707,16979026
2022-12-27,387.1788024902344,390.4204545451852,381.62873803560325,383.10220806662875,14372461
2022-12-28,384.3792419433594,388.8978898200868,383.495165831741,387.0315002560419,8443917
2022-12-29,379.0747375488281,383.10222851078885,376.27513834491486,382.1199151043509,15627403
2022-12-30,381.0885314941406,385.2633638382257,380.15532168491956,384.08457565582313,9198673
2023-01-02,387.81732177734375,388.9961098589559,384.08454281528225,385.55801292838436,10501357
2023-01-03,386.9332580566406,391.30456485618055,386.04918195612333,388.9961222763991,9431220
2023-01-04,378.7800598144531,387.8173252694942,378.1906657683398,387.8173252694942,16121049
2023-01-05,380.05706787109375,381.8743537494541,375.73489468595807,381.03938132125313,10443908
2023-01-06,375.24371337890625,381.53051305251654,374.2613999930976,379.27120425628686,8715469
2023-01-09,382.5619812011719,385.7544998811889,378.1906744020177,379.5168035415902,14693099
2023-01-10,405.5971984863281,410.3614244909444,392.9253615712214,392.9253615712214,54021379
2023-01-11,410.803466796875,412.5716188866878,406.2356856055122,408.39678702890586,22224361
2023-01-12,404.9587097167969,413.06279547826097,402.79760818927576,412.8663208020039,12479034
2023-01-13,404.22198486328125,408.9862110935658,400.7838877866798,405.69545503896757,10449630
2023-01-16,405.6954345703125,407.5618240364509,400.3909482010358,406.1865912707608,11462140
2023-01-17,407.9547424316406,412.03136701793335,405.20427690679753,405.6954336060785,12337969
2023-01-18,401.1767883300781,408.59327251941477,400.2436085826666,408.544138862503,13310316
2023-01-19,393.6620788574219,400.58737605143193,393.0235811692505,399.31038067508916,13126520
2023-01-20,396.0196533203125,405.2042898866418,394.1041601184536,396.8546257314019,23906114
2023-01-23,401.1767883300781,403.6817054977982,397.836928750944,399.80155555959067,13113183
2023-01-24,414.68359375,416.50087952651813,402.74849199498215,402.74849199498215,30197475
2023-01-25,411.638427734375,419.6934097905317,410.3123285961747,416.25531281155713,22975581
2023-01-27,437.7188415527344,445.3808738105854,427.45365489470043,430.25325398123925,63360467
2023-01-30,435.8033447265625,442.04104096688275,429.9094641803374,437.71886789521636,18316743
2023-01-31,444.1038818359375,446.75610995578745,433.1019600695096,435.8524555000291,25154475
2023-02-01,438.7502746582031,453.33763466184723,429.9094540472462,448.7207496849949,23798589
2023-02-02,436.9330139160156,441.25521711138805,432.90555272242506,438.8485371493206,11344554
2023-02-03,437.5715026855469,442.82685523312216,434.5263252427876,439.094076418014,13067403
2023-02-06,434.18255615234375,439.09412352963267,431.77587614634086,436.58923615834664,6795084
2023-02-07,427.7484130859375,435.55778719639005,425.2434957473248,433.8878722818097,9023645
2023-02-08,432.3161315917969,433.2002076526657,423.9173340689783,427.7483802957863,8668267
2023-02-09,429.025390625,432.9055406652864,425.88197565733805,432.2179092730395,7349418
2023-02-10,437.9644470214844,439.87994021568,423.5735613247099,430.20417695087326,14798390
2023-02-13,433.2492980957031,438.99583728253435,431.137330354307,437.6206045656595,8333767
2023-02-14,432.7581481933594,436.4418233736836,426.7169268931927,434.1825145875482,8565559
2023-02-15,436.29449462890625,437.03122968568516,430.40061417467496,430.7444298634037,9857016
2023-02-16,433.7895812988281,440.3219590799089,432.7090306184046,437.12944069282645,7670688
2023-02-17,432.11968994140625,434.62460727940856,428.2886733996811,428.2886733996811,6955445
2023-02-20,435.1648254394531,437.42413421245567,428.5342101534118,433.98603739747125,9717197
2023-02-21,428.7798156738281,437.3259545752964,427.55192387636583,437.3259545752964,8957930
2023-02-22,421.8544921875,428.14129181134757,420.67570414273,427.60100146673415,7209130
2023-02-23,425.5381774902344,428.7306960448791,419.64429708165954,421.0686335270362,9278920
2023-02-24,420.1845703125,428.9762875153125,419.4478352388954,427.69926206770174,7895024
2023-02-27,410.5578918457031,420.47923306629275,405.74453226998077,420.1845510414967,10438928
2023-02-28,413.2592468261719,417.28670766165294,411.5893021057346,411.5893021057346,9652088
2023-03-01,418.46551513671875,420.4301419683465,414.04510476555623,414.04510476555623,7595114
2023-03-02,413.0137023925781,418.71110841626074,412.1295963045692,418.46553005355327,5661103
2023-03-03,420.43011474609375,422.88589812662,414.48713095635003,415.1256286397219,8027522
2023-03-06,432.3161315917969,433.64226067201304,422.39476029625,423.32797001361627,11307064
2023-03-08,431.5303039550781,433.4458272507739,428.3869187753108,431.23562189935353,7850052
2023-03-09,424.55584716796875,434.2316098041538,423.67174115965815,431.33380337212657,5696737
2023-03-10,428.14129638671875,430.0567895076585,423.1805957879428,425.3416972338408,10417015
2023-03-13,414.9291687011719,429.2709501479026,411.6875465149838,428.38687409510817,8780169
2023-03-14,409.2808837890625,416.6973681573113,406.0883651479968,415.37123903391864,9189043
2023-03-15,404.0746154785156,417.48318714052266,402.84672375163177,414.5362469960013,7681009
2023-03-16,408.3476867675781,411.0981522587045,397.8369215406818,405.9901106576692,11854885
2023-03-17,411.5893249511719,415.9606316822374,407.21801822010633,411.5893249511719,8658701
2023-03-20,403.4852294921875,409.57558456999243,398.3280841365357,408.24945548297393,10075022
2023-03-21,405.2533874511719,406.5795165572622,400.4891913696949,405.54809946242887,7391950
2023-03-22,408.7406311035156,410.99994003944136,406.4321885085661,408.6423937632955,5728054
2023-03-23,411.7366638183594,415.0274197694934,408.64238254227047,408.64238254227047,9817460
2023-03-24,409.133544921875,413.1119023351466,407.4636000943284,411.58932850483944,6877960
2023-03-27,404.7622375488281,411.09817117454867,402.99408536286404,408.6423875952503,7433933
2023-03-28,394.4970703125,407.1689072693463,393.367415889827,406.82509158127374,9553659
2023-03-29,401.962646484375,403.33787921874773,394.4970588120048,394.4970588120048,10478506
2023-03-31,413.3574523925781,414.29066208134236,403.73079339758556,404.07460907122635,11037881
2023-04-03,416.7464904785156,417.43412190001806,412.0805014867114,415.51859863856714,6948329
2023-04-05,419.0057678222656,421.1668692884621,415.6659082654558,416.7464589985541,8821326
2023-04-06,429.9094543457031,431.5302654632719,416.25530405486677,418.9566659100901,10907492
2023-04-10,453.1411437988281,464.928904192237,444.00564148506623,444.05474516224217,50462653
2023-04-11,450.5871887207031,455.54785962140636,447.7384557510514,455.54785962140636,14495222
2023-04-12,457.2668762207031,460.3120536798217,450.09600057185224,451.22565495792804,13552440
2023-04-13,461.1961364746094,463.65191994891507,455.05667778884515,456.72662254250326,12733670
2023-04-17,463.79925537109375,464.6342277378579,457.5615594259824,462.6696009820953,10710167
2023-04-18,464.6342468261719,474.80119670049163,459.8209170723751,466.59887366264616,16140056
2023-04-19,461.097900390625,467.0900180797474,459.5753266235563,464.6342345987813,7368610
2023-04-20,468.3670349121094,471.2157678625325,461.09792147167656,465.32188723875015,14264206
2023-04-21,462.8661193847656,468.26884347361323,458.93686550196736,468.26884347361323,8478118
2023-04-24,466.79534912109375,467.58118786587215,460.01736254161716,462.8660954415486,8020593
2023-04-25,465.17449951171875,467.9740987028982,463.5536883940336,466.7953406072299,6888352
2023-04-26,469.7422790527344,471.0192744793792,464.24131802675305,464.6342373905033,7791425
2023-04-27,473.0821533203125,473.4750726962793,468.07234883771184,470.03697569537275,7085793
2023-04-28,476.3728942871094,479.36893815947576,469.88961986561685,472.88566373798324,9947813
2023-05-02,471.7560119628906,475.43968722548476,466.1568135726171,473.96621712044714,11542592
2023-05-03,475.14501953125,476.52025234187886,469.30024261379356,471.7560261962833,8529233
2023-05-04,472.2962646484375,477.79722561318226,470.28253419549304,475.04676011972265,5650101
2023-05-05,468.6617431640625,476.12733122309584,467.72853341499825,473.13125727671854,4830674
2023-05-08,491.64788818359375,493.4160404256903,469.64407261010336,471.51046219405595,23515333
2023-05-09,494.7421569824219,503.73031894327175,492.6792927673513,493.12134580551896,19818780
2023-05-10,500.48870849609375,503.82859824653406,495.4298001663308,499.0152383042505,12481404
2023-05-11,502.55157470703125,505.05649202956505,496.5594565747574,502.9444940974793,11454020
2023-05-12,506.8245849609375,511.29409871263675,501.2744905507694,504.810854584419,19766717
2023-05-15,521.4610595703125,527.6496821347812,512.2764529955116,514.5848655703727,38270067
2023-05-16,511.93267822265625,526.4709052850758,509.6733093241346,524.5062783859473,16514882
2023-05-17,506.382568359375,514.6831287552326,503.4356280973418,513.2587623041192,13684847
2023-05-18,499.4572448730469,511.6870583183609,498.131115828233,509.62416426836154,12293322
2023-05-19,515.6654052734375,517.0897716226192,495.82266360461915,500.7833340329115,19343560
2023-05-22,513.2587280273438,517.6791381251869,510.1644169765939,515.6654077384104,9978339
2023-05-23,519.1526489257812,521.6084325063194,511.9326691812604,513.2587683324895,12256902
2023-05-24,510.9994201660156,520.2822933783156,509.968003132571,517.8265099864716,7648284
2023-05-25,505.7440185546875,508.83832967687465,500.09574661042393,508.83832967687465,11543712
2023-05-26,509.2803955078125,510.55739093990843,503.14093674230134,505.7931949201326,8360570
2023-05-29,512.227294921875,515.8127025820032,510.50824660443556,515.7144952318371,6596504
2023-05-30,509.6241455078125,514.2410301671091,508.83830683202007,512.2272998242508,5134688
2023-05-31,516.9915771484375,518.1703653260928,507.2667095830104,510.7539104770119,12327284
2023-06-01,525.734130859375,526.7655479131097,513.6025246916222,518.1703058725694,12511265
2023-06-02,526.4218139648438,531.6771670611533,523.3275025437957,527.5023348024746,12294728
2023-06-05,536.5886840820312,539.093571211101,528.3863913373625,529.4669120736198,15008325
2023-06-06,545.920654296875,547.1485460069445,535.7045712868372,539.732092069255,15395092
2023-06-07,557.9049072265625,564.8302047017756,542.3843675058876,548.9167156390474,20855239
2023-06-08,549.8008422851562,566.3527997044567,547.1485840160303,559.9186586878586,21527339
2023-06-09,552.3548583984375,556.431483327022,549.4079179553133,554.4177526820185,9361533
2023-06-12,554.172119140625,558.8381077110446,550.7340222992632,556.9716883006164,7599572
2023-06-13,552.2566528320312,560.9501031853109,550.8322862887488,557.6593769953628,12845897
2023-06-14,560.2133178710938,561.0974239099492,554.0247554660606,555.9893822584935,12713256
2023-06-15,558.3961181640625,564.8302595644917,557.7084867265046,561.686844389697,12475759
2023-06-16,559.72216796875,562.0797441305541,556.0384926882138,559.57485693092,8736313
2023-06-19,556.0385131835938,563.0620782929632,554.2212572938067,560.5571910009998,6280388
2023-06-20,572.9342651367188,573.6218964773483,552.5512629908346,556.0384634150247,18074902
2023-06-21,571.1170043945312,575.5374144596417,564.3390183124358,574.6042047880998,9146332
2023-06-22,559.2800903320312,574.3586364568646,558.1504659357689,573.6710051102942,11229179
2023-06-23,549.7517700195312,561.048375182452,547.8362467181654,559.9186906838969,9362695
2023-06-26,557.806640625,558.9363250181058,547.9344029387456,550.0955044114926,6986621
2023-06-27,562.9638061523438,566.6966451734216,558.3960846486364,559.9186584832055,9404450
2023-06-28,576.274169921875,579.5648957715379,565.3213517229153,568.7594485622379,16720940
2023-06-30,585.0167236328125,588.405716797484,577.6002695774969,577.9440552795089,12488047
2023-07-03,580.3507690429688,591.6473736162459,579.564930281176,589.3880646927213,11131048
2023-07-04,580.9892578125,585.8517210113666,579.0737347395343,583.887094260766,6917886
2023-07-05,577.8458862304688,582.5118751120577,574.6042638407064,581.5295616633022,8715919
2023-07-06,590.173828125,594.2504523677146,578.1404900067866,580.3506949672749,14356681
2023-07-07,607.2661743164062,613.7494189710694,581.7260251406425,589.3880579022409,21066726
2023-07-10,607.7081909179688,623.5725158853556,606.6276102365382,612.9635434702695,23802524
2023-07-11,617.3839721679688,619.2994952899305,611.1463060575221,613.8967715875856,12051173
2023-07-12,610.4586791992188,619.6432855788463,608.3957850696812,618.808343164572,10785502
2023-07-13,609.6729125976562,615.4194227302721,604.6139739672506,613.9459524444055,9689708
2023-07-14,613.84765625,614.9281769876861,608.5431400061846,611.9812368423777,7010179
2023-07-17,607.5608520507812,615.9105161452544,606.2347529121556,615.8123087852279,7580645
2023-07-18,601.2740478515625,609.8692906689877,596.264273163097,609.4272975743305,10359400
2023-07-19,609.6237182617188,614.2406035827674,599.3585904182362,603.140473312608,11128348
2023-07-20,610.6551513671875,612.5706145398019,605.3015313261128,611.637464770847,7834891
2023-07-21,614.6826171875,619.8397625973831,606.7750062168097,610.01662848332,12914610
2023-07-24,618.1207275390625,623.2287693803372,615.1737872409025,616.8437320676572,12247844
2023-07-25,628.1403198242188,631.1363637231359,622.1481720707322,624.7513265804116,13988137
2023-07-26,629.7611083984375,653.6313724241843,627.6982742025682,628.6805876207255,31673714
2023-07-27,632.3151245117188,636.9811129915585,625.4880346395603,635.5567466223722,11696851
2023-07-28,626.0087280273438,636.5522525988939,622.559915513263,636.5522525988939,9299530
2023-07-31,634.8770751953125,636.1087938962744,626.5999616103571,630.8370619131632,7502361
2023-08-01,634.2366333007812,643.3513519141658,632.610740518144,635.5668654738363,8924219
2023-08-02,613.5437622070312,634.8770946768061,607.4344252342894,634.5814942080075,15762687
2023-08-03,609.8978881835938,617.2882009247896,605.1681000577322,613.8886450353357,11458920
2023-08-04,606.005615234375,615.8593650755844,604.3304657328662,615.7115347709597,11806739
2023-08-07,600.5860595703125,609.9471220246487,599.6006845751192,609.9471220246487,9893466
2023-08-08,598.418212890625,605.7592685147933,596.3982062115961,603.5914315318656,8863640
2023-08-09,613.4451904296875,614.8739961993592,596.4967285059454,601.6699472239688,13362350
2023-08-10,609.2080688476562,619.1110751643517,589.2542259133011,613.8885999063322,53116980
2023-08-11,602.8523559570312,615.6129730287056,601.078693153278,610.6860984946622,9347707
2023-08-14,598.4674682617188,603.0494859620642,585.8054238634758,603.0494859620642,14492164
2023-08-16,609.7008056640625,612.2627567096431,588.5644990392044,597.8270484671087,14562074
2023-08-17,604.77392578125,612.9032697937882,602.0641444437373,610.9325197301425,12119293
2023-08-18,606.7939453125,611.0310460098262,601.9656436406707,603.837820154944,11190760
2023-08-21,611.4251708984375,614.18420879502,605.8085215224387,607.9763584920805,9580365
2023-08-22,611.1295776367188,617.3374280128136,609.5529415754381,612.7061535554832,8534395
2023-08-23,604.9217529296875,613.6422978587091,604.1827216596851,613.6422978587091,8248333
2023-08-24,602.0148315429688,609.9470877804313,600.7338561496385,608.9617128405598,7096025
2023-08-25,596.2503662109375,607.6807518702493,584.6229536729858,601.916272249676,16075509
2023-08-28,593.5899047851562,599.6006680330003,592.7522999768402,596.5460296891808,7479254
2023-08-29,598.2704467773438,601.5714289232742,594.7723174632036,594.7723174632036,6956667
2023-08-30,596.6937866210938,603.9363285609072,596.1518424292063,602.2611791239257,5676055
2023-08-31,592.2103881835938,600.7339061803483,590.2888948623147,599.8963013261916,10544271
2023-09-01,602.2611694335938,605.907068704241,593.0971946102192,595.3635449214281,10297492
2023-09-04,600.0933227539062,606.5967731306877,597.1371980112762,606.5967731306877,8392665
2023-09-05,602.2119140625,609.848569789478,599.1572156862011,601.0787088331045,8560651
2023-09-06,601.3250732421875,603.5914236363916,596.7430555914475,602.2119347689485,6520064
2023-09-07,605.9071044921875,607.4836804167979,600.1426247238905,601.965604538145,6520293
2023-09-08,618.076416015625,619.7023086839105,605.2172853912715,608.9124413260001,16190749
2023-09-11,625.5653076171875,626.107311992399,621.2789503356381,625.3682807271306,8780510
2023-09-12,611.7207641601562,629.6546004905819,606.2519451515344,628.6692255289378,12541377
2023-09-13,616.7462158203125,619.3081666771658,610.4890486951853,611.9178544256483,6988358
2023-09-14,615.4652099609375,621.5745470789565,614.1842344706718,618.9140225114703,5722295
2023-09-15,624.97412109375,627.1912149407518,617.9779823446631,619.5053016329827,18917805
2023-09-18,631.280517578125,634.7785867983533,623.8902050808045,626.5999863298221,11108349
2023-09-20,629.1619262695312,637.5376136200261,627.6838637959145,631.329763259339,11777925
2023-09-21,617.8793334960938,632.3151001763908,614.8739520091668,629.1618883939952,9266854
2023-09-22,611.3759155273438,621.5745224659262,609.9471097844828,618.8154845632555,6551917
2023-09-25,609.6515502929688,616.0564880636476,608.8632622881584,614.7261956719179,6390681
2023-09-26,610.7354125976562,616.5491491511044,608.9124929057789,609.6515241553266,6271108
2023-09-27,611.080322265625,612.804728492933,607.7300232527057,610.8832352397151,5960490
2023-09-28,605.1187744140625,614.6769241158594,603.295854688019,613.7901226852915,6768196
2023-09-29,620.9832763671875,623.742314069165,607.9763156092808,609.6514649741458,8969405
2023-10-03,611.3759155273438,623.3975022559611,609.5529357373089,623.3481853931776,6894577
2023-10-04,604.6260986328125,611.7208109275593,599.4036229653319,611.7208109275593,7612709
2023-10-05,610.538330078125,612.2627363398043,605.6607719091033,609.9471291311277,7893892
2023-10-06,613.3466796875,618.1749810934012,610.9324989132908,617.8301239010216,7922379
2023-10-09,608.3212280273438,612.903245802974,604.7246453874826,611.7207837825678,6381189
2023-10-10,621.3281860351562,623.2496792883429,608.567567924781,610.9324919506287,9833429
2023-10-11,624.727783203125,628.4721963736303,623.3482340727977,623.7424081507542,7701931
2023-10-12,627.6346435546875,630.8371124336577,625.7624069222817,627.6839002781677,5928732
2023-10-13,657.3436279296875,659.2158644567504,623.7423650241002,624.6784832876317,28011678
2023-10-16,656.456787109375,667.8871121831687,651.5791692017816,658.7723941262818,20005816
2023-10-17,646.1104125976562,661.0881249291203,645.0757808552318,660.2012633541746,10263992
2023-10-18,658.72314453125,662.4183005402136,644.2381209476099,648.9679086105807,14908778
2023-10-19,659.0187377929688,662.4675500303717,648.9679015297488,653.2543185388859,10633043
2023-10-20,653.5006713867188,666.5076326063078,650.8401470236756,656.9002269538007,11759568
2023-10-23,637.8824462890625,657.4914317423555,635.5668392264059,653.9441059990277,8564004
2023-10-25,628.5214233398438,642.3659902841873,626.7477603580559,640.4937537163173,8229559
2023-10-26,617.3866577148438,626.35360577013,615.0217939401906,625.7130880009976,8889373
2023-10-27,631.6746215820312,634.5322330931685,619.2589208383315,620.786240035312,10232856
2023-10-30,619.3081665039062,634.3843914642812,612.7553989190546,634.3843914642812,12786883
2023-10-31,619.4559936523438,632.6107253323898,618.125701368706,632.6107253323898,11395766
2023-11-01,618.5198974609375,624.5306608838381,617.1403484085422,620.7862479248582,8785264
2023-11-02,627.1419677734375,628.8663741251597,620.8848000688187,622.7570367362682,9934305
2023-11-03,638.0302734375,656.2597098214286,636.7492980444293,652.3182100627413,23087856
2023-11-06,636.6015014648438,643.3020393810116,633.7932067950397,643.3020393810116,10801301
2023-11-07,635.5668334960938,640.395194737798,633.8916840769813,635.5668334960938,6588073
2023-11-08,633.1527099609375,639.5576476201568,632.5122522805267,638.5230158729405,6551864
2023-11-09,639.8532104492188,644.0903709192434,633.3005030074061,634.581478435372,10155047
2023-11-10,641.5283203125,643.4005566902908,634.5814392559795,639.8531709443469,6425792
2023-11-13,643.6962280273438,644.4352592879951,639.8039846927429,643.4498842737933,3279829
2023-11-15,661.728515625,663.6500087478727,646.9478918221521,650.3474473253095,11324434
2023-11-16,670.4491577148438,675.4745460353433,661.0880954430191,664.1427338115557,17501373
2023-11-17,671.5823364257812,677.593160165274,669.6608430980539,672.5184547282657,9563220
2023-11-20,664.4383544921875,676.7062853449274,660.8910285277285,672.0257540666042,8324354
2023-11-21,671.7301635742188,673.3067395501777,665.1281389076686,667.0988889488765,7291057
2023-11-22,671.2374877929688,677.2975081900635,666.1627822911768,673.9472691469798,9279642
2023-11-23,670.0057373046875,675.8687305309161,667.1481257731593,673.208206026134,5885370
2023-11-24,663.84716796875,671.9765119445657,661.4329871231859,671.434567708015,6951690
2023-11-28,687.299072265625,689.2205655714304,664.3891031901042,667.5423152634106,16015860
2023-11-29,701.9318237304688,703.9518904981817,684.1950745760158,692.4722482384329,16122864
2023-11-30,696.0689086914062,706.7602031483909,686.8063598388685,705.8240848905522,24275245
2023-12-01,695.1328125,700.6016317743766,692.718631698153,697.6455067457928,10565415
2023-12-04,695.2805786132812,706.5138777134306,694.4922906387571,705.5285027096462,9348036
2023-12-05,698.5816040039062,704.4445971626071,694.6893608049356,695.5762223438206,9601509
2023-12-06,711.8841552734375,714.1997623834682,698.6308499697676,698.6801066894994,12148825
2023-12-07,711.3914794921875,716.8602986077018,705.5284863273051,714.3968611554417,10451801
2023-12-08,704.0997314453125,716.9588638466361,697.1528493565534,711.4900443360181,8557203
2023-12-11,710.25830078125,715.8749504110516,706.0704569557208,707.3021757279353,6403209
2023-12-12,704.9373168945312,714.1998060433963,702.572392777683,714.1998060433963,6461539
2023-12-13,709.765625,710.8988303461688,703.0650867969422,705.5285243820751,5807736
2023-12-14,709.2236328125,714.1012509298142,708.0904275429418,713.4114764241056,6732352
2023-12-15,721.6886596679688,723.265235579528,710.70170458002,713.3129723349633,12082079
2023-12-18,720.1119995117188,724.004242582345,717.4514751253088,722.1813229867105,5450397
2023-12-19,718.2890625,721.8856448851983,715.3821944472285,721.8856448851983,4511101
2023-12-20,694.9357299804688,722.2798866723624,692.767892916932,720.2598799182216,8107602
2023-12-21,698.4830322265625,701.4884740369354,686.067331505163,692.7186126364519,7702232
2023-12-22,714.1012573242188,720.3091076461544,701.5869830972119,706.3167709547574,12062238
2023-12-26,709.0265502929688,716.8602933623386,706.1196820920685,716.7617799219754,7229143
2023-12-27,730.0643310546875,731.0003891515651,714.5446754531037,717.3529700287654,15052800
2023-12-28,742.874267578125,746.8650244662686,728.2414121315725,731.7887983652154,14906199
2023-12-29,768.543212890625,791.1575802749658,742.9727206231682,743.9580955842068,41170191
2024-01-01,779.0374145507812,787.0189877634376,769.6270957688814,773.5193388655613,12570717
2024-01-02,772.9281616210938,792.241487253348,767.6071126496992,788.7926748088372,13791090
2024-01-03,770.0213012695312,778.4462454416944,764.8973392710319,774.5540021859825,8559060
2024-01-04,784.1121826171875,790.0736895391506,779.7272516912329,786.3292764417413,14298444
2024-01-05,779.38232421875,794.1136916644653,775.5885945977054,787.3145804918232,11091198
2024-01-08,777.5593872070312,788.6448559394105,775.9828112665441,786.7234228064783,7668471
2024-01-09,788.1029052734375,797.3654542399693,781.5501976729535,788.2507355790003,12872757
2024-01-10,796.6264038085938,799.1390979450227,781.0574913641851,788.299973311983,9980044
2024-01-11,803.7211303710938,805.544050035881,796.6264184523662,801.6025500968675,11075167
2024-01-12,804.5094604492188,806.5787239685274,797.3162347124323,806.1846100395026,7664094
2024-01-15,800.56787109375,808.4016137882243,798.4492909446898,808.0074397606043,4835856
2024-01-16,806.874267578125,814.9050976152572,800.5679038755595,800.5679038755595,10159066
2024-01-17,793.768798828125,801.7996289288051,792.241479645868,799.1391044686554,7895439
2024-01-18,807.0714111328125,810.9143978298656,785.3439036195216,795.1976539786122,11500495
2024-01-19,811.5055541992188,813.9197349330318,807.5147975515976,811.8011546652433,5706888
2024-01-23,788.743408203125,815.4963026018946,784.6540780131628,812.835838292056,9436209
2024-01-24,799.0405883789062,800.1244767904586,776.9681649621633,790.6649011218633,7217542
2024-01-25,799.9766235351562,802.2430340184003,788.5955549703357,802.0952037199231,10109720
2024-01-29,828.7003784179688,831.4594164008449,799.1883850177434,799.9766729924912,12823686
2024-01-30,846.289306640625,872.9930056031293,830.5233064180459,830.6711367271397,19734613
2024-01-31,871.2685546875,883.3886547091053,852.5464303824548,852.5464303824548,24562392
2024-02-01,865.6519165039062,886.9853087934789,863.484079527983,886.8374784900577,14505885
2024-02-02,865.8982543945312,882.6496288749944,864.026017895591,873.0422229229641,13003437
2024-02-05,913.2455444335938,936.1062566238589,901.9629885752554,920.3402565122991,38686871
2024-02-06,925.80908203125,927.5334883051094,914.8221867147425,922.705186823814,12714803
2024-02-07,920.1431274414062,930.1939640818101,914.4772214101876,930.1939640818101,7913010
2024-02-08,910.7821044921875,925.9569036161841,905.3625419682626,923.2963790759358,11576253
2024-02-09,901.6181640625,913.8368386488795,892.7990454019093,912.4572895321038,7904881
2024-02-12,898.2677612304688,911.4718093362367,894.7204355430301,902.7019484110234,7286778
2024-02-13,893.6365966796875,905.6581233655387,880.9252353343002,898.267810988573,8574218
2024-02-14,904.869873046875,906.4957658944458,881.2701291795872,886.8375221254936,6570939
2024-02-15,907.0869140625,913.4425946296885,902.9483271715972,910.190869266306,6430799
2024-02-16,924.8729248046875,934.9237615491392,910.5849877084862,911.471849240429,12826164
2024-02-19,918.9606323242188,929.1592988981947,917.433313216767,929.1592988981947,4632214
2024-02-20,912.8020629882812,920.9807232062229,906.939130136222,920.783636187264,4733639
2024-02-21,907.5796508789062,923.4934815218261,903.0962065627721,912.8021264606401,6011018
2024-02-22,918.6650390625,920.1923581819016,901.2238906998659,911.1269569019001,6437014
2024-02-23,923.6905517578125,926.0554156792169,915.8075517347631,919.4533911314097,7047473
2024-02-26,923.2471313476562,931.179388181439,917.0885375104774,923.3949015142377,5600234
2024-02-27,948.6205444335938,950.8868949526455,921.8183318426942,923.0500506185397,12810206
2024-02-28,944.0385131835938,961.7260065831709,936.4018568813196,952.0200868237391,15219187
2024-02-29,936.3032836914062,945.2209149049044,929.1100586296761,944.9745711689375,10346657
2024-03-01,963.1055297851562,966.0616547260039,942.7082556648046,944.9253493704404,10645369
2024-03-04,972.76220703125,980.4481199632627,965.7660084816805,978.7237137221213,6084495
2024-03-05,1006.9547119140625,1050.015550246232,990.6467079491504,1011.9801002340706,59811033
2024-03-06,1002.7669067382812,1015.5767819162468,994.2433888128586,1010.0093890318931,14214823
2024-03-07,1024.100341796875,1031.6876815991081,999.2195615393808,1010.0094304098241,16877082
2024-03-11,1012.9654541015625,1020.7991368825972,1006.0678294141005,1019.6167350501865,7502450
2024-03-12,1001.6336669921875,1021.8338540786016,996.509705068594,1012.7684523782235,8763820
2024-03-13,958.9669189453125,1006.0678298007219,949.4580265655086,1004.0970798892612,16564155
2024-03-14,953.5966186523438,967.6382118487228,941.4272619391544,950.8375807896283,22931801
2024-03-15,932.0169067382812,965.4211428309808,926.2524871254116,954.2371607934411,23390913
2024-03-18,958.2279052734375,960.5435124047964,922.95149324089,932.0168948855834,12121719
2024-03-19,943.742919921875,956.4049647983015,937.6828395270767,954.3849580475414,9483750
2024-03-20,926.6959228515625,951.0346971718724,907.7274542638185,946.8468534576951,13900321
2024-03-21,950.788330078125,955.0746871292047,932.1647191377123,937.0915939745923,11074207
2024-03-22,965.4703979492188,971.7768219081005,936.4510926222424,950.788346763175,13638296
2024-03-26,971.7767944335938,980.4480820250105,961.7259578456385,962.7113328024476,9461531
2024-03-27,964.3372802734375,980.4481376747032,962.4157869700941,977.0978385743855,6640537
2024-03-28,978.2802734375,985.27647191907,964.6821106680269,968.1309231167891,9862996
2024-04-01,977.73828125,995.0808560844031,973.0084935808458,985.3749370118418,8629407
2024-04-02,989.95703125,993.2580134878184,978.8715623494663,984.3896383673915,7995931
2024-04-03,994.3911743164062,999.6136496251422,978.0339137406766,989.3164691675546,8040366
2024-04-04,996.8052978515625,1002.1263467586143,983.552052589072,1001.1409717863837,9138276
2024-04-05,992.37109375,997.692142567365,989.7106294838318,996.8052810502993,4519120
2024-04-08,998.3818969726562,1001.5351087956923,989.3164355348699,995.2779418679071,5188052
2024-04-09,993.7506713867188,1014.4435460511919,990.3018589426399,1006.0678586870004,8539041
2024-04-10,998.677490234375,1006.0678021996023,995.2286779839357,997.4457715735037,4554077
2024-04-12,1003.6044311523438,1013.950868586904,998.6775561835055,999.1702436803894,11575194
2024-04-15,984.1925659179688,992.2233964530137,964.1894648784776,983.502791369879,12632409
2024-04-16,978.2802734375,990.2033468458729,967.7367490656384,975.5212355069935,9574762
2024-04-18,957.1439208984375,988.429575144935,952.1185327772653,981.7782943208765,13540490
2024-04-19,949.1132202148438,953.7937515052146,930.1940080231574,949.9015081931395,15381310
2024-04-22,959.311767578125,964.4357293307862,951.8721987571284,964.4357293307862,7187959
2024-04-23,972.3187866210938,979.9554429132786,959.8045120234614,961.7260053125791,7994116
2024-04-24,977.1470947265625,981.3349382705001,973.5504520965283,977.8861259401986,4671450
2024-04-25,986.606689453125,988.6266961146383,975.0285335469335,977.9846584591526,8366455
2024-04-26,984.88232421875,994.1941301080511,982.0247126277415,993.0609247875607,7937500
2024-04-29,985.9661865234375,991.0408917562278,984.3896106035014,988.380367266634,4764750
2024-04-30,993.1594848632812,1004.5405540653686,982.9115608237511,990.3018733111478,9047011
2024-05-02,1012.7684326171875,1014.9362094164926,996.7560293649466,1005.0824598105072,12695047
2024-05-03,998.5789794921875,1024.9869554814866,981.4334316296049,1022.819178746516,11871773
2024-05-06,1001.3380737304688,1004.8853996263524,990.3018618485291,1000.1556117176686,5724760
2024-05-07,974.0924072265625,1003.0624551833196,967.6874699698149,1001.3380489988106,8877426
2024-05-08,997.2979736328125,1000.1555850757492,962.7113365704502,972.5158294575774,7519352
2024-05-09,1015.2318725585938,1027.9431133540925,992.5681882656127,996.2140876574515,19189798
2024-05-10,1031.3427734375,1034.9886128433905,1015.3304296000825,1021.8338805785805,13383183
2024-05-13,945.7136840820312,993.9478037800484,933.3472394965944,990.3019041442474,58974762
2024-05-14,950.5419921875,953.8429742915233,939.3086934332589,950.9853628115363,16325689
2024-05-15,933.4456787109375,958.7205702518096,931.2778417910309,956.7498203505335,19668239
2024-05-16,922.7052001953125,940.4419506977575,905.5596506526082,939.2594886357574,31240770
2024-05-17,931.869140625,939.45654008101,927.2378661407458,930.1939911125017,13205512
2024-05-21,937.38720703125,942.6589992630537,934.8252561386554,940.0477315074156,10055258
2024-05-22,933.6427612304688,940.9345598870578,928.7651432198121,938.0769484869722,9495279
2024-05-23,948.2755737304688,949.3595222777288,931.2285988605217,936.106216966905,11211074
2024-05-24,946.501953125,956.7498772784065,943.9892588798672,948.4234464215784,9590588
2024-05-27,944.48193359375,952.3156768398542,938.07699612024,950.7883576246744,6916555
2024-05-28,933.6920166015625,947.8321831401776,932.1646974661408,944.9745717442167,6618946
2024-05-29,929.7998046875,936.5989160890772,925.0700168241277,933.1008469475474,8184019
2024-05-30,910.437255859375,937.535068733826,907.530387540703,929.701325347072,10170912
2024-05-31,909.5010986328125,923.5426919757351,906.6434871586501,918.0246161927156,14289102
2024-06-03,936.5496215820312,948.9160650218823,920.340191828077,948.9160650218823,12314329
2024-06-04,890.6804809570312,934.1354941268097,842.8897937575056,934.1354941268097,26554598
2024-06-05,916.3494873046875,920.0939002517737,876.9837442828151,911.4226123368065,13752553
2024-06-06,924.528076171875,932.1647322766787,917.5811945824601,926.2524823890888,11792640
2024-06-07,956.306396484375,958.7698338787192,921.5719292241234,926.2524602733772,15577866
2024-06-10,960.8884887695312,970.4958953541051,954.9269216979086,962.7114085260068,9258931
2024-06-11,978.6854248046875,984.0889782885815,958.4097995945853,965.498812987245,14828702
2024-06-12,980.2717895507812,1001.6380733960245,978.586269182753,986.0223350580019,17527993
2024-06-13,977.446044921875,993.458397592001,972.3895443496557,993.458397592001,12157226
2024-06-14,984.9317626953125,988.7489190744136,973.0340569756906,981.5607218688087,11591421
2024-06-18,977.4956665039062,994.9951718184407,975.6118389503958,991.4754460878007,9845075
2024-06-19,969.0184936523438,986.4189359747157,966.8372961039415,981.5606821299475,7605719
2024-06-20,969.910888671875,979.974389003574,968.0270610532277,971.6459707625223,7299571
2024-06-21,953.60107421875,972.5382915931103,949.9326029565036,970.6544640351068,14303735
2024-06-24,949.883056640625,955.2866100250047,941.9512529247972,952.7087980233047,6655577
2024-06-25,946.8590698242188,954.6421280246833,941.207647566275,951.8164471531414,7304128
2024-06-26,943.7359008789062,954.2951388287739,942.0008188083085,947.8505482808393,6908988
2024-06-27,963.8132934570312,966.5398510370879,939.9683201780524,944.3803981832983,19385412
2024-06-28,981.3128662109375,989.988276748291,964.259475680253,966.6886027336843,23025267
2024-07-01,993.5079956054688,996.9285981246818,976.8016579233964,981.3128592679302,14006105
2024-07-02,972.9348754882812,996.432856444726,970.7536173314002,995.4909426366569,12284132
2024-07-03,967.3330688476562,978.9332834627838,965.2013723760639,976.5537786379532,7346258
2024-07-04,989.6907958984375,995.4413413450688,971.2493164132094,975.6118325533344,12139832
2024-07-05,985.1796264648438,998.0191854089187,981.5111551173109,996.4328488604581,9050375
2024-07-08,994.0532836914062,1007.9339402948003,987.707876981628,996.4328490293608,13312085
2024-07-09,1006.2980346679688,1008.3305472669607,989.591636784374,992.417378166752,10948094
2024-07-10,996.9285888671875,1011.1562377097208,977.6443787995543,1006.3476058679217,13412206
2024-07-11,1012.09814453125,1016.7580913287566,998.4653568610692,999.4072706576173,11983571
2024-07-12,1008.0827026367188,1017.1547275597776,1006.3476205323526,1015.1221543970596,7339644
2024-07-15,1015.7169799804688,1021.021470480752,1008.6279667964805,1012.6434302803982,5847297
2024-07-16,1012.4451904296875,1020.823109656825,1010.5118011792482,1016.7580844757862,4824555
2024-07-18,1015.8162231445312,1018.2452895909671,999.407255995808,1014.2298261118129,8010324
2024-07-19,981.5607299804688,1015.2708964646465,978.239311312237,1015.2708964646465,7400178
2024-07-22,994.5986328125,999.4072645919439,968.225349243519,981.5607062956592,7396198
2024-07-23,993.2601318359375,1000.0517752380681,958.9551041549922,999.3081686220228,10384177
2024-07-24,1018.9392700195312,1025.4334826191441,986.6668167884345,989.2941904180648,11469098
2024-07-25,1081.650146484375,1084.674195166152,1015.6179025019599,1020.22828777511,32766835
2024-07-26,1108.76708984375,1110.948287511759,1074.3628176929772,1102.471123652993,21232845
2024-07-29,1114.41845703125,1130.1829416169073,1109.0644651491766,1114.41845703125,11850624
2024-07-30,1151.94580078125,1168.9496300382175,1109.0644848362517,1116.2031811489771,28592304
2024-07-31,1146.7901611328125,1157.9442605063716,1135.536938415211,1154.0774818509262,10860623
2024-08-01,1134.64453125,1165.9751313210506,1126.8118509748078,1157.051852254818,14375948
2024-08-02,1087.3016357421875,1110.452564556232,1080.7579216212832,1110.452564556232,21967812
2024-08-05,1007.7852172851562,1055.921337516874,1005.4056520369215,1050.9143381618326,26651144
2024-08-06,1005.1082763671875,1051.6085009791702,999.8039067101832,1021.2197530537146,16726393
2024-08-07,1016.559814453125,1031.332701647702,1006.3971307041668,1027.2181754059616,9978703
2024-08-08,1032.8695068359375,1047.394645776842,1018.2452445601227,1026.1274256460497,19529790
2024-08-09,1058.994873046875,1073.718258843932,1043.0817651564107,1046.0065692367034,15443008
2024-08-12,1066.976318359375,1070.6943512572752,1046.006588609274,1055.9213430036748,11311050
2024-08-13,1044.4697265625,1066.3318078550967,1039.2644806385213,1065.6873246299947,7508231
2024-08-14,1053.2939453125,1057.9539526568697,1038.0748209966687,1047.9895757339816,8211830
2024-08-16,1088.987060546875,1090.5733970962497,1060.8787551195123,1062.861706063661,11435650
2024-08-19,1078.4278564453125,1097.5633820694336,1075.7509209984962,1096.4727832218316,6911441
2024-08-20,1077.634765625,1088.6897418659278,1072.8261335646075,1087.648644159263,5625723
2024-08-21,1075.9490966796875,1085.9630954251572,1074.0653901716564,1079.7167517551827,4869876
2024-08-22,1059.3419189453125,1085.4177722535408,1055.8717547956096,1080.708263764658,9377476
2024-08-23,1075.899658203125,1083.2861022330906,1061.8702557351335,1063.8532067262356,10179655
2024-08-26,1083.0877685546875,1093.9443759471033,1073.6191299207858,1079.7167279346238,9415039
2024-08-27,1068.06689453125,1087.3015418552307,1065.836074839725,1083.7322545547333,8813305
2024-08-28,1065.3900146484375,1079.419295724477,1060.9778761893203,1073.718311772255,8145376
2024-08-29,1112.0885009765625,1132.2650028725948,1056.912866078972,1069.8516695587132,40658159
2024-08-30,1101.876220703125,1105.4951303132332,1088.0946876977607,1104.4540326754902,17647545
2024-09-02,1083.335693359375,1095.5803911724167,1078.080824971728,1095.5803911724167,8116675
2024-09-03,1075.8499755859375,1090.622983845792,1072.9746726044007,1088.243418584185,5088731
2024-09-04,1071.2396240234375,1075.7508858275055,1062.9608280481284,1069.802033002653,4665908
2024-09-05,1060.0360107421875,1076.5936024885145,1057.8546921154893,1071.7849707203661,7900593
2024-09-06,1040.40478515625,1063.8035826027071,1031.6302512425439,1059.6890561274406,8717377
2024-09-09,1029.845458984375,1040.999557336361,1017.5016385533957,1040.4046962968644,7206054
2024-09-10,1026.9703369140625,1040.0577646638164,1023.4009284098387,1040.0577646638164,6919238
2024-09-11,967.9774780273438,1002.926987939352,962.9705390649074,991.4754584966872,36140411
2024-09-12,977.7435302734375,979.577735633204,949.8334724054752,967.9774608714181,25675836
2024-09-13,983.6427612304688,997.4242940722011,979.5777361265751,986.4189408783418,13203676
2024-09-16,979.974365234375,991.3763329820753,976.1075867487764,988.5010299527984,5836274
2024-09-17,966.6390380859375,986.5181094959233,951.8164674533532,986.5181094959233,44516613
2024-09-18,953.8489379882812,975.3144055386201,948.9907446257166,969.8612906012448,12044431
2024-09-19,958.7567749023438,970.6049188151223,948.1975369914257,962.1278156901574,13466770
2024-09-20,962.5739135742188,969.1672495031247,941.1085064542414,958.7567573089735,16764981
2024-09-23,963.515869140625,970.8528119730387,957.8148850727606,965.2013895767051,10254297
2024-09-24,968.9689331054688,976.603306078291,964.3089864455753,965.6970762642187,12755422
2024-09-25,955.3857421875,974.1246528451213,951.0728480831375,974.0255295037022,12959075
2024-09-26,984.6838989257812,986.468542689995,957.3687009911301,962.5243855993061,21640021
2024-09-27,984.53515625,991.8720990422989,980.7179998400708,987.5095827039274,10360030
2024-09-30,966.3416137695312,988.4515051675777,963.5158723046544,984.5351648659944,12225895
2024-10-01,956.9721069335938,976.1075708254739,950.7258237636345,968.5723816862942,10085203
2024-10-03,917.808837890625,942.0504247915962,917.1147929713505,930.9954492974034,24418517
2024-10-04,922.8157958984375,941.108530466439,912.1574345705748,922.072189294168,19187758
2024-10-07,919.9404907226562,936.3990198351665,907.2000551378665,933.9698928304592,11772546
2024-10-08,911.9591064453125,916.9164836933462,886.2303064250457,908.1915118397786,21177886
2024-10-09,931.1442260742188,940.364935983039,917.6105614961272,918.8994675238356,11557737
2024-10-10,920.5849609375,935.5562161178312,904.5726081164345,925.7902070817347,13249851
2024-10-11,922.7662353515625,929.012518732061,920.5849772067435,924.0551413642272,4459529
2024-10-14,920.3370971679688,931.986933840981,917.4617941235792,922.0721792256514,5740649
2024-10-15,909.4804077148438,927.376527278406,905.2170754318821,924.9970225347071,9058919
2024-10-16,899.7144165039062,915.1318477734998,892.3279122385155,909.2325566951732,10298258
2024-10-17,883.99951171875,907.1505004321546,882.4627368312744,907.1505004321546,13864583
2024-10-18,902.3914184570312,909.8770461129953,879.2404300459751,886.6764960316732,11527914
2024-10-21,895.5997924804688,909.8275019829782,890.4441078613514,904.2752029643668,7390557
2024-10-22,872.002685546875,898.3759091357537,867.7889147525893,897.2853103125889,13617490
2024-10-23,870.16845703125,878.0506384842987,855.9407479472611,871.5069246891634,10553771
2024-10-24,872.4984130859375,882.4131677800959,867.7889046062123,867.7889046062123,7233484
2024-10-25,856.9322509765625,878.1994122673816,849.9919225702721,876.3652068230922,10873022
2024-10-28,870.9616088867188,879.1908429028263,852.8671821791049,860.4519329558474,7106045
2024-10-29,835.56591796875,874.9770662799428,818.6612740036501,872.746246564215,26818871
2024-10-30,833.0377197265625,846.3234549984074,830.9060232147494,838.7882654719797,12933218
2024-10-31,826.9401245117188,836.6565722598632,824.7588663197203,836.6565722598632,11904413
2024-11-01,836.260009765625,840.7216494472682,832.8394072400596,840.7216494472682,2900548
2024-11-04,817.0748901367188,837.2514517543018,807.5567500692857,832.8393739204421,15514419
2024-11-05,828.5264892578125,836.4086707234603,813.4064885493328,814.4970873453123,10215249
2024-11-06,832.5419311523438,836.706140063708,818.9587056505674,836.706140063708,10579596
2024-11-07,812.7620239257812,835.565959943217,810.3328968992126,833.8308778549339,13237161
2024-11-08,798.5839233398438,814.9928301405532,794.2709687692351,814.9432684704022,16072692
2024-11-11,797.84033203125,824.3623011602191,785.2485813137766,794.1718606468877,27587619
2024-11-12,778.1594848632812,806.1686664026907,776.3748411513526,799.1292148943049,16526921
2024-11-13,779.547607421875,785.8930747915717,768.9388075295049,780.2912140426272,14674022
2024-11-14,767.699462890625,785.248591237155,765.4190813574288,779.8945993636842,11740909
2024-11-18,765.3199462890625,775.085955549265,752.7281956053731,771.3679225037777,17053446
2024-11-19,776.5236206054688,793.0812734923937,765.3199596031319,765.3199596031319,14012014
2024-11-21,767.2532348632812,779.2501238371019,759.718045825151,778.2586484102502,14194678
2024-11-22,784.257080078125,787.2315064248182,768.3934728957609,768.3934728957609,14535112
2024-11-25,789.809326171875,803.2934287187248,786.8845219806813,801.161732276637,15194167
2024-11-26,776.3253173828125,794.9650447010366,773.4996364105441,790.3547199297111,10310838
2024-11-27,777.2672119140625,785.1494540553,772.458519544066,778.3578107322808,10014685
2024-11-28,772.8055419921875,785.7938460196764,771.3678905045994,776.3252676929322,10939142
2024-11-29,779.7459106445312,782.6707754408694,770.4260168393869,772.8551438910868,10358590
2024-12-02,783.315185546875,789.9580833206958,778.3082465098792,780.5886279954074,8425826
2024-12-03,794.4197387695312,799.1292473613007,783.2656394732352,788.2230169382557,9874135
2024-12-04,781.3817749023438,799.1292095943148,777.366311448421,798.1377341481681,12392259
2024-12-05,785.7938842773438,790.7017000357101,774.3423545177299,786.2400603489882,12169428
2024-12-06,809.837158203125,811.8696708297409,778.6056806509188,786.2400539333191,19716910
2024-12-09,791.9410400390625,813.3568862116393,790.2059579482101,809.8371603588823,15573233
2024-12-10,793.0812377929688,803.5412917024274,790.6521108340297,797.9394311959878,13113082
2024-12-11,792.2880249023438,800.0711436608908,791.3957332870984,796.055680105136,7763357
2024-12-12,779.646728515625,795.1633441631574,778.8039985538156,792.387224889999,10602758
2024-12-13,783.5630493164062,785.7443074463587,768.3934867771962,782.2741433125262,14101869
2024-12-16,778.1099243164062,787.1819489278511,776.3252806019025,784.6536986227325,10015361
2024-12-17,773.1029663085938,789.561434235671,771.3678843066186,778.8039500293688,10270253
2024-12-18,749.2579956054688,767.6498527548081,747.5724752691318,767.4019838969602,19085263
2024-12-19,737.7073364257812,749.3571735942684,735.0799626498908,738.1039508332066,17119599
2024-12-20,717.8778076171875,743.1604323017591,715.3495572517025,737.9551860431709,17962656
2024-12-23,716.0435791015625,728.1395916440009,711.5819395952018,727.4455467289285,9653868
2024-12-24,729.8250732421875,738.946659718917,716.3410309825773,717.3325064579857,12553555
2024-12-26,734.4849853515625,741.4253133512678,729.2797393517834,729.825038734503,9343210
2024-12-27,744.1023559570312,760.3129560280986,739.3432857034496,742.6151427206082,15835079
2024-12-30,727.39599609375,748.4648496378321,724.471131381129,747.4733741769342,17441198
2024-12-31,733.840576171875,737.0628713740492,726.5036336594424,727.3959857675264,7092699
2025-01-01,742.8629760742188,744.6971814388289,729.7259264472806,734.1380042740165,7792251
2025-01-02,758.5283203125,760.8087018629562,742.9621428361233,752.8273361789284,15294572
2025-01-03,783.6622314453125,793.7752327725966,754.9590046414553,761.4531568317751,24773025
2025-01-06,769.6328125,790.899972851764,758.7761442979945,790.899972851764,16948151
2025-01-07,786.4879150390625,790.1563863738587,765.9147990768053,769.3849632150174,15547971
2025-01-08,788.1734008789062,790.2059133963394,774.9867898348623,785.8433973222109,11861066
2025-01-09,773.4500122070312,803.0951538193957,762.8908344564712,793.1803988339711,17948464
2025-01-10,768.0465087890625,781.2331206387856,760.2633899216,773.4004401000371,11144005
2025-01-13,744.5980834960938,766.9558434075516,742.4168253429333,762.4446420885433,12230175
2025-01-14,763.9318237304688,772.3593649396952,745.0937904392566,745.0937904392566,11377053
2025-01-15,757.0906372070312,778.3082362613743,749.6050095854511,764.4275798184964,10500910
2025-01-16,767.7490234375,774.3423596687935,760.8086949897644,763.3370059076145,8680163
2025-01-17,773.1029663085938,778.8039500293688,765.6669005858436,767.3028592507917,7007239
2025-01-20,767.7490234375,776.3253106538609,760.4617027733223,773.3508841762599,9956101
2025-01-21,754.2649536132812,779.9441921453295,751.9350104962001,768.3934788699218,11657178
2025-01-22,736.4183959960938,758.9249009824198,724.76855937145,757.6359949907503,12418474
2025-01-23,746.0852661132812,753.2239013604598,733.4935159642782,736.4183806055012,7916689
2025-01-24,727.8421020507812,747.7212331917888,725.9583350088074,743.656147546744,9513166
2025-01-27,706.9715576171875,726.7019432808565,703.2535246791739,726.7019432808565,14123990
2025-01-28,722.0419921875,734.5345585775916,701.4688767218074,710.3921557189753,16104653
2025-01-29,746.0852661132812,748.5639547050198,720.3564664280642,725.264281942678,12461404
2025-01-30,690.90966796875,704.6416397539092,677.3760638985542,702.9561193253331,59390998
2025-01-31,709.9955444335938,710.887896543148,690.5130881803434,699.981666610129,19157717
2025-02-01,700.5269775390625,718.5718431010749,694.9251774719576,713.3665969109671,14087493
2025-02-03,681.58984375,694.0328491569122,680.152192173774,694.0328491569122,17806760
2025-02-04,704.4928588867188,707.2689780043103,687.8360836663117,690.3643339249243,16792005
2025-02-05,710.9374389648438,719.2658567123384,704.6415942435423,704.9390247670548,12907325
2025-02-06,703.6005859375,717.2333735423882,702.1133727442394,716.8367591515748,10016927
2025-02-07,700.7252807617188,709.8468670889677,697.1063711298389,704.939051463151,12259132
2025-02-10,690.06689453125,703.8484271193545,687.1420299299061,703.6996815999349,10981963
2025-02-11,671.9724731445312,691.0583751851542,669.3450390472816,690.0668997544725,11939990
2025-02-12,678.5162353515625,681.6889690598305,661.3637212759057,674.2033411253087,12312424
2025-02-13,678.0204467773438,687.2412166634488,673.5588073543347,678.5161844910115,8490769
2025-02-14,674.8477783203125,685.0599631869699,663.44581082995,680.1025860172471,9968127
2025-02-17,680.7470092773438,684.8120948686376,661.3636766314102,672.2203447446382,10313575
2025-02-18,676.5828857421875,682.085562504289,666.4202621625473,680.7470343092738,7810143
2025-02-19,675.1947631835938,685.0599557471772,669.2954723127186,675.9383697509766,9986815
2025-02-20,683.9197387695312,686.9437267247812,669.245914524412,674.2032916690373,8673335
2025-02-21,667.4613037109375,684.1180796338326,665.3791688987877,680.1521777229118,14577524
2025-02-24,662.553466796875,670.8322625651236,660.3226470433502,664.2885488273944,8861769
2025-02-25,655.9601440429688,666.7672508273788,654.3738075034498,662.0577423642858,10251257
2025-02-27,643.0214233398438,659.3312074157317,640.1461806991284,656.3567809161118,12281857
2025-02-28,615.3592529296875,639.5016555656409,613.1779948697479,639.5016555656409,20477619
2025-03-03,615.85498046875,621.506341942879,601.1315341936396,615.3592427594505,18362700
2025-03-04,613.921630859375,623.7868240131002,607.7744707649789,608.2206468350705,11878225
2025-03-05,635.3374633789062,636.1306316448256,613.3266960392026,613.7233104295921,12373061
2025-03-06,634.1973266601562,650.3583651786231,630.181802480363,647.6813692303816,16991501
2025-03-07,642.7735595703125,645.9462932980798,629.5869474202314,634.5443249589733,10123450
2025-03-10,642.6248168945312,648.672792743206,637.8656864724546,642.7735018984355,10309166
2025-03-11,642.525634765625,645.5992448810244,633.0074949256787,634.5442697259498,9534750
2025-03-12,662.60302734375,666.1723752522585,646.6898585652017,648.9206783149474,18732785
2025-03-13,649.9121704101562,666.1227701343511,644.0624409327859,664.9330479825593,14004345
2025-03-17,655.4148559570312,660.7688477713624,651.8455684240512,659.3807578891696,9174398
2025-03-18,655.4148559570312,655.4148559570312,655.4148559570312,655.4148559570312,0
2025-03-19,676.4341430664062,679.9043072301768,672.7656717045911,679.5573150197439,9338414
2025-03-20,684.1676025390625,686.7950366121185,673.2118112338832,679.1606637631958,9712600
2025-03-21,696.9577026367188,698.9902152731934,682.6804314805133,687.0925094813092,14823483
2025-03-24,707.417724609375,711.3836263591122,696.0653187477806,703.947560578355,11671359
2025-03-25,704.2449951171875,716.8863070164654,700.3286550140474,712.8708435749605,13617465
2025-03-26,702.2125244140625,711.7306650289789,700.9731800363462,704.2450370905449,9363180
2025-03-27,662.8508911132812,670.8322562758707,655.464387006778,662.3055917260593,34238666
2025-03-28,668.7006225585938,679.1111146777783,663.5944998370503,666.1227501058806,16013687
2025-04-01,666.1227416992188,676.0374959733151,660.074765797963,664.8338357465577,9594669
2025-04-02,666.17236328125,669.5929050908401,656.4558556895187,669.1963512291487,8025225
2025-04-03,648.3753662109375,663.297059252587,646.9377147418729,654.3737804285612,13473832
2025-04-04,608.6171875,644.4590496193915,604.8000311812751,644.4590496193915,26621179
2025-04-07,574.8079223632812,577.038742243087,531.1830002693022,555.7220189471655,49463598
2025-04-08,583.830322265625,601.4290123392776,579.2199975129937,586.160325992744,20987855
2025-04-09,577.9310913085938,589.8287972705629,576.0968253305398,582.9875921364859,17483412
2025-04-11,589.9774780273438,607.5761679690513,585.9620143971376,604.8000487009374,21055814
2025-04-15,616.8960571289062,622.9440333643926,607.4274783768517,608.7659460718796,19722072
2025-04-16,610.7984619140625,619.6721796293267,608.3693348669433,619.6721796293267,12318376
2025-04-17,616.2515869140625,621.655140509502,603.0649748244092,610.7984716464354,14342652
2025-04-21,624.6790771484375,630.3304991533739,614.9130684536163,619.2755239988504,12785568
2025-04-22,625.4722900390625,628.5459003737534,620.8619653093184,624.877428949696,10292748
2025-04-23,654.274658203125,655.8609946797028,627.9509372156591,630.52880963367,23390570
2025-04-24,662.652587890625,665.2800220195966,654.4729154887447,654.4729154887447,15172229
2025-04-25,649.664306640625,667.262996366487,645.9462735999499,662.6526111901056,13207043
2025-04-28,662.454345703125,663.8919366928257,646.9872923840232,648.7223744204224,10243493
2025-04-29,659.926025390625,677.0785988295858,655.960123650261,665.7261929948222,13754685
2025-04-30,638.758056640625,661.3141230567278,635.6348847770673,661.3141230567278,19485917
2025-05-02,643.5667114257812,655.7122860852922,630.1322307421106,635.5357842242122,11488717
2025-05-05,655.9105834960938,660.9671446898337,650.2591612277304,657.2986733566953,8868484
2025-05-06,642.6743774414062,657.5465086973095,639.9973817123722,655.9105500532173,12718175
2025-05-07,674.500732421875,676.6819905015551,635.6845050998219,636.527235021243,30390515
2025-05-08,677.0289916992188,698.494459552152,671.4271916753173,694.032819995041,29315465
2025-05-09,702.4603881835938,704.9390769210095,660.3226796475278,661.8098928899772,40183276
2025-05-12,714.655517578125,725.7600551145438,705.1373771268295,721.7941531740272,20133616
2025-05-13,701.6671752929688,719.8111635946559,697.2550975178261,714.6554792455518,16125700
2025-05-14,692.9917602539062,701.9646007452061,680.152141400016,684.1180430991416,31505402
2025-05-15,721.8932495117188,723.5787698763579,690.2156573587393,692.7934693176989,28634074
2025-05-16,724.4711303710938,735.6747909606493,719.365007548644,723.7770854464609,20631512
2025-05-19,723.2813720703125,731.8080371033051,721.7941588309629,725.7600608025616,10460217
2025-05-20,712.771728515625,731.461016628832,710.8879009459472,723.7770818557063,14472506
2025-05-21,720.6043701171875,723.2813660286276,711.8793979555238,712.8708734401415,8998596
2025-05-22,711.3341064453125,718.819734334374,704.5920851779763,718.819734334374,10046820
2025-05-23,712.1272583007812,715.6469841260622,708.9049630143523,712.6229960371548,7915166
2025-05-26,722.7855834960938,731.7088623046875,715.052087298284,715.8452555338542,13017400
2025-05-27,710.3425903320312,723.1325871854511,709.1032460333554,722.7855949877653,12223125
2025-05-28,711.829833984375,715.8452975811308,710.0947518918999,713.8623466183021,7568961
2025-05-29,718.2744140625,722.4881847966128,713.8623361320452,718.3239757328705,8838921
2025-05-30,713.3665771484375,722.3394177531703,706.4262490872296,718.2743926661204,14533919
2025-06-02,705.533935546875,712.8708783899344,701.3697868944558,710.8879274069304,9712446
2025-06-03,697.8499755859375,712.226369699715,696.3132007319193,708.904951127648,9161608
2025-06-04,709.1500244140625,715.4500122070312,698.4000244140625,701.7999877929688,11287991
2025-06-05,710.1500244140625,714.4500122070312,704.0,712.7999877929688,10203331
2025-06-06,711.0,715.9000244140625,701.2000122070312,710.0,11975812
2025-06-09,717.7999877929688,726.0,713.0999755859375,715.0,9900412
2025-06-10,732.25,734.75,715.3499755859375,721.0,19151889
2025-06-11,736.4000244140625,744.0,730.1500244140625,734.9500122070312,12626754
2025-06-12,715.3499755859375,737.7000122070312,711.25,737.0,12585149
2025-06-13,712.0499877929688,714.9500122070312,698.2999877929688,700.0,10516625
2025-06-16,686.6500244140625,714.0,672.9500122070312,711.0,31246328
2025-06-17,674.75,686.1500244140625,672.0,686.0999755859375,17112867
2025-06-18,670.25,679.3499755859375,668.0,671.8499755859375,12556088
2025-06-19,672.2999877929688,676.2999877929688,666.6500244140625,670.25,10895470
2025-06-20,676.2000122070312,678.7999877929688,670.0999755859375,673.4000244140625,11393470
2025-06-23,671.25,676.0,666.0999755859375,670.0,10265601
2025-06-24,673.6500244140625,686.5,672.0,678.0,15359947
2025-06-25,674.5,679.0,673.4500122070312,676.0,10456015
2025-06-26,682.75,683.7000122070312,674.4500122070312,677.0,10104914
2025-06-27,686.9000244140625,691.4500122070312,683.0,685.0,7198028
2025-06-30,688.0,691.9000244140625,685.0,688.9000244140625,6960104
2025-07-01,683.7999877929688,693.8499755859375,680.4000244140625,691.0999755859375,6866073
2025-07-02,688.5499877929688,692.4500122070312,680.6500244140625,683.7999877929688,8034013
2025-07-03,690.4000244140625,696.9500122070312,688.5,693.8499755859375,9668110
2025-07-04,689.0499877929688,692.8499755859375,686.3499755859375,691.0,4942900
2025-07-07,688.8499755859375,691.9500122070312,683.3499755859375,689.0499877929688,5428220
2025-07-08,693.2000122070312,696.9500122070312,687.5,693.0,7615926
2025-07-09,692.7999877929688,695.5,688.5,688.9500122070312,5478813
2025-07-10,695.5999755859375,696.75,685.0,692.0,7733963
2025-07-11,681.7999877929688,698.4000244140625,677.0499877929688,692.9500122070312,8280654
2025-07-14,674.5,681.0,672.0,681.0,7748550
2025-07-15,684.4000244140625,685.9500122070312,674.2999877929688,676.0,7041706
2025-07-16,679.0,684.4000244140625,676.3499755859375,684.4000244140625,6244205
2025-07-17,681.7000122070312,686.9000244140625,678.1500244140625,679.0,6598144
2025-07-18,680.25,686.0,678.0,683.2000122070312,5558670
2025-07-21,687.4500122070312,688.5,671.25,680.5,6731863
2025-07-22,673.4000244140625,688.8499755859375,672.3499755859375,688.0,7749518
2025-07-23,690.0999755859375,693.0999755859375,676.25,676.7000122070312,14460727
2025-07-24,700.5,706.5,692.2999877929688,692.7000122070312,15197664
2025-07-25,687.4000244140625,702.4500122070312,684.7000122070312,701.0,7271718
2025-07-28,682.9000244140625,700.5,681.4000244140625,690.7000122070312,7788718
2025-07-29,692.3499755859375,694.0,680.5999755859375,681.9000244140625,6239871
2025-07-30,668.4500122070312,690.0,665.25,690.0,18923129
2025-07-31,665.9500122070312,673.4000244140625,652.3499755859375,659.8499755859375,18723710
2025-08-01,648.8499755859375,667.9500122070312,647.0,667.9500122070312,12546169
2025-08-04,653.5999755859375,656.7999877929688,646.0,650.0499877929688,8033881
2025-08-05,654.5999755859375,658.9000244140625,650.5499877929688,655.9500122070312,6714804
2025-08-06,652.8499755859375,658.0,650.4000244140625,655.0,6410830
2025-08-07,646.5,651.7000122070312,635.5,650.0,13609913
2025-08-08,633.7000122070312,652.9500122070312,630.0,647.9500122070312,10144452
2025-08-11,653.75,655.0,627.0999755859375,636.2000122070312,17275390
2025-08-12,654.0999755859375,660.9500122070312,650.7999877929688,651.0999755859375,11212223
2025-08-13,663.75,667.0,656.6500244140625,657.2000122070312,7557556
2025-08-14,664.5999755859375,666.5499877929688,657.7000122070312,666.0,6250494
2025-08-18,676.0,685.0,672.9000244140625,677.0,14226172
2025-08-19,700.25,703.3499755859375,673.0999755859375,676.75,19440384
2025-08-20,689.5999755859375,700.7999877929688,689.0,700.25,10050137
2025-08-21,685.4000244140625,694.9500122070312,685.0,694.0,8432614
2025-08-22,680.2999877929688,691.5,678.5999755859375,685.9000244140625,6429718
2025-08-25,686.7999877929688,688.9000244140625,680.2999877929688,683.75,6429311
2025-08-26,681.6500244140625,686.9500122070312,678.2999877929688,686.7999877929688,7496633
2025-08-27,681.6500244140625,681.6500244140625,681.6500244140625,681.6500244140625,0
2025-08-28,675.4500122070312,680.9000244140625,667.7999877929688,679.9000244140625,9466045
2025-08-29,669.0,681.1500244140625,668.0,675.4500122070312,8201917
2025-09-01,690.1500244140625,691.5,670.5499877929688,671.2999877929688,7644947
2025-09-02,684.4000244140625,694.6500244140625,681.6500244140625,690.1500244140625,7854694
2025-09-03,692.0499877929688,693.4500122070312,685.0,688.0,6094892
2025-09-04,687.5,706.3499755859375,685.7000122070312,705.9000244140625,13439418
2025-09-05,691.7000122070312,697.3499755859375,683.0999755859375,690.9000244140625,6692975
2025-09-08,719.5,722.0,694.0499877929688,695.0,20531027
2025-09-09,715.5499877929688,722.25,713.5,721.1500244140625,9409853
2025-09-10,709.0999755859375,720.0,702.7000122070312,717.6500244140625,10363493
2025-09-11,705.8499755859375,712.0,704.5499877929688,710.2000122070312,5530633
2025-09-12,715.25,718.9000244140625,707.3499755859375,708.0,8252416
2025-09-15,712.9000244140625,721.9500122070312,711.5499877929688,715.2999877929688,6007524
2025-09-16,713.25,719.7000122070312,705.0,715.0,9765743
2025-09-17,719.1500244140625,722.9500122070312,714.2999877929688,715.0,11872451
2025-09-18,711.2000122070312,725.25,707.5999755859375,722.0,12199357
2025-09-19,707.4500122070312,713.5,704.9500122070312,713.5,12127319
2025-09-22,696.25,712.0,694.8499755859375,709.0,9688597
2025-09-23,701.3499755859375,707.7999877929688,697.0,701.7999877929688,11904667
2025-09-24,682.9500122070312,703.2999877929688,681.2999877929688,700.5,13252215
2025-09-25,664.2999877929688,675.0,655.2999877929688,669.9000244140625,24687611
2025-09-26,672.9000244140625,680.3499755859375,662.3499755859375,666.0,15780434
2025-09-29,672.5,685.0,670.0,684.0,13014474
2025-09-30,680.2000122070312,683.5,666.6500244140625,672.0,15001606
2025-10-01,718.3499755859375,720.0,679.2000122070312,681.0,30163206
2025-10-02,718.3499755859375,718.3499755859375,718.3499755859375,718.3499755859375,0
2025-10-03,716.0999755859375,739.7000122070312,715.0,718.5,27786917
2025-10-06,712.6500244140625,718.5,703.9500122070312,718.0,10329761
